[INFO] Scanning for projects...
[INFO] Downloading from central: https://repo.maven.apache.org/maven2/org/springframework/boot/spring-boot-starter-parent/4.1.0/spring-boot-starter-parent-4.1.0.pom
[INFO] Downloaded from central: https://repo.maven.apache.org/maven2/org/springframework/boot/spring-boot-starter-parent/4.1.0/spring-boot-starter-parent-4.1.0.pom (14 kB at 39 kB/s)
[INFO] Downloading from central: https://repo.maven.apache.org/maven2/org/springframework/boot/spring-boot-dependencies/4.1.0/spring-boot-dependencies-4.1.0.pom
[INFO] Downloaded from central: https://repo.maven.apache.org/maven2/org/springframework/boot/spring-boot-dependencies/4.1.0/spring-boot-dependencies-4.1.0.pom (142 kB at 2.5 MB/s)
[INFO] Downloading from central: https://repo.maven.apache.org/maven2/org/graalvm/buildtools/native-maven-plugin/1.1.1/native-maven-plugin-1.1.1.pom
[INFO] Downloaded from central: https://repo.maven.apache.org/maven2/org/graalvm/buildtools/native-maven-plugin/1.1.1/native-maven-plugin-1.1.1.pom (2.7 kB at 78 kB/s)
[INFO] Downloading from central: https://repo.maven.apache.org/maven2/org/graalvm/buildtools/utils/1.1.1/utils-1.1.1.pom
[INFO] Downloaded from central: https://repo.maven.apache.org/maven2/org/graalvm/buildtools/utils/1.1.1/utils-1.1.1.pom (1.9 kB at 60 kB/s)
[INFO] Downloading from central: https://repo.maven.apache.org/maven2/com/github/openjson/openjson/1.0.13/openjson-1.0.13.pom
[INFO] Downloaded from central: https://repo.maven.apache.org/maven2/com/github/openjson/openjson/1.0.13/openjson-1.0.13.pom (9.4 kB at 255 kB/s)
[INFO] Downloading from central: https://repo.maven.apache.org/maven2/org/graalvm/buildtools/graalvm-reachability-metadata/1.1.1/graalvm-reachability-metadata-1.1.1.pom
[INFO] Downloaded from central: https://repo.maven.apache.org/maven2/org/graalvm/buildtools/graalvm-reachability-metadata/1.1.1/graalvm-reachability-metadata-1.1.1.pom (2.1 kB at 64 kB/s)
[INFO] Downloading from central: https://repo.maven.apache.org/maven2/org/cyclonedx/cyclonedx-maven-plugin/2.9.1/cyclonedx-maven-plugin-2.9.1.pom
[INFO] Downloaded from central: https://repo.maven.apache.org/maven2/org/cyclonedx/cyclonedx-maven-plugin/2.9.1/cyclonedx-maven-plugin-2.9.1.pom (19 kB at 595 kB/s)
[INFO] Downloading from central: https://repo.maven.apache.org/maven2/org/junit/junit-bom/5.11.2/junit-bom-5.11.2.pom
[INFO] Downloaded from central: https://repo.maven.apache.org/maven2/org/junit/junit-bom/5.11.2/junit-bom-5.11.2.pom (5.6 kB at 171 kB/s)
[INFO] Downloading from central: https://repo.maven.apache.org/maven2/org/cyclonedx/cyclonedx-core-java/9.0.5/cyclonedx-core-java-9.0.5.pom
[INFO] Downloaded from central: https://repo.maven.apache.org/maven2/org/cyclonedx/cyclonedx-core-java/9.0.5/cyclonedx-core-java-9.0.5.pom (14 kB at 421 kB/s)
[INFO] Downloading from central: https://repo.maven.apache.org/maven2/commons-codec/commons-codec/1.17.1/commons-codec-1.17.1.pom
[INFO] Downloaded from central: https://repo.maven.apache.org/maven2/commons-codec/commons-codec/1.17.1/commons-codec-1.17.1.pom (18 kB at 635 kB/s)
[INFO] Downloading from central: https://repo.maven.apache.org/maven2/org/apache/commons/commons-parent/71/commons-parent-71.pom
[INFO] Downloaded from central: https://repo.maven.apache.org/maven2/org/apache/commons/commons-parent/71/commons-parent-71.pom (78 kB at 1.9 MB/s)
[INFO] Downloading from central: https://repo.maven.apache.org/maven2/org/apache/apache/32/apache-32.pom
[INFO] Downloaded from central: https://repo.maven.apache.org/maven2/org/apache/apache/32/apache-32.pom (24 kB at 691 kB/s)
[INFO] Downloading from central: https://repo.maven.apache.org/maven2/org/junit/junit-bom/5.11.0-M2/junit-bom-5.11.0-M2.pom
[INFO] Downloaded from central: https://repo.maven.apache.org/maven2/org/junit/junit-bom/5.11.0-M2/junit-bom-5.11.0-M2.pom (5.7 kB at 197 kB/s)
[INFO] Downloading from central: https://repo.maven.apache.org/maven2/commons-io/commons-io/2.16.1/commons-io-2.16.1.pom
[INFO] Downloaded from central: https://repo.maven.apache.org/maven2/commons-io/commons-io/2.16.1/commons-io-2.16.1.pom (20 kB at 595 kB/s)
[INFO] Downloading from central: https://repo.maven.apache.org/maven2/org/apache/commons/commons-parent/69/commons-parent-69.pom
[INFO] Downloaded from central: https://repo.maven.apache.org/maven2/org/apache/commons/commons-parent/69/commons-parent-69.pom (77 kB at 2.3 MB/s)
[INFO] Downloading from central: https://repo.maven.apache.org/maven2/org/apache/apache/31/apache-31.pom
[INFO] Downloaded from central: https://repo.maven.apache.org/maven2/org/apache/apache/31/apache-31.pom (24 kB at 872 kB/s)
[INFO] Downloading from central: https://repo.maven.apache.org/maven2/org/junit/junit-bom/5.10.2/junit-bom-5.10.2.pom
[INFO] Downloaded from central: https://repo.maven.apache.org/maven2/org/junit/junit-bom/5.10.2/junit-bom-5.10.2.pom (5.6 kB at 226 kB/s)
[INFO] Downloading from central: https://repo.maven.apache.org/maven2/org/apache/commons/commons-lang3/3.15.0/commons-lang3-3.15.0.pom
[INFO] Downloaded from central: https://repo.maven.apache.org/maven2/org/apache/commons/commons-lang3/3.15.0/commons-lang3-3.15.0.pom (31 kB at 1.1 MB/s)
[INFO] Downloading from central: https://repo.maven.apache.org/maven2/org/apache/commons/commons-collections4/4.4/commons-collections4-4.4.pom
[INFO] Downloaded from central: https://repo.maven.apache.org/maven2/org/apache/commons/commons-collections4/4.4/commons-collections4-4.4.pom (24 kB at 793 kB/s)
[INFO] Downloading from central: https://repo.maven.apache.org/maven2/org/apache/commons/commons-parent/48/commons-parent-48.pom
[INFO] Downloaded from central: https://repo.maven.apache.org/maven2/org/apache/commons/commons-parent/48/commons-parent-48.pom (72 kB at 2.3 MB/s)
[INFO] Downloading from central: https://repo.maven.apache.org/maven2/org/apache/apache/21/apache-21.pom
[INFO] Downloaded from central: https://repo.maven.apache.org/maven2/org/apache/apache/21/apache-21.pom (17 kB at 684 kB/s)
[INFO] Downloading from central: https://repo.maven.apache.org/maven2/com/github/package-url/packageurl-java/1.5.0/packageurl-java-1.5.0.pom
[INFO] Downloaded from central: https://repo.maven.apache.org/maven2/com/github/package-url/packageurl-java/1.5.0/packageurl-java-1.5.0.pom (12 kB at 379 kB/s)
[INFO] Downloading from central: https://repo.maven.apache.org/maven2/com/fasterxml/jackson/dataformat/jackson-dataformat-xml/2.17.2/jackson-dataformat-xml-2.17.2.pom
[INFO] Downloaded from central: https://repo.maven.apache.org/maven2/com/fasterxml/jackson/dataformat/jackson-dataformat-xml/2.17.2/jackson-dataformat-xml-2.17.2.pom (7.4 kB at 231 kB/s)
[INFO] Downloading from central: https://repo.maven.apache.org/maven2/com/fasterxml/jackson/jackson-base/2.17.2/jackson-base-2.17.2.pom
[INFO] Downloaded from central: https://repo.maven.apache.org/maven2/com/fasterxml/jackson/jackson-base/2.17.2/jackson-base-2.17.2.pom (12 kB at 406 kB/s)
[INFO] Downloading from central: https://repo.maven.apache.org/maven2/com/fasterxml/jackson/jackson-bom/2.17.2/jackson-bom-2.17.2.pom
[INFO] Downloaded from central: https://repo.maven.apache.org/maven2/com/fasterxml/jackson/jackson-bom/2.17.2/jackson-bom-2.17.2.pom (19 kB at 668 kB/s)
[INFO] Downloading from central: https://repo.maven.apache.org/maven2/com/fasterxml/jackson/jackson-parent/2.17/jackson-parent-2.17.pom
[INFO] Downloaded from central: https://repo.maven.apache.org/maven2/com/fasterxml/jackson/jackson-parent/2.17/jackson-parent-2.17.pom (6.5 kB at 148 kB/s)
[INFO] Downloading from central: https://repo.maven.apache.org/maven2/com/fasterxml/oss-parent/58/oss-parent-58.pom
[INFO] Downloaded from central: https://repo.maven.apache.org/maven2/com/fasterxml/oss-parent/58/oss-parent-58.pom (24 kB at 816 kB/s)
[INFO] Downloading from central: https://repo.maven.apache.org/maven2/com/fasterxml/jackson/core/jackson-core/2.17.2/jackson-core-2.17.2.pom
[INFO] Downloaded from central: https://repo.maven.apache.org/maven2/com/fasterxml/jackson/core/jackson-core/2.17.2/jackson-core-2.17.2.pom (9.6 kB at 292 kB/s)
[INFO] Downloading from central: https://repo.maven.apache.org/maven2/com/fasterxml/jackson/core/jackson-annotations/2.17.2/jackson-annotations-2.17.2.pom
[INFO] Downloaded from central: https://repo.maven.apache.org/maven2/com/fasterxml/jackson/core/jackson-annotations/2.17.2/jackson-annotations-2.17.2.pom (7.1 kB at 243 kB/s)
[INFO] Downloading from central: https://repo.maven.apache.org/maven2/com/fasterxml/jackson/core/jackson-databind/2.17.2/jackson-databind-2.17.2.pom
[INFO] Downloaded from central: https://repo.maven.apache.org/maven2/com/fasterxml/jackson/core/jackson-databind/2.17.2/jackson-databind-2.17.2.pom (21 kB at 759 kB/s)
[INFO] Downloading from central: https://repo.maven.apache.org/maven2/org/codehaus/woodstox/stax2-api/4.2.2/stax2-api-4.2.2.pom
[INFO] Downloaded from central: https://repo.maven.apache.org/maven2/org/codehaus/woodstox/stax2-api/4.2.2/stax2-api-4.2.2.pom (6.3 kB at 191 kB/s)
[INFO] Downloading from central: https://repo.maven.apache.org/maven2/com/fasterxml/oss-parent/55/oss-parent-55.pom
[INFO] Downloaded from central: https://repo.maven.apache.org/maven2/com/fasterxml/oss-parent/55/oss-parent-55.pom (24 kB at 673 kB/s)
[INFO] Downloading from central: https://repo.maven.apache.org/maven2/com/fasterxml/woodstox/woodstox-core/6.7.0/woodstox-core-6.7.0.pom
[INFO] Downloaded from central: https://repo.maven.apache.org/maven2/com/fasterxml/woodstox/woodstox-core/6.7.0/woodstox-core-6.7.0.pom (9.6 kB at 274 kB/s)
[INFO] Downloading from central: https://repo.maven.apache.org/maven2/com/networknt/json-schema-validator/1.5.1/json-schema-validator-1.5.1.pom
[INFO] Downloaded from central: https://repo.maven.apache.org/maven2/com/networknt/json-schema-validator/1.5.1/json-schema-validator-1.5.1.pom (15 kB at 479 kB/s)
[INFO] Downloading from central: https://repo.maven.apache.org/maven2/com/ethlo/time/itu/1.10.2/itu-1.10.2.pom
[INFO] Downloaded from central: https://repo.maven.apache.org/maven2/com/ethlo/time/itu/1.10.2/itu-1.10.2.pom (18 kB at 617 kB/s)
[INFO] Downloading from central: https://repo.maven.apache.org/maven2/com/fasterxml/jackson/core/jackson-databind/2.17.1/jackson-databind-2.17.1.pom
[INFO] Downloaded from central: https://repo.maven.apache.org/maven2/com/fasterxml/jackson/core/jackson-databind/2.17.1/jackson-databind-2.17.1.pom (21 kB at 818 kB/s)
[INFO] Downloading from central: https://repo.maven.apache.org/maven2/com/fasterxml/jackson/jackson-base/2.17.1/jackson-base-2.17.1.pom
[INFO] Downloaded from central: https://repo.maven.apache.org/maven2/com/fasterxml/jackson/jackson-base/2.17.1/jackson-base-2.17.1.pom (12 kB at 380 kB/s)
[INFO] Downloading from central: https://repo.maven.apache.org/maven2/com/fasterxml/jackson/jackson-bom/2.17.1/jackson-bom-2.17.1.pom
[INFO] Downloaded from central: https://repo.maven.apache.org/maven2/com/fasterxml/jackson/jackson-bom/2.17.1/jackson-bom-2.17.1.pom (19 kB at 668 kB/s)
[INFO] Downloading from central: https://repo.maven.apache.org/maven2/com/fasterxml/jackson/core/jackson-annotations/2.17.1/jackson-annotations-2.17.1.pom
[INFO] Downloaded from central: https://repo.maven.apache.org/maven2/com/fasterxml/jackson/core/jackson-annotations/2.17.1/jackson-annotations-2.17.1.pom (7.1 kB at 282 kB/s)
[INFO] Downloading from central: https://repo.maven.apache.org/maven2/com/fasterxml/jackson/core/jackson-core/2.17.1/jackson-core-2.17.1.pom
[INFO] Downloaded from central: https://repo.maven.apache.org/maven2/com/fasterxml/jackson/core/jackson-core/2.17.1/jackson-core-2.17.1.pom (9.6 kB at 344 kB/s)
[INFO] Downloading from central: https://repo.maven.apache.org/maven2/com/fasterxml/jackson/dataformat/jackson-dataformat-yaml/2.17.1/jackson-dataformat-yaml-2.17.1.pom
[INFO] Downloaded from central: https://repo.maven.apache.org/maven2/com/fasterxml/jackson/dataformat/jackson-dataformat-yaml/2.17.1/jackson-dataformat-yaml-2.17.1.pom (2.6 kB at 88 kB/s)
[INFO] Downloading from central: https://repo.maven.apache.org/maven2/com/fasterxml/jackson/dataformat/jackson-dataformats-text/2.17.1/jackson-dataformats-text-2.17.1.pom
[INFO] Downloaded from central: https://repo.maven.apache.org/maven2/com/fasterxml/jackson/dataformat/jackson-dataformats-text/2.17.1/jackson-dataformats-text-2.17.1.pom (3.5 kB at 139 kB/s)
[INFO] Downloading from central: https://repo.maven.apache.org/maven2/org/yaml/snakeyaml/2.2/snakeyaml-2.2.pom
[INFO] Downloaded from central: https://repo.maven.apache.org/maven2/org/yaml/snakeyaml/2.2/snakeyaml-2.2.pom (21 kB at 759 kB/s)
[INFO] Downloading from central: https://repo.maven.apache.org/maven2/org/slf4j/slf4j-api/2.0.13/slf4j-api-2.0.13.pom
[INFO] Downloaded from central: https://repo.maven.apache.org/maven2/org/slf4j/slf4j-api/2.0.13/slf4j-api-2.0.13.pom (2.8 kB at 113 kB/s)
[INFO] Downloading from central: https://repo.maven.apache.org/maven2/org/slf4j/slf4j-parent/2.0.13/slf4j-parent-2.0.13.pom
[INFO] Downloaded from central: https://repo.maven.apache.org/maven2/org/slf4j/slf4j-parent/2.0.13/slf4j-parent-2.0.13.pom (13 kB at 514 kB/s)
[INFO] Downloading from central: https://repo.maven.apache.org/maven2/org/slf4j/slf4j-bom/2.0.13/slf4j-bom-2.0.13.pom
[INFO] Downloaded from central: https://repo.maven.apache.org/maven2/org/slf4j/slf4j-bom/2.0.13/slf4j-bom-2.0.13.pom (7.3 kB at 272 kB/s)
[INFO] Downloading from central: https://repo.maven.apache.org/maven2/org/apache/commons/commons-lang3/3.17.0/commons-lang3-3.17.0.pom
[INFO] Downloaded from central: https://repo.maven.apache.org/maven2/org/apache/commons/commons-lang3/3.17.0/commons-lang3-3.17.0.pom (31 kB at 1.1 MB/s)
[INFO] Downloading from central: https://repo.maven.apache.org/maven2/org/apache/commons/commons-parent/73/commons-parent-73.pom
[INFO] Downloaded from central: https://repo.maven.apache.org/maven2/org/apache/commons/commons-parent/73/commons-parent-73.pom (78 kB at 2.3 MB/s)
[INFO] Downloading from central: https://repo.maven.apache.org/maven2/org/apache/apache/33/apache-33.pom
[INFO] Downloaded from central: https://repo.maven.apache.org/maven2/org/apache/apache/33/apache-33.pom (24 kB at 896 kB/s)
[INFO] Downloading from central: https://repo.maven.apache.org/maven2/org/junit/junit-bom/5.11.0/junit-bom-5.11.0.pom
[INFO] Downloaded from central: https://repo.maven.apache.org/maven2/org/junit/junit-bom/5.11.0/junit-bom-5.11.0.pom (5.6 kB at 202 kB/s)
[INFO] Downloading from central: https://repo.maven.apache.org/maven2/org/apache/maven/shared/maven-dependency-tree/3.3.0/maven-dependency-tree-3.3.0.pom
[INFO] Downloaded from central: https://repo.maven.apache.org/maven2/org/apache/maven/shared/maven-dependency-tree/3.3.0/maven-dependency-tree-3.3.0.pom (7.0 kB at 218 kB/s)
[INFO] Downloading from central: https://repo.maven.apache.org/maven2/org/apache/maven/shared/maven-shared-components/42/maven-shared-components-42.pom
[INFO] Downloaded from central: https://repo.maven.apache.org/maven2/org/apache/maven/shared/maven-shared-components/42/maven-shared-components-42.pom (3.8 kB at 151 kB/s)
[INFO] Downloading from central: https://repo.maven.apache.org/maven2/org/apache/maven/maven-parent/42/maven-parent-42.pom
[INFO] Downloaded from central: https://repo.maven.apache.org/maven2/org/apache/maven/maven-parent/42/maven-parent-42.pom (50 kB at 1.8 MB/s)
[INFO] Downloading from central: https://repo.maven.apache.org/maven2/org/apache/maven/resolver/maven-resolver-util/1.4.1/maven-resolver-util-1.4.1.pom
[INFO] Downloaded from central: https://repo.maven.apache.org/maven2/org/apache/maven/resolver/maven-resolver-util/1.4.1/maven-resolver-util-1.4.1.pom (2.8 kB at 112 kB/s)
[INFO] Downloading from central: https://repo.maven.apache.org/maven2/org/apache/maven/resolver/maven-resolver/1.4.1/maven-resolver-1.4.1.pom
[INFO] Downloaded from central: https://repo.maven.apache.org/maven2/org/apache/maven/resolver/maven-resolver/1.4.1/maven-resolver-1.4.1.pom (18 kB at 673 kB/s)
[INFO] Downloading from central: https://repo.maven.apache.org/maven2/org/apache/maven/maven-parent/33/maven-parent-33.pom
[INFO] Downloaded from central: https://repo.maven.apache.org/maven2/org/apache/maven/maven-parent/33/maven-parent-33.pom (44 kB at 1.5 MB/s)
[INFO] Downloading from central: https://repo.maven.apache.org/maven2/org/apache/maven/resolver/maven-resolver-api/1.4.1/maven-resolver-api-1.4.1.pom
[INFO] Downloaded from central: https://repo.maven.apache.org/maven2/org/apache/maven/resolver/maven-resolver-api/1.4.1/maven-resolver-api-1.4.1.pom (2.6 kB at 91 kB/s)
[INFO] Downloading from central: https://repo.maven.apache.org/maven2/org/slf4j/slf4j-api/1.7.36/slf4j-api-1.7.36.pom
[INFO] Downloaded from central: https://repo.maven.apache.org/maven2/org/slf4j/slf4j-api/1.7.36/slf4j-api-1.7.36.pom (2.7 kB at 106 kB/s)
[INFO] Downloading from central: https://repo.maven.apache.org/maven2/org/slf4j/slf4j-parent/1.7.36/slf4j-parent-1.7.36.pom
[INFO] Downloaded from central: https://repo.maven.apache.org/maven2/org/slf4j/slf4j-parent/1.7.36/slf4j-parent-1.7.36.pom (14 kB at 542 kB/s)
[INFO] Downloading from central: https://repo.maven.apache.org/maven2/org/apache/maven/shared/maven-dependency-analyzer/1.14.1/maven-dependency-analyzer-1.14.1.pom
[INFO] Downloaded from central: https://repo.maven.apache.org/maven2/org/apache/maven/shared/maven-dependency-analyzer/1.14.1/maven-dependency-analyzer-1.14.1.pom (6.4 kB at 227 kB/s)
[INFO] Downloading from central: https://repo.maven.apache.org/maven2/org/assertj/assertj-bom/3.25.3/assertj-bom-3.25.3.pom
[INFO] Downloaded from central: https://repo.maven.apache.org/maven2/org/assertj/assertj-bom/3.25.3/assertj-bom-3.25.3.pom (3.7 kB at 137 kB/s)
[INFO] Downloading from central: https://repo.maven.apache.org/maven2/org/ow2/asm/asm/9.7/asm-9.7.pom
[INFO] Downloaded from central: https://repo.maven.apache.org/maven2/org/ow2/asm/asm/9.7/asm-9.7.pom (2.4 kB at 91 kB/s)
[INFO] Downloading from central: https://repo.maven.apache.org/maven2/org/ow2/ow2/1.5.1/ow2-1.5.1.pom
[INFO] Downloaded from central: https://repo.maven.apache.org/maven2/org/ow2/ow2/1.5.1/ow2-1.5.1.pom (11 kB at 364 kB/s)
[INFO] Downloading from central: https://repo.maven.apache.org/maven2/org/twdata/maven/mojo-executor/2.4.1/mojo-executor-2.4.1.pom
[INFO] Downloaded from central: https://repo.maven.apache.org/maven2/org/twdata/maven/mojo-executor/2.4.1/mojo-executor-2.4.1.pom (3.1 kB at 104 kB/s)
[INFO] Downloading from central: https://repo.maven.apache.org/maven2/org/twdata/maven/mojo-executor-parent/2.4.1/mojo-executor-parent-2.4.1.pom
[INFO] Downloaded from central: https://repo.maven.apache.org/maven2/org/twdata/maven/mojo-executor-parent/2.4.1/mojo-executor-parent-2.4.1.pom (14 kB at 515 kB/s)
[INFO] Downloading from central: https://repo.maven.apache.org/maven2/org/apache/maven/maven/3.3.1/maven-3.3.1.pom
[INFO] Downloaded from central: https://repo.maven.apache.org/maven2/org/apache/maven/maven/3.3.1/maven-3.3.1.pom (23 kB at 899 kB/s)
[INFO] Downloading from central: https://repo.maven.apache.org/maven2/org/apache/maven/maven-parent/26/maven-parent-26.pom
[INFO] Downloaded from central: https://repo.maven.apache.org/maven2/org/apache/maven/maven-parent/26/maven-parent-26.pom (40 kB at 1.3 MB/s)
[INFO] Downloading from central: https://repo.maven.apache.org/maven2/org/apache/apache/16/apache-16.pom
[INFO] Downloaded from central: https://repo.maven.apache.org/maven2/org/apache/apache/16/apache-16.pom (15 kB at 616 kB/s)
[INFO] Downloading from central: https://repo.maven.apache.org/maven2/org/codehaus/plexus/plexus-utils/3.0.24/plexus-utils-3.0.24.pom
[INFO] Downloaded from central: https://repo.maven.apache.org/maven2/org/codehaus/plexus/plexus-utils/3.0.24/plexus-utils-3.0.24.pom (4.1 kB at 142 kB/s)
[INFO] Downloading from central: https://repo.maven.apache.org/maven2/org/codehaus/plexus/plexus/4.0/plexus-4.0.pom
[INFO] Downloaded from central: https://repo.maven.apache.org/maven2/org/codehaus/plexus/plexus/4.0/plexus-4.0.pom (22 kB at 768 kB/s)
[INFO] Downloading from central: https://repo.maven.apache.org/maven2/org/sonatype/forge/forge-parent/10/forge-parent-10.pom
[INFO] Downloaded from central: https://repo.maven.apache.org/maven2/org/sonatype/forge/forge-parent/10/forge-parent-10.pom (14 kB at 468 kB/s)
[INFO] Downloading from central: https://repo.maven.apache.org/maven2/org/graalvm/buildtools/native-maven-plugin/1.1.1/native-maven-plugin-1.1.1.jar
[INFO] Downloaded from central: https://repo.maven.apache.org/maven2/org/graalvm/buildtools/native-maven-plugin/1.1.1/native-maven-plugin-1.1.1.jar (131 kB at 3.0 MB/s)
[INFO] Downloading from central: https://repo.maven.apache.org/maven2/org/graalvm/buildtools/utils/1.1.1/utils-1.1.1.jar
[INFO] Downloading from central: https://repo.maven.apache.org/maven2/com/github/openjson/openjson/1.0.13/openjson-1.0.13.jar
[INFO] Downloading from central: https://repo.maven.apache.org/maven2/org/graalvm/buildtools/graalvm-reachability-metadata/1.1.1/graalvm-reachability-metadata-1.1.1.jar
[INFO] Downloading from central: https://repo.maven.apache.org/maven2/org/cyclonedx/cyclonedx-maven-plugin/2.9.1/cyclonedx-maven-plugin-2.9.1.jar
[INFO] Downloading from central: https://repo.maven.apache.org/maven2/org/cyclonedx/cyclonedx-core-java/9.0.5/cyclonedx-core-java-9.0.5.jar
[INFO] Downloaded from central: https://repo.maven.apache.org/maven2/org/graalvm/buildtools/utils/1.1.1/utils-1.1.1.jar (55 kB at 1.1 MB/s)
[INFO] Downloading from central: https://repo.maven.apache.org/maven2/commons-io/commons-io/2.16.1/commons-io-2.16.1.jar
[INFO] Downloaded from central: https://repo.maven.apache.org/maven2/com/github/openjson/openjson/1.0.13/openjson-1.0.13.jar (27 kB at 307 kB/s)
[INFO] Downloading from central: https://repo.maven.apache.org/maven2/org/apache/commons/commons-collections4/4.4/commons-collections4-4.4.jar
[INFO] Downloaded from central: https://repo.maven.apache.org/maven2/commons-io/commons-io/2.16.1/commons-io-2.16.1.jar (509 kB at 5.4 MB/s)
[INFO] Downloading from central: https://repo.maven.apache.org/maven2/com/github/package-url/packageurl-java/1.5.0/packageurl-java-1.5.0.jar
[INFO] Downloaded from central: https://repo.maven.apache.org/maven2/org/cyclonedx/cyclonedx-maven-plugin/2.9.1/cyclonedx-maven-plugin-2.9.1.jar (52 kB at 476 kB/s)
[INFO] Downloading from central: https://repo.maven.apache.org/maven2/com/fasterxml/jackson/dataformat/jackson-dataformat-xml/2.17.2/jackson-dataformat-xml-2.17.2.jar
[INFO] Downloaded from central: https://repo.maven.apache.org/maven2/com/github/package-url/packageurl-java/1.5.0/packageurl-java-1.5.0.jar (17 kB at 138 kB/s)
[INFO] Downloading from central: https://repo.maven.apache.org/maven2/com/fasterxml/jackson/core/jackson-core/2.17.2/jackson-core-2.17.2.jar
[INFO] Downloaded from central: https://repo.maven.apache.org/maven2/org/graalvm/buildtools/graalvm-reachability-metadata/1.1.1/graalvm-reachability-metadata-1.1.1.jar (57 kB at 443 kB/s)
[INFO] Downloading from central: https://repo.maven.apache.org/maven2/com/fasterxml/jackson/core/jackson-annotations/2.17.2/jackson-annotations-2.17.2.jar
[INFO] Downloaded from central: https://repo.maven.apache.org/maven2/com/fasterxml/jackson/core/jackson-annotations/2.17.2/jackson-annotations-2.17.2.jar (78 kB at 506 kB/s)
[INFO] Downloading from central: https://repo.maven.apache.org/maven2/com/fasterxml/jackson/core/jackson-databind/2.17.2/jackson-databind-2.17.2.jar
[INFO] Downloaded from central: https://repo.maven.apache.org/maven2/com/fasterxml/jackson/dataformat/jackson-dataformat-xml/2.17.2/jackson-dataformat-xml-2.17.2.jar (129 kB at 828 kB/s)
[INFO] Downloading from central: https://repo.maven.apache.org/maven2/org/codehaus/woodstox/stax2-api/4.2.2/stax2-api-4.2.2.jar
[INFO] Downloaded from central: https://repo.maven.apache.org/maven2/org/apache/commons/commons-collections4/4.4/commons-collections4-4.4.jar (752 kB at 3.8 MB/s)
[INFO] Downloading from central: https://repo.maven.apache.org/maven2/com/fasterxml/woodstox/woodstox-core/6.7.0/woodstox-core-6.7.0.jar
[INFO] Downloaded from central: https://repo.maven.apache.org/maven2/org/codehaus/woodstox/stax2-api/4.2.2/stax2-api-4.2.2.jar (196 kB at 980 kB/s)
[INFO] Downloading from central: https://repo.maven.apache.org/maven2/com/networknt/json-schema-validator/1.5.1/json-schema-validator-1.5.1.jar
[INFO] Downloaded from central: https://repo.maven.apache.org/maven2/org/cyclonedx/cyclonedx-core-java/9.0.5/cyclonedx-core-java-9.0.5.jar (2.4 MB at 12 MB/s)
[INFO] Downloading from central: https://repo.maven.apache.org/maven2/com/ethlo/time/itu/1.10.2/itu-1.10.2.jar
[INFO] Downloaded from central: https://repo.maven.apache.org/maven2/com/fasterxml/jackson/core/jackson-core/2.17.2/jackson-core-2.17.2.jar (582 kB at 2.7 MB/s)
[INFO] Downloading from central: https://repo.maven.apache.org/maven2/com/fasterxml/jackson/dataformat/jackson-dataformat-yaml/2.17.1/jackson-dataformat-yaml-2.17.1.jar
[INFO] Downloaded from central: https://repo.maven.apache.org/maven2/com/ethlo/time/itu/1.10.2/itu-1.10.2.jar (54 kB at 230 kB/s)
[INFO] Downloading from central: https://repo.maven.apache.org/maven2/org/yaml/snakeyaml/2.2/snakeyaml-2.2.jar
[INFO] Downloaded from central: https://repo.maven.apache.org/maven2/com/networknt/json-schema-validator/1.5.1/json-schema-validator-1.5.1.jar (576 kB at 2.3 MB/s)
[INFO] Downloading from central: https://repo.maven.apache.org/maven2/commons-codec/commons-codec/1.17.1/commons-codec-1.17.1.jar
[INFO] Downloaded from central: https://repo.maven.apache.org/maven2/com/fasterxml/jackson/dataformat/jackson-dataformat-yaml/2.17.1/jackson-dataformat-yaml-2.17.1.jar (55 kB at 220 kB/s)
[INFO] Downloading from central: https://repo.maven.apache.org/maven2/org/apache/commons/commons-lang3/3.17.0/commons-lang3-3.17.0.jar
[INFO] Downloaded from central: https://repo.maven.apache.org/maven2/com/fasterxml/jackson/core/jackson-databind/2.17.2/jackson-databind-2.17.2.jar (1.6 MB at 6.5 MB/s)
[INFO] Downloading from central: https://repo.maven.apache.org/maven2/org/apache/maven/shared/maven-dependency-tree/3.3.0/maven-dependency-tree-3.3.0.jar
[INFO] Downloaded from central: https://repo.maven.apache.org/maven2/org/yaml/snakeyaml/2.2/snakeyaml-2.2.jar (334 kB at 1.3 MB/s)
[INFO] Downloading from central: https://repo.maven.apache.org/maven2/org/apache/maven/resolver/maven-resolver-util/1.4.1/maven-resolver-util-1.4.1.jar
[INFO] Downloaded from central: https://repo.maven.apache.org/maven2/commons-codec/commons-codec/1.17.1/commons-codec-1.17.1.jar (373 kB at 1.4 MB/s)
[INFO] Downloading from central: https://repo.maven.apache.org/maven2/org/apache/maven/resolver/maven-resolver-api/1.4.1/maven-resolver-api-1.4.1.jar
[INFO] Downloaded from central: https://repo.maven.apache.org/maven2/com/fasterxml/woodstox/woodstox-core/6.7.0/woodstox-core-6.7.0.jar (1.6 MB at 5.7 MB/s)
[INFO] Downloading from central: https://repo.maven.apache.org/maven2/org/slf4j/slf4j-api/1.7.36/slf4j-api-1.7.36.jar
[INFO] Downloaded from central: https://repo.maven.apache.org/maven2/org/apache/commons/commons-lang3/3.17.0/commons-lang3-3.17.0.jar (674 kB at 2.3 MB/s)
[INFO] Downloading from central: https://repo.maven.apache.org/maven2/org/apache/maven/shared/maven-dependency-analyzer/1.14.1/maven-dependency-analyzer-1.14.1.jar
[INFO] Downloaded from central: https://repo.maven.apache.org/maven2/org/apache/maven/resolver/maven-resolver-util/1.4.1/maven-resolver-util-1.4.1.jar (168 kB at 562 kB/s)
[INFO] Downloaded from central: https://repo.maven.apache.org/maven2/org/apache/maven/shared/maven-dependency-tree/3.3.0/maven-dependency-tree-3.3.0.jar (43 kB at 144 kB/s)
[INFO] Downloading from central: https://repo.maven.apache.org/maven2/org/twdata/maven/mojo-executor/2.4.1/mojo-executor-2.4.1.jar
[INFO] Downloading from central: https://repo.maven.apache.org/maven2/org/ow2/asm/asm/9.7/asm-9.7.jar
[INFO] Downloaded from central: https://repo.maven.apache.org/maven2/org/apache/maven/resolver/maven-resolver-api/1.4.1/maven-resolver-api-1.4.1.jar (149 kB at 490 kB/s)
[INFO] Downloading from central: https://repo.maven.apache.org/maven2/org/codehaus/plexus/plexus-utils/3.0.24/plexus-utils-3.0.24.jar
[INFO] Downloaded from central: https://repo.maven.apache.org/maven2/org/apache/maven/shared/maven-dependency-analyzer/1.14.1/maven-dependency-analyzer-1.14.1.jar (42 kB at 131 kB/s)
[INFO] Downloaded from central: https://repo.maven.apache.org/maven2/org/slf4j/slf4j-api/1.7.36/slf4j-api-1.7.36.jar (41 kB at 127 kB/s)
[INFO] Downloaded from central: https://repo.maven.apache.org/maven2/org/ow2/asm/asm/9.7/asm-9.7.jar (125 kB at 380 kB/s)
[INFO] Downloaded from central: https://repo.maven.apache.org/maven2/org/codehaus/plexus/plexus-utils/3.0.24/plexus-utils-3.0.24.jar (247 kB at 741 kB/s)
[INFO] Downloaded from central: https://repo.maven.apache.org/maven2/org/twdata/maven/mojo-executor/2.4.1/mojo-executor-2.4.1.jar (13 kB at 37 kB/s)
[INFO] Downloading from central: https://repo.maven.apache.org/maven2/org/apache/activemq/activemq-bom/6.2.6/activemq-bom-6.2.6.pom
[INFO] Downloaded from central: https://repo.maven.apache.org/maven2/org/apache/activemq/activemq-bom/6.2.6/activemq-bom-6.2.6.pom (7.9 kB at 161 kB/s)
[INFO] Downloading from central: https://repo.maven.apache.org/maven2/org/apache/artemis/artemis-bom/2.53.0/artemis-bom-2.53.0.pom
[INFO] Downloaded from central: https://repo.maven.apache.org/maven2/org/apache/artemis/artemis-bom/2.53.0/artemis-bom-2.53.0.pom (18 kB at 465 kB/s)
[INFO] Downloading from central: https://repo.maven.apache.org/maven2/org/apache/artemis/artemis-project/2.53.0/artemis-project-2.53.0.pom
[INFO] Downloaded from central: https://repo.maven.apache.org/maven2/org/apache/artemis/artemis-project/2.53.0/artemis-project-2.53.0.pom (55 kB at 1.2 MB/s)
[INFO] Downloading from central: https://repo.maven.apache.org/maven2/org/apache/apache/37/apache-37.pom
[INFO] Downloaded from central: https://repo.maven.apache.org/maven2/org/apache/apache/37/apache-37.pom (26 kB at 732 kB/s)
[INFO] Downloading from central: https://repo.maven.apache.org/maven2/org/assertj/assertj-bom/3.27.7/assertj-bom-3.27.7.pom
[INFO] Downloaded from central: https://repo.maven.apache.org/maven2/org/assertj/assertj-bom/3.27.7/assertj-bom-3.27.7.pom (3.3 kB at 93 kB/s)
[INFO] Downloading from central: https://repo.maven.apache.org/maven2/io/zipkin/reporter2/zipkin-reporter-bom/3.5.3/zipkin-reporter-bom-3.5.3.pom
[INFO] Downloaded from central: https://repo.maven.apache.org/maven2/io/zipkin/reporter2/zipkin-reporter-bom/3.5.3/zipkin-reporter-bom-3.5.3.pom (6.1 kB at 127 kB/s)
[INFO] Downloading from central: https://repo.maven.apache.org/maven2/io/zipkin/brave/brave-bom/6.3.1/brave-bom-6.3.1.pom
[INFO] Downloaded from central: https://repo.maven.apache.org/maven2/io/zipkin/brave/brave-bom/6.3.1/brave-bom-6.3.1.pom (11 kB at 287 kB/s)
[INFO] Downloading from central: https://repo.maven.apache.org/maven2/org/apache/cassandra/java-driver-bom/4.19.3/java-driver-bom-4.19.3.pom
[INFO] Downloaded from central: https://repo.maven.apache.org/maven2/org/apache/cassandra/java-driver-bom/4.19.3/java-driver-bom-4.19.3.pom (5.5 kB at 130 kB/s)
[INFO] Downloading from central: https://repo.maven.apache.org/maven2/org/apache/groovy/groovy-bom/5.0.6/groovy-bom-5.0.6.pom
[INFO] Downloaded from central: https://repo.maven.apache.org/maven2/org/apache/groovy/groovy-bom/5.0.6/groovy-bom-5.0.6.pom (27 kB at 681 kB/s)
[INFO] Downloading from central: https://repo.maven.apache.org/maven2/io/grpc/grpc-bom/1.80.0/grpc-bom-1.80.0.pom
[INFO] Downloaded from central: https://repo.maven.apache.org/maven2/io/grpc/grpc-bom/1.80.0/grpc-bom-1.80.0.pom (6.3 kB at 162 kB/s)
[INFO] Downloading from central: https://repo.maven.apache.org/maven2/org/infinispan/infinispan-bom/16.1.4/infinispan-bom-16.1.4.pom
[INFO] Downloaded from central: https://repo.maven.apache.org/maven2/org/infinispan/infinispan-bom/16.1.4/infinispan-bom-16.1.4.pom (20 kB at 465 kB/s)
[INFO] Downloading from central: https://repo.maven.apache.org/maven2/com/fasterxml/jackson/jackson-bom/2.21.4/jackson-bom-2.21.4.pom
[INFO] Downloaded from central: https://repo.maven.apache.org/maven2/com/fasterxml/jackson/jackson-bom/2.21.4/jackson-bom-2.21.4.pom (20 kB at 562 kB/s)
[INFO] Downloading from central: https://repo.maven.apache.org/maven2/com/fasterxml/jackson/jackson-parent/2.21/jackson-parent-2.21.pom
[INFO] Downloaded from central: https://repo.maven.apache.org/maven2/com/fasterxml/jackson/jackson-parent/2.21/jackson-parent-2.21.pom (6.9 kB at 172 kB/s)
[INFO] Downloading from central: https://repo.maven.apache.org/maven2/com/fasterxml/oss-parent/75/oss-parent-75.pom
[INFO] Downloaded from central: https://repo.maven.apache.org/maven2/com/fasterxml/oss-parent/75/oss-parent-75.pom (24 kB at 668 kB/s)
[INFO] Downloading from central: https://repo.maven.apache.org/maven2/tools/jackson/jackson-bom/3.1.4/jackson-bom-3.1.4.pom
[INFO] Downloaded from central: https://repo.maven.apache.org/maven2/tools/jackson/jackson-bom/3.1.4/jackson-bom-3.1.4.pom (20 kB at 509 kB/s)
[INFO] Downloading from central: https://repo.maven.apache.org/maven2/com/fasterxml/oss-parent/79/oss-parent-79.pom
[INFO] Downloaded from central: https://repo.maven.apache.org/maven2/com/fasterxml/oss-parent/79/oss-parent-79.pom (24 kB at 788 kB/s)
[INFO] Downloading from central: https://repo.maven.apache.org/maven2/org/glassfish/jersey/jersey-bom/4.0.2/jersey-bom-4.0.2.pom
[INFO] Downloaded from central: https://repo.maven.apache.org/maven2/org/glassfish/jersey/jersey-bom/4.0.2/jersey-bom-4.0.2.pom (24 kB at 594 kB/s)
[INFO] Downloading from central: https://repo.maven.apache.org/maven2/org/eclipse/ee4j/project/1.0.9/project-1.0.9.pom
[INFO] Downloaded from central: https://repo.maven.apache.org/maven2/org/eclipse/ee4j/project/1.0.9/project-1.0.9.pom (16 kB at 461 kB/s)
[INFO] Downloading from central: https://repo.maven.apache.org/maven2/org/eclipse/jetty/ee11/jetty-ee11-bom/12.1.10/jetty-ee11-bom-12.1.10.pom
[INFO] Downloaded from central: https://repo.maven.apache.org/maven2/org/eclipse/jetty/ee11/jetty-ee11-bom/12.1.10/jetty-ee11-bom-12.1.10.pom (9.4 kB at 254 kB/s)
[INFO] Downloading from central: https://repo.maven.apache.org/maven2/org/eclipse/jetty/jetty-bom/12.1.10/jetty-bom-12.1.10.pom
[INFO] Downloaded from central: https://repo.maven.apache.org/maven2/org/eclipse/jetty/jetty-bom/12.1.10/jetty-bom-12.1.10.pom (17 kB at 436 kB/s)
[INFO] Downloading from central: https://repo.maven.apache.org/maven2/org/jooq/jooq-bom/3.21.5/jooq-bom-3.21.5.pom
[INFO] Downloaded from central: https://repo.maven.apache.org/maven2/org/jooq/jooq-bom/3.21.5/jooq-bom-3.21.5.pom (5.4 kB at 160 kB/s)
[INFO] Downloading from central: https://repo.maven.apache.org/maven2/org/junit/junit-bom/6.0.3/junit-bom-6.0.3.pom
[INFO] Downloaded from central: https://repo.maven.apache.org/maven2/org/junit/junit-bom/6.0.3/junit-bom-6.0.3.pom (5.1 kB at 165 kB/s)
[INFO] Downloading from central: https://repo.maven.apache.org/maven2/org/jetbrains/kotlin/kotlin-bom/2.3.21/kotlin-bom-2.3.21.pom
[INFO] Downloaded from central: https://repo.maven.apache.org/maven2/org/jetbrains/kotlin/kotlin-bom/2.3.21/kotlin-bom-2.3.21.pom (9.4 kB at 254 kB/s)
[INFO] Downloading from central: https://repo.maven.apache.org/maven2/org/jetbrains/kotlinx/kotlinx-coroutines-bom/1.10.2/kotlinx-coroutines-bom-1.10.2.pom
[INFO] Downloaded from central: https://repo.maven.apache.org/maven2/org/jetbrains/kotlinx/kotlinx-coroutines-bom/1.10.2/kotlinx-coroutines-bom-1.10.2.pom (4.3 kB at 119 kB/s)
[INFO] Downloading from central: https://repo.maven.apache.org/maven2/org/jetbrains/kotlinx/kotlinx-serialization-bom/1.11.0/kotlinx-serialization-bom-1.11.0.pom
[INFO] Downloaded from central: https://repo.maven.apache.org/maven2/org/jetbrains/kotlinx/kotlinx-serialization-bom/1.11.0/kotlinx-serialization-bom-1.11.0.pom (4.1 kB at 122 kB/s)
[INFO] Downloading from central: https://repo.maven.apache.org/maven2/org/apache/logging/log4j/log4j-bom/2.25.4/log4j-bom-2.25.4.pom
[INFO] Downloaded from central: https://repo.maven.apache.org/maven2/org/apache/logging/log4j/log4j-bom/2.25.4/log4j-bom-2.25.4.pom (12 kB at 292 kB/s)
[INFO] Downloading from central: https://repo.maven.apache.org/maven2/io/micrometer/micrometer-bom/1.17.0/micrometer-bom-1.17.0.pom
[INFO] Downloaded from central: https://repo.maven.apache.org/maven2/io/micrometer/micrometer-bom/1.17.0/micrometer-bom-1.17.0.pom (8.7 kB at 236 kB/s)
[INFO] Downloading from central: https://repo.maven.apache.org/maven2/io/micrometer/micrometer-tracing-bom/1.7.0/micrometer-tracing-bom-1.7.0.pom
[INFO] Downloaded from central: https://repo.maven.apache.org/maven2/io/micrometer/micrometer-tracing-bom/1.7.0/micrometer-tracing-bom-1.7.0.pom (4.1 kB at 118 kB/s)
[INFO] Downloading from central: https://repo.maven.apache.org/maven2/org/mockito/mockito-bom/5.23.0/mockito-bom-5.23.0.pom
[INFO] Downloaded from central: https://repo.maven.apache.org/maven2/org/mockito/mockito-bom/5.23.0/mockito-bom-5.23.0.pom (3.0 kB at 82 kB/s)
[INFO] Downloading from central: https://repo.maven.apache.org/maven2/org/mongodb/mongodb-driver-bom/5.8.0/mongodb-driver-bom-5.8.0.pom
[INFO] Downloaded from central: https://repo.maven.apache.org/maven2/org/mongodb/mongodb-driver-bom/5.8.0/mongodb-driver-bom-5.8.0.pom (4.5 kB at 98 kB/s)
[INFO] Downloading from central: https://repo.maven.apache.org/maven2/org/neo4j/driver/neo4j-java-driver-bom/6.1.0/neo4j-java-driver-bom-6.1.0.pom
[INFO] Downloaded from central: https://repo.maven.apache.org/maven2/org/neo4j/driver/neo4j-java-driver-bom/6.1.0/neo4j-java-driver-bom-6.1.0.pom (2.3 kB at 66 kB/s)
[INFO] Downloading from central: https://repo.maven.apache.org/maven2/org/neo4j/bolt/neo4j-bolt-connection-bom/11.0.2/neo4j-bolt-connection-bom-11.0.2.pom
[INFO] Downloaded from central: https://repo.maven.apache.org/maven2/org/neo4j/bolt/neo4j-bolt-connection-bom/11.0.2/neo4j-bolt-connection-bom-11.0.2.pom (2.5 kB at 74 kB/s)
[INFO] Downloading from central: https://repo.maven.apache.org/maven2/io/netty/netty-bom/4.2.15.Final/netty-bom-4.2.15.Final.pom
[INFO] Downloaded from central: https://repo.maven.apache.org/maven2/io/netty/netty-bom/4.2.15.Final/netty-bom-4.2.15.Final.pom (19 kB at 505 kB/s)
[INFO] Downloading from central: https://repo.maven.apache.org/maven2/org/sonatype/oss/oss-parent/7/oss-parent-7.pom
[INFO] Downloaded from central: https://repo.maven.apache.org/maven2/org/sonatype/oss/oss-parent/7/oss-parent-7.pom (4.8 kB at 82 kB/s)
[INFO] Downloading from central: https://repo.maven.apache.org/maven2/io/opentelemetry/opentelemetry-bom/1.62.0/opentelemetry-bom-1.62.0.pom
[INFO] Downloaded from central: https://repo.maven.apache.org/maven2/io/opentelemetry/opentelemetry-bom/1.62.0/opentelemetry-bom-1.62.0.pom (6.0 kB at 147 kB/s)
[INFO] Downloading from central: https://repo.maven.apache.org/maven2/io/prometheus/prometheus-metrics-bom/1.5.1/prometheus-metrics-bom-1.5.1.pom
[INFO] Downloaded from central: https://repo.maven.apache.org/maven2/io/prometheus/prometheus-metrics-bom/1.5.1/prometheus-metrics-bom-1.5.1.pom (6.0 kB at 173 kB/s)
[INFO] Downloading from central: https://repo.maven.apache.org/maven2/io/prometheus/client_java_parent/1.5.1/client_java_parent-1.5.1.pom
[INFO] Downloaded from central: https://repo.maven.apache.org/maven2/io/prometheus/client_java_parent/1.5.1/client_java_parent-1.5.1.pom (4.6 kB at 139 kB/s)
[INFO] Downloading from central: https://repo.maven.apache.org/maven2/io/prometheus/simpleclient_bom/0.16.0/simpleclient_bom-0.16.0.pom
[INFO] Downloaded from central: https://repo.maven.apache.org/maven2/io/prometheus/simpleclient_bom/0.16.0/simpleclient_bom-0.16.0.pom (6.0 kB at 154 kB/s)
[INFO] Downloading from central: https://repo.maven.apache.org/maven2/io/prometheus/parent/0.16.0/parent-0.16.0.pom
[INFO] Downloaded from central: https://repo.maven.apache.org/maven2/io/prometheus/parent/0.16.0/parent-0.16.0.pom (13 kB at 338 kB/s)
[INFO] Downloading from central: https://repo.maven.apache.org/maven2/org/apache/pulsar/pulsar-bom/4.2.2/pulsar-bom-4.2.2.pom
[INFO] Downloaded from central: https://repo.maven.apache.org/maven2/org/apache/pulsar/pulsar-bom/4.2.2/pulsar-bom-4.2.2.pom (25 kB at 606 kB/s)
[INFO] Downloading from central: https://repo.maven.apache.org/maven2/org/apache/apache/35/apache-35.pom
[INFO] Downloaded from central: https://repo.maven.apache.org/maven2/org/apache/apache/35/apache-35.pom (24 kB at 606 kB/s)
[INFO] Downloading from central: https://repo.maven.apache.org/maven2/com/google/protobuf/protobuf-bom/4.34.2/protobuf-bom-4.34.2.pom
[INFO] Downloaded from central: https://repo.maven.apache.org/maven2/com/google/protobuf/protobuf-bom/4.34.2/protobuf-bom-4.34.2.pom (3.7 kB at 83 kB/s)
[INFO] Downloading from central: https://repo.maven.apache.org/maven2/com/querydsl/querydsl-bom/5.1.0/querydsl-bom-5.1.0.pom
[INFO] Downloaded from central: https://repo.maven.apache.org/maven2/com/querydsl/querydsl-bom/5.1.0/querydsl-bom-5.1.0.pom (7.2 kB at 125 kB/s)
[INFO] Downloading from central: https://repo.maven.apache.org/maven2/io/projectreactor/reactor-bom/2025.0.6/reactor-bom-2025.0.6.pom
[INFO] Downloaded from central: https://repo.maven.apache.org/maven2/io/projectreactor/reactor-bom/2025.0.6/reactor-bom-2025.0.6.pom (4.6 kB at 84 kB/s)
[INFO] Downloading from central: https://repo.maven.apache.org/maven2/io/rsocket/rsocket-bom/1.1.5/rsocket-bom-1.1.5.pom
[INFO] Downloaded from central: https://repo.maven.apache.org/maven2/io/rsocket/rsocket-bom/1.1.5/rsocket-bom-1.1.5.pom (2.4 kB at 40 kB/s)
[INFO] Downloading from central: https://repo.maven.apache.org/maven2/org/seleniumhq/selenium/selenium-bom/4.43.0/selenium-bom-4.43.0.pom
[INFO] Downloaded from central: https://repo.maven.apache.org/maven2/org/seleniumhq/selenium/selenium-bom/4.43.0/selenium-bom-4.43.0.pom (6.0 kB at 131 kB/s)
[INFO] Downloading from central: https://repo.maven.apache.org/maven2/org/springframework/amqp/spring-amqp-bom/4.1.0/spring-amqp-bom-4.1.0.pom
[INFO] Downloaded from central: https://repo.maven.apache.org/maven2/org/springframework/amqp/spring-amqp-bom/4.1.0/spring-amqp-bom-4.1.0.pom (4.2 kB at 92 kB/s)
[INFO] Downloading from central: https://repo.maven.apache.org/maven2/org/springframework/batch/spring-batch-bom/6.0.4/spring-batch-bom-6.0.4.pom
[INFO] Downloaded from central: https://repo.maven.apache.org/maven2/org/springframework/batch/spring-batch-bom/6.0.4/spring-batch-bom-6.0.4.pom (3.2 kB at 66 kB/s)
[INFO] Downloading from central: https://repo.maven.apache.org/maven2/org/springframework/data/spring-data-bom/2026.0.0/spring-data-bom-2026.0.0.pom
[INFO] Downloaded from central: https://repo.maven.apache.org/maven2/org/springframework/data/spring-data-bom/2026.0.0/spring-data-bom-2026.0.0.pom (5.5 kB at 82 kB/s)
[INFO] Downloading from central: https://repo.maven.apache.org/maven2/org/springframework/spring-framework-bom/7.0.8/spring-framework-bom-7.0.8.pom
[INFO] Downloaded from central: https://repo.maven.apache.org/maven2/org/springframework/spring-framework-bom/7.0.8/spring-framework-bom-7.0.8.pom (5.7 kB at 120 kB/s)
[INFO] Downloading from central: https://repo.maven.apache.org/maven2/org/springframework/integration/spring-integration-bom/7.1.0/spring-integration-bom-7.1.0.pom
[INFO] Downloaded from central: https://repo.maven.apache.org/maven2/org/springframework/integration/spring-integration-bom/7.1.0/spring-integration-bom-7.1.0.pom (11 kB at 239 kB/s)
[INFO] Downloading from central: https://repo.maven.apache.org/maven2/org/springframework/pulsar/spring-pulsar-bom/2.0.6/spring-pulsar-bom-2.0.6.pom
[INFO] Downloaded from central: https://repo.maven.apache.org/maven2/org/springframework/pulsar/spring-pulsar-bom/2.0.6/spring-pulsar-bom-2.0.6.pom (2.7 kB at 61 kB/s)
[INFO] Downloading from central: https://repo.maven.apache.org/maven2/org/springframework/restdocs/spring-restdocs-bom/4.0.1/spring-restdocs-bom-4.0.1.pom
[INFO] Downloaded from central: https://repo.maven.apache.org/maven2/org/springframework/restdocs/spring-restdocs-bom/4.0.1/spring-restdocs-bom-4.0.1.pom (2.4 kB at 58 kB/s)
[INFO] Downloading from central: https://repo.maven.apache.org/maven2/org/springframework/security/spring-security-bom/7.1.0/spring-security-bom-7.1.0.pom
[INFO] Downloaded from central: https://repo.maven.apache.org/maven2/org/springframework/security/spring-security-bom/7.1.0/spring-security-bom-7.1.0.pom (6.7 kB at 155 kB/s)
[INFO] Downloading from central: https://repo.maven.apache.org/maven2/org/springframework/session/spring-session-bom/4.1.0/spring-session-bom-4.1.0.pom
[INFO] Downloaded from central: https://repo.maven.apache.org/maven2/org/springframework/session/spring-session-bom/4.1.0/spring-session-bom-4.1.0.pom (2.5 kB at 68 kB/s)
[INFO] Downloading from central: https://repo.maven.apache.org/maven2/org/springframework/ws/spring-ws-bom/5.0.2/spring-ws-bom-5.0.2.pom
[INFO] Downloaded from central: https://repo.maven.apache.org/maven2/org/springframework/ws/spring-ws-bom/5.0.2/spring-ws-bom-5.0.2.pom (2.3 kB at 58 kB/s)
[INFO] Downloading from central: https://repo.maven.apache.org/maven2/org/testcontainers/testcontainers-bom/2.0.5/testcontainers-bom-2.0.5.pom
[INFO] Downloaded from central: https://repo.maven.apache.org/maven2/org/testcontainers/testcontainers-bom/2.0.5/testcontainers-bom-2.0.5.pom (12 kB at 350 kB/s)
[INFO] 
[INFO] ------------< org.springframework.samples:spring-petclinic >------------
[INFO] Building petclinic 4.0.0-SNAPSHOT
[INFO]   from pom.xml
[INFO] --------------------------------[ jar ]---------------------------------
[INFO] Downloading from central: https://repo.maven.apache.org/maven2/org/apache/maven/plugins/maven-enforcer-plugin/3.6.3/maven-enforcer-plugin-3.6.3.pom
[INFO] Downloaded from central: https://repo.maven.apache.org/maven2/org/apache/maven/plugins/maven-enforcer-plugin/3.6.3/maven-enforcer-plugin-3.6.3.pom (8.2 kB at 221 kB/s)
[INFO] Downloading from central: https://repo.maven.apache.org/maven2/org/apache/maven/enforcer/enforcer/3.6.3/enforcer-3.6.3.pom
[INFO] Downloaded from central: https://repo.maven.apache.org/maven2/org/apache/maven/enforcer/enforcer/3.6.3/enforcer-3.6.3.pom (10 kB at 251 kB/s)
[INFO] Downloading from central: https://repo.maven.apache.org/maven2/org/apache/maven/maven-parent/48/maven-parent-48.pom
[INFO] Downloaded from central: https://repo.maven.apache.org/maven2/org/apache/maven/maven-parent/48/maven-parent-48.pom (50 kB at 1.3 MB/s)
[INFO] Downloading from central: https://repo.maven.apache.org/maven2/org/apache/apache/38/apache-38.pom
[INFO] Downloaded from central: https://repo.maven.apache.org/maven2/org/apache/apache/38/apache-38.pom (26 kB at 776 kB/s)
[INFO] Downloading from central: https://repo.maven.apache.org/maven2/org/junit/junit-bom/5.14.4/junit-bom-5.14.4.pom
[INFO] Downloaded from central: https://repo.maven.apache.org/maven2/org/junit/junit-bom/5.14.4/junit-bom-5.14.4.pom (5.7 kB at 177 kB/s)
[INFO] Downloading from central: https://repo.maven.apache.org/maven2/org/apache/maven/plugins/maven-enforcer-plugin/3.6.3/maven-enforcer-plugin-3.6.3.jar
[INFO] Downloaded from central: https://repo.maven.apache.org/maven2/org/apache/maven/plugins/maven-enforcer-plugin/3.6.3/maven-enforcer-plugin-3.6.3.jar (40 kB at 1.2 MB/s)
[INFO] Downloading from central: https://repo.maven.apache.org/maven2/org/springframework/boot/spring-boot-maven-plugin/4.1.0/spring-boot-maven-plugin-4.1.0.pom
[INFO] Downloaded from central: https://repo.maven.apache.org/maven2/org/springframework/boot/spring-boot-maven-plugin/4.1.0/spring-boot-maven-plugin-4.1.0.pom (4.0 kB at 108 kB/s)
[INFO] Downloading from central: https://repo.maven.apache.org/maven2/org/springframework/boot/spring-boot-maven-plugin/4.1.0/spring-boot-maven-plugin-4.1.0.jar
[INFO] Downloaded from central: https://repo.maven.apache.org/maven2/org/springframework/boot/spring-boot-maven-plugin/4.1.0/spring-boot-maven-plugin-4.1.0.jar (141 kB at 4.3 MB/s)
[INFO] Downloading from central: https://repo.maven.apache.org/maven2/org/jacoco/jacoco-maven-plugin/0.8.15/jacoco-maven-plugin-0.8.15.pom
[INFO] Downloaded from central: https://repo.maven.apache.org/maven2/org/jacoco/jacoco-maven-plugin/0.8.15/jacoco-maven-plugin-0.8.15.pom (4.9 kB at 103 kB/s)
[INFO] Downloading from central: https://repo.maven.apache.org/maven2/org/jacoco/org.jacoco.build/0.8.15/org.jacoco.build-0.8.15.pom
[INFO] Downloaded from central: https://repo.maven.apache.org/maven2/org/jacoco/org.jacoco.build/0.8.15/org.jacoco.build-0.8.15.pom (50 kB at 1.0 MB/s)
[INFO] Downloading from central: https://repo.maven.apache.org/maven2/org/ow2/asm/asm-bom/9.10.1/asm-bom-9.10.1.pom
[INFO] Downloaded from central: https://repo.maven.apache.org/maven2/org/ow2/asm/asm-bom/9.10.1/asm-bom-9.10.1.pom (3.3 kB at 78 kB/s)
[INFO] Downloading from central: https://repo.maven.apache.org/maven2/org/jacoco/jacoco-maven-plugin/0.8.15/jacoco-maven-plugin-0.8.15.jar
[INFO] Downloaded from central: https://repo.maven.apache.org/maven2/org/jacoco/jacoco-maven-plugin/0.8.15/jacoco-maven-plugin-0.8.15.jar (58 kB at 1.6 MB/s)
[INFO] Downloading from central: https://repo.maven.apache.org/maven2/io/github/git-commit-id/git-commit-id-maven-plugin/9.2.0/git-commit-id-maven-plugin-9.2.0.pom
[INFO] Downloaded from central: https://repo.maven.apache.org/maven2/io/github/git-commit-id/git-commit-id-maven-plugin/9.2.0/git-commit-id-maven-plugin-9.2.0.pom (28 kB at 684 kB/s)
[INFO] Downloading from central: https://repo.maven.apache.org/maven2/io/github/git-commit-id/git-commit-id-maven-plugin/9.2.0/git-commit-id-maven-plugin-9.2.0.jar
[INFO] Downloaded from central: https://repo.maven.apache.org/maven2/io/github/git-commit-id/git-commit-id-maven-plugin/9.2.0/git-commit-id-maven-plugin-9.2.0.jar (56 kB at 1.8 MB/s)
[INFO] Downloading from central: https://repo.maven.apache.org/maven2/org/apache/maven/plugins/maven-clean-plugin/3.5.0/maven-clean-plugin-3.5.0.pom
[INFO] Downloaded from central: https://repo.maven.apache.org/maven2/org/apache/maven/plugins/maven-clean-plugin/3.5.0/maven-clean-plugin-3.5.0.pom (5.7 kB at 167 kB/s)
[INFO] Downloading from central: https://repo.maven.apache.org/maven2/org/apache/maven/plugins/maven-plugins/44/maven-plugins-44.pom
[INFO] Downloaded from central: https://repo.maven.apache.org/maven2/org/apache/maven/plugins/maven-plugins/44/maven-plugins-44.pom (8.4 kB at 226 kB/s)
[INFO] Downloading from central: https://repo.maven.apache.org/maven2/org/apache/maven/maven-parent/44/maven-parent-44.pom
[INFO] Downloaded from central: https://repo.maven.apache.org/maven2/org/apache/maven/maven-parent/44/maven-parent-44.pom (52 kB at 1.5 MB/s)
[INFO] Downloading from central: https://repo.maven.apache.org/maven2/org/apache/apache/34/apache-34.pom
[INFO] Downloaded from central: https://repo.maven.apache.org/maven2/org/apache/apache/34/apache-34.pom (24 kB at 735 kB/s)
[INFO] Downloading from central: https://repo.maven.apache.org/maven2/org/junit/junit-bom/5.12.1/junit-bom-5.12.1.pom
[INFO] Downloaded from central: https://repo.maven.apache.org/maven2/org/junit/junit-bom/5.12.1/junit-bom-5.12.1.pom (5.6 kB at 171 kB/s)
[INFO] Downloading from central: https://repo.maven.apache.org/maven2/org/apache/maven/plugins/maven-clean-plugin/3.5.0/maven-clean-plugin-3.5.0.jar
[INFO] Downloaded from central: https://repo.maven.apache.org/maven2/org/apache/maven/plugins/maven-clean-plugin/3.5.0/maven-clean-plugin-3.5.0.jar (37 kB at 1.2 MB/s)
[INFO] Downloading from central: https://repo.maven.apache.org/maven2/io/spring/javaformat/spring-javaformat-maven-plugin/0.0.47/spring-javaformat-maven-plugin-0.0.47.pom
[INFO] Downloaded from central: https://repo.maven.apache.org/maven2/io/spring/javaformat/spring-javaformat-maven-plugin/0.0.47/spring-javaformat-maven-plugin-0.0.47.pom (2.7 kB at 74 kB/s)
[INFO] Downloading from central: https://repo.maven.apache.org/maven2/io/spring/javaformat/spring-javaformat-maven/0.0.47/spring-javaformat-maven-0.0.47.pom
[INFO] Downloaded from central: https://repo.maven.apache.org/maven2/io/spring/javaformat/spring-javaformat-maven/0.0.47/spring-javaformat-maven-0.0.47.pom (1.3 kB at 40 kB/s)
[INFO] Downloading from central: https://repo.maven.apache.org/maven2/io/spring/javaformat/spring-javaformat-build/0.0.47/spring-javaformat-build-0.0.47.pom
[INFO] Downloaded from central: https://repo.maven.apache.org/maven2/io/spring/javaformat/spring-javaformat-build/0.0.47/spring-javaformat-build-0.0.47.pom (1.1 kB at 33 kB/s)
[INFO] Downloading from central: https://repo.maven.apache.org/maven2/io/spring/javaformat/spring-javaformat-maven-plugin/0.0.47/spring-javaformat-maven-plugin-0.0.47.jar
[INFO] Downloaded from central: https://repo.maven.apache.org/maven2/io/spring/javaformat/spring-javaformat-maven-plugin/0.0.47/spring-javaformat-maven-plugin-0.0.47.jar (20 kB at 571 kB/s)
[INFO] Downloading from central: https://repo.maven.apache.org/maven2/org/apache/maven/plugins/maven-checkstyle-plugin/3.6.0/maven-checkstyle-plugin-3.6.0.pom
[INFO] Downloaded from central: https://repo.maven.apache.org/maven2/org/apache/maven/plugins/maven-checkstyle-plugin/3.6.0/maven-checkstyle-plugin-3.6.0.pom (15 kB at 418 kB/s)
[INFO] Downloading from central: https://repo.maven.apache.org/maven2/org/apache/maven/plugins/maven-plugins/43/maven-plugins-43.pom
[INFO] Downloaded from central: https://repo.maven.apache.org/maven2/org/apache/maven/plugins/maven-plugins/43/maven-plugins-43.pom (7.5 kB at 241 kB/s)
[INFO] Downloading from central: https://repo.maven.apache.org/maven2/org/apache/maven/maven-parent/43/maven-parent-43.pom
[INFO] Downloaded from central: https://repo.maven.apache.org/maven2/org/apache/maven/maven-parent/43/maven-parent-43.pom (50 kB at 1.4 MB/s)
[INFO] Downloading from central: https://repo.maven.apache.org/maven2/org/junit/junit-bom/5.10.3/junit-bom-5.10.3.pom
[INFO] Downloaded from central: https://repo.maven.apache.org/maven2/org/junit/junit-bom/5.10.3/junit-bom-5.10.3.pom (5.6 kB at 153 kB/s)
[INFO] Downloading from central: https://repo.maven.apache.org/maven2/org/apache/maven/plugins/maven-checkstyle-plugin/3.6.0/maven-checkstyle-plugin-3.6.0.jar
[INFO] Downloaded from central: https://repo.maven.apache.org/maven2/org/apache/maven/plugins/maven-checkstyle-plugin/3.6.0/maven-checkstyle-plugin-3.6.0.jar (100 kB at 2.9 MB/s)
[INFO] Downloading from central: https://repo.maven.apache.org/maven2/org/apache/maven/plugins/maven-resources-plugin/3.5.0/maven-resources-plugin-3.5.0.pom
[INFO] Downloaded from central: https://repo.maven.apache.org/maven2/org/apache/maven/plugins/maven-resources-plugin/3.5.0/maven-resources-plugin-3.5.0.pom (7.7 kB at 196 kB/s)
[INFO] Downloading from central: https://repo.maven.apache.org/maven2/org/apache/maven/plugins/maven-plugins/47/maven-plugins-47.pom
[INFO] Downloaded from central: https://repo.maven.apache.org/maven2/org/apache/maven/plugins/maven-plugins/47/maven-plugins-47.pom (7.2 kB at 212 kB/s)
[INFO] Downloading from central: https://repo.maven.apache.org/maven2/org/apache/maven/maven-parent/47/maven-parent-47.pom
[INFO] Downloaded from central: https://repo.maven.apache.org/maven2/org/apache/maven/maven-parent/47/maven-parent-47.pom (54 kB at 1.4 MB/s)
[INFO] Downloading from central: https://repo.maven.apache.org/maven2/org/junit/junit-bom/5.14.2/junit-bom-5.14.2.pom
[INFO] Downloaded from central: https://repo.maven.apache.org/maven2/org/junit/junit-bom/5.14.2/junit-bom-5.14.2.pom (5.7 kB at 183 kB/s)
[INFO] Downloading from central: https://repo.maven.apache.org/maven2/org/apache/maven/plugins/maven-resources-plugin/3.5.0/maven-resources-plugin-3.5.0.jar
[INFO] Downloaded from central: https://repo.maven.apache.org/maven2/org/apache/maven/plugins/maven-resources-plugin/3.5.0/maven-resources-plugin-3.5.0.jar (32 kB at 973 kB/s)
[INFO] Downloading from central: https://repo.maven.apache.org/maven2/org/apache/maven/plugins/maven-compiler-plugin/3.15.0/maven-compiler-plugin-3.15.0.pom
[INFO] Downloaded from central: https://repo.maven.apache.org/maven2/org/apache/maven/plugins/maven-compiler-plugin/3.15.0/maven-compiler-plugin-3.15.0.pom (9.5 kB at 281 kB/s)
[INFO] Downloading from central: https://repo.maven.apache.org/maven2/org/apache/maven/plugins/maven-compiler-plugin/3.15.0/maven-compiler-plugin-3.15.0.jar
[INFO] Downloaded from central: https://repo.maven.apache.org/maven2/org/apache/maven/plugins/maven-compiler-plugin/3.15.0/maven-compiler-plugin-3.15.0.jar (84 kB at 2.7 MB/s)
[INFO] Downloading from central: https://repo.maven.apache.org/maven2/org/apache/maven/plugins/maven-surefire-plugin/3.5.6/maven-surefire-plugin-3.5.6.pom
[INFO] Downloaded from central: https://repo.maven.apache.org/maven2/org/apache/maven/plugins/maven-surefire-plugin/3.5.6/maven-surefire-plugin-3.5.6.pom (4.9 kB at 157 kB/s)
[INFO] Downloading from central: https://repo.maven.apache.org/maven2/org/apache/maven/surefire/surefire/3.5.6/surefire-3.5.6.pom
[INFO] Downloaded from central: https://repo.maven.apache.org/maven2/org/apache/maven/surefire/surefire/3.5.6/surefire-3.5.6.pom (19 kB at 457 kB/s)
[INFO] Downloading from central: https://repo.maven.apache.org/maven2/org/junit/junit-bom/5.12.2/junit-bom-5.12.2.pom
[INFO] Downloaded from central: https://repo.maven.apache.org/maven2/org/junit/junit-bom/5.12.2/junit-bom-5.12.2.pom (5.6 kB at 171 kB/s)
[INFO] Downloading from central: https://repo.maven.apache.org/maven2/org/apache/maven/plugins/maven-surefire-plugin/3.5.6/maven-surefire-plugin-3.5.6.jar
[INFO] Downloaded from central: https://repo.maven.apache.org/maven2/org/apache/maven/plugins/maven-surefire-plugin/3.5.6/maven-surefire-plugin-3.5.6.jar (47 kB at 1.3 MB/s)
[INFO] Downloading from central: https://repo.maven.apache.org/maven2/org/apache/maven/plugins/maven-jar-plugin/3.5.0/maven-jar-plugin-3.5.0.pom
[INFO] Downloaded from central: https://repo.maven.apache.org/maven2/org/apache/maven/plugins/maven-jar-plugin/3.5.0/maven-jar-plugin-3.5.0.pom (7.6 kB at 225 kB/s)
[INFO] Downloading from central: https://repo.maven.apache.org/maven2/org/apache/maven/plugins/maven-plugins/45/maven-plugins-45.pom
[INFO] Downloaded from central: https://repo.maven.apache.org/maven2/org/apache/maven/plugins/maven-plugins/45/maven-plugins-45.pom (8.4 kB at 246 kB/s)
[INFO] Downloading from central: https://repo.maven.apache.org/maven2/org/apache/maven/maven-parent/45/maven-parent-45.pom
[INFO] Downloaded from central: https://repo.maven.apache.org/maven2/org/apache/maven/maven-parent/45/maven-parent-45.pom (53 kB at 1.6 MB/s)
[INFO] Downloading from central: https://repo.maven.apache.org/maven2/org/junit/junit-bom/5.13.1/junit-bom-5.13.1.pom
[INFO] Downloaded from central: https://repo.maven.apache.org/maven2/org/junit/junit-bom/5.13.1/junit-bom-5.13.1.pom (5.6 kB at 177 kB/s)
[INFO] Downloading from central: https://repo.maven.apache.org/maven2/org/apache/maven/plugins/maven-jar-plugin/3.5.0/maven-jar-plugin-3.5.0.jar
[INFO] Downloaded from central: https://repo.maven.apache.org/maven2/org/apache/maven/plugins/maven-jar-plugin/3.5.0/maven-jar-plugin-3.5.0.jar (35 kB at 1.2 MB/s)
[INFO] Downloading from central: https://repo.maven.apache.org/maven2/org/springframework/boot/spring-boot-starter-actuator/4.1.0/spring-boot-starter-actuator-4.1.0.pom
[INFO] Downloaded from central: https://repo.maven.apache.org/maven2/org/springframework/boot/spring-boot-starter-actuator/4.1.0/spring-boot-starter-actuator-4.1.0.pom (3.2 kB at 88 kB/s)
[INFO] Downloading from central: https://repo.maven.apache.org/maven2/org/springframework/boot/spring-boot-starter/4.1.0/spring-boot-starter-4.1.0.pom
[INFO] Downloaded from central: https://repo.maven.apache.org/maven2/org/springframework/boot/spring-boot-starter/4.1.0/spring-boot-starter-4.1.0.pom (2.7 kB at 68 kB/s)
[INFO] Downloading from central: https://repo.maven.apache.org/maven2/org/springframework/boot/spring-boot-starter-logging/4.1.0/spring-boot-starter-logging-4.1.0.pom
[INFO] Downloaded from central: https://repo.maven.apache.org/maven2/org/springframework/boot/spring-boot-starter-logging/4.1.0/spring-boot-starter-logging-4.1.0.pom (2.4 kB at 68 kB/s)
[INFO] Downloading from central: https://repo.maven.apache.org/maven2/ch/qos/logback/logback-classic/1.5.34/logback-classic-1.5.34.pom
[INFO] Downloaded from central: https://repo.maven.apache.org/maven2/ch/qos/logback/logback-classic/1.5.34/logback-classic-1.5.34.pom (16 kB at 397 kB/s)
[INFO] Downloading from central: https://repo.maven.apache.org/maven2/ch/qos/logback/logback-parent/1.5.34/logback-parent-1.5.34.pom
[INFO] Downloaded from central: https://repo.maven.apache.org/maven2/ch/qos/logback/logback-parent/1.5.34/logback-parent-1.5.34.pom (20 kB at 556 kB/s)
[INFO] Downloading from central: https://repo.maven.apache.org/maven2/ch/qos/logback/logback-core/1.5.34/logback-core-1.5.34.pom
[INFO] Downloaded from central: https://repo.maven.apache.org/maven2/ch/qos/logback/logback-core/1.5.34/logback-core-1.5.34.pom (9.4 kB at 286 kB/s)
[INFO] Downloading from central: https://repo.maven.apache.org/maven2/org/slf4j/slf4j-api/2.0.18/slf4j-api-2.0.18.pom
[INFO] Downloaded from central: https://repo.maven.apache.org/maven2/org/slf4j/slf4j-api/2.0.18/slf4j-api-2.0.18.pom (2.8 kB at 91 kB/s)
[INFO] Downloading from central: https://repo.maven.apache.org/maven2/org/slf4j/slf4j-parent/2.0.18/slf4j-parent-2.0.18.pom
[INFO] Downloaded from central: https://repo.maven.apache.org/maven2/org/slf4j/slf4j-parent/2.0.18/slf4j-parent-2.0.18.pom (13 kB at 405 kB/s)
[INFO] Downloading from central: https://repo.maven.apache.org/maven2/org/slf4j/slf4j-bom/2.0.18/slf4j-bom-2.0.18.pom
[INFO] Downloaded from central: https://repo.maven.apache.org/maven2/org/slf4j/slf4j-bom/2.0.18/slf4j-bom-2.0.18.pom (7.9 kB at 254 kB/s)
[INFO] Downloading from central: https://repo.maven.apache.org/maven2/org/apache/logging/log4j/log4j-to-slf4j/2.25.4/log4j-to-slf4j-2.25.4.pom
[INFO] Downloaded from central: https://repo.maven.apache.org/maven2/org/apache/logging/log4j/log4j-to-slf4j/2.25.4/log4j-to-slf4j-2.25.4.pom (5.5 kB at 144 kB/s)
[INFO] Downloading from central: https://repo.maven.apache.org/maven2/org/apache/logging/log4j/log4j/2.25.4/log4j-2.25.4.pom
[INFO] Downloaded from central: https://repo.maven.apache.org/maven2/org/apache/logging/log4j/log4j/2.25.4/log4j-2.25.4.pom (41 kB at 1.2 MB/s)
[INFO] Downloading from central: https://repo.maven.apache.org/maven2/org/apache/groovy/groovy-bom/4.0.27/groovy-bom-4.0.27.pom
[INFO] Downloaded from central: https://repo.maven.apache.org/maven2/org/apache/groovy/groovy-bom/4.0.27/groovy-bom-4.0.27.pom (27 kB at 802 kB/s)
[INFO] Downloading from central: https://repo.maven.apache.org/maven2/com/fasterxml/jackson/jackson-bom/2.19.1/jackson-bom-2.19.1.pom
[INFO] Downloaded from central: https://repo.maven.apache.org/maven2/com/fasterxml/jackson/jackson-bom/2.19.1/jackson-bom-2.19.1.pom (20 kB at 633 kB/s)
[INFO] Downloading from central: https://repo.maven.apache.org/maven2/com/fasterxml/jackson/jackson-parent/2.19.2/jackson-parent-2.19.2.pom
[INFO] Downloaded from central: https://repo.maven.apache.org/maven2/com/fasterxml/jackson/jackson-parent/2.19.2/jackson-parent-2.19.2.pom (7.2 kB at 205 kB/s)
[INFO] Downloading from central: https://repo.maven.apache.org/maven2/com/fasterxml/oss-parent/68/oss-parent-68.pom
[INFO] Downloaded from central: https://repo.maven.apache.org/maven2/com/fasterxml/oss-parent/68/oss-parent-68.pom (24 kB at 695 kB/s)
[INFO] Downloading from central: https://repo.maven.apache.org/maven2/jakarta/platform/jakarta.jakartaee-bom/9.1.0/jakarta.jakartaee-bom-9.1.0.pom
[INFO] Downloaded from central: https://repo.maven.apache.org/maven2/jakarta/platform/jakarta.jakartaee-bom/9.1.0/jakarta.jakartaee-bom-9.1.0.pom (9.6 kB at 222 kB/s)
[INFO] Downloading from central: https://repo.maven.apache.org/maven2/jakarta/platform/jakartaee-api-parent/9.1.0/jakartaee-api-parent-9.1.0.pom
[INFO] Downloaded from central: https://repo.maven.apache.org/maven2/jakarta/platform/jakartaee-api-parent/9.1.0/jakartaee-api-parent-9.1.0.pom (15 kB at 371 kB/s)
[INFO] Downloading from central: https://repo.maven.apache.org/maven2/org/eclipse/ee4j/project/1.0.7/project-1.0.7.pom
[INFO] Downloaded from central: https://repo.maven.apache.org/maven2/org/eclipse/ee4j/project/1.0.7/project-1.0.7.pom (14 kB at 322 kB/s)
[INFO] Downloading from central: https://repo.maven.apache.org/maven2/org/junit/junit-bom/5.13.2/junit-bom-5.13.2.pom
[INFO] Downloaded from central: https://repo.maven.apache.org/maven2/org/junit/junit-bom/5.13.2/junit-bom-5.13.2.pom (5.7 kB at 157 kB/s)
[INFO] Downloading from central: https://repo.maven.apache.org/maven2/org/mockito/mockito-bom/4.11.0/mockito-bom-4.11.0.pom
[INFO] Downloaded from central: https://repo.maven.apache.org/maven2/org/mockito/mockito-bom/4.11.0/mockito-bom-4.11.0.pom (3.2 kB at 93 kB/s)
[INFO] Downloading from central: https://repo.maven.apache.org/maven2/org/springframework/spring-framework-bom/5.3.39/spring-framework-bom-5.3.39.pom
[INFO] Downloaded from central: https://repo.maven.apache.org/maven2/org/springframework/spring-framework-bom/5.3.39/spring-framework-bom-5.3.39.pom (5.7 kB at 177 kB/s)
[INFO] Downloading from central: https://repo.maven.apache.org/maven2/org/apache/logging/log4j/log4j-api/2.25.4/log4j-api-2.25.4.pom
[INFO] Downloaded from central: https://repo.maven.apache.org/maven2/org/apache/logging/log4j/log4j-api/2.25.4/log4j-api-2.25.4.pom (4.5 kB at 100 kB/s)
[INFO] Downloading from central: https://repo.maven.apache.org/maven2/org/slf4j/jul-to-slf4j/2.0.18/jul-to-slf4j-2.0.18.pom
[INFO] Downloaded from central: https://repo.maven.apache.org/maven2/org/slf4j/jul-to-slf4j/2.0.18/jul-to-slf4j-2.0.18.pom (1.1 kB at 30 kB/s)
[INFO] Downloading from central: https://repo.maven.apache.org/maven2/org/springframework/boot/spring-boot-autoconfigure/4.1.0/spring-boot-autoconfigure-4.1.0.pom
[INFO] Downloaded from central: https://repo.maven.apache.org/maven2/org/springframework/boot/spring-boot-autoconfigure/4.1.0/spring-boot-autoconfigure-4.1.0.pom (2.1 kB at 59 kB/s)
[INFO] Downloading from central: https://repo.maven.apache.org/maven2/org/springframework/boot/spring-boot/4.1.0/spring-boot-4.1.0.pom
[INFO] Downloaded from central: https://repo.maven.apache.org/maven2/org/springframework/boot/spring-boot/4.1.0/spring-boot-4.1.0.pom (2.2 kB at 58 kB/s)
[INFO] Downloading from central: https://repo.maven.apache.org/maven2/org/springframework/spring-core/7.0.8/spring-core-7.0.8.pom
[INFO] Downloaded from central: https://repo.maven.apache.org/maven2/org/springframework/spring-core/7.0.8/spring-core-7.0.8.pom (2.2 kB at 59 kB/s)
[INFO] Downloading from central: https://repo.maven.apache.org/maven2/commons-logging/commons-logging/1.3.6/commons-logging-1.3.6.pom
[INFO] Downloaded from central: https://repo.maven.apache.org/maven2/commons-logging/commons-logging/1.3.6/commons-logging-1.3.6.pom (32 kB at 766 kB/s)
[INFO] Downloading from central: https://repo.maven.apache.org/maven2/org/apache/commons/commons-parent/97/commons-parent-97.pom
[INFO] Downloaded from central: https://repo.maven.apache.org/maven2/org/apache/commons/commons-parent/97/commons-parent-97.pom (80 kB at 1.9 MB/s)
[INFO] Downloading from central: https://repo.maven.apache.org/maven2/org/jspecify/jspecify/1.0.0/jspecify-1.0.0.pom
[INFO] Downloaded from central: https://repo.maven.apache.org/maven2/org/jspecify/jspecify/1.0.0/jspecify-1.0.0.pom (1.5 kB at 42 kB/s)
[INFO] Downloading from central: https://repo.maven.apache.org/maven2/org/springframework/spring-context/7.0.8/spring-context-7.0.8.pom
[INFO] Downloaded from central: https://repo.maven.apache.org/maven2/org/springframework/spring-context/7.0.8/spring-context-7.0.8.pom (2.8 kB at 69 kB/s)
[INFO] Downloading from central: https://repo.maven.apache.org/maven2/org/springframework/spring-aop/7.0.8/spring-aop-7.0.8.pom
[INFO] Downloaded from central: https://repo.maven.apache.org/maven2/org/springframework/spring-aop/7.0.8/spring-aop-7.0.8.pom (2.2 kB at 58 kB/s)
[INFO] Downloading from central: https://repo.maven.apache.org/maven2/org/springframework/spring-beans/7.0.8/spring-beans-7.0.8.pom
[INFO] Downloaded from central: https://repo.maven.apache.org/maven2/org/springframework/spring-beans/7.0.8/spring-beans-7.0.8.pom (2.0 kB at 53 kB/s)
[INFO] Downloading from central: https://repo.maven.apache.org/maven2/org/springframework/spring-expression/7.0.8/spring-expression-7.0.8.pom
[INFO] Downloaded from central: https://repo.maven.apache.org/maven2/org/springframework/spring-expression/7.0.8/spring-expression-7.0.8.pom (2.1 kB at 55 kB/s)
[INFO] Downloading from central: https://repo.maven.apache.org/maven2/io/micrometer/micrometer-observation/1.17.0/micrometer-observation-1.17.0.pom
[INFO] Downloaded from central: https://repo.maven.apache.org/maven2/io/micrometer/micrometer-observation/1.17.0/micrometer-observation-1.17.0.pom (4.0 kB at 110 kB/s)
[INFO] Downloading from central: https://repo.maven.apache.org/maven2/io/micrometer/micrometer-commons/1.17.0/micrometer-commons-1.17.0.pom
[INFO] Downloaded from central: https://repo.maven.apache.org/maven2/io/micrometer/micrometer-commons/1.17.0/micrometer-commons-1.17.0.pom (3.7 kB at 104 kB/s)
[INFO] Downloading from central: https://repo.maven.apache.org/maven2/jakarta/annotation/jakarta.annotation-api/3.0.0/jakarta.annotation-api-3.0.0.pom
[INFO] Downloaded from central: https://repo.maven.apache.org/maven2/jakarta/annotation/jakarta.annotation-api/3.0.0/jakarta.annotation-api-3.0.0.pom (15 kB at 420 kB/s)
[INFO] Downloading from central: https://repo.maven.apache.org/maven2/org/yaml/snakeyaml/2.6/snakeyaml-2.6.pom
[INFO] Downloaded from central: https://repo.maven.apache.org/maven2/org/yaml/snakeyaml/2.6/snakeyaml-2.6.pom (21 kB at 591 kB/s)
[INFO] Downloading from central: https://repo.maven.apache.org/maven2/org/springframework/boot/spring-boot-starter-micrometer-metrics/4.1.0/spring-boot-starter-micrometer-metrics-4.1.0.pom
[INFO] Downloaded from central: https://repo.maven.apache.org/maven2/org/springframework/boot/spring-boot-starter-micrometer-metrics/4.1.0/spring-boot-starter-micrometer-metrics-4.1.0.pom (2.3 kB at 58 kB/s)
[INFO] Downloading from central: https://repo.maven.apache.org/maven2/org/springframework/boot/spring-boot-micrometer-metrics/4.1.0/spring-boot-micrometer-metrics-4.1.0.pom
[INFO] Downloaded from central: https://repo.maven.apache.org/maven2/org/springframework/boot/spring-boot-micrometer-metrics/4.1.0/spring-boot-micrometer-metrics-4.1.0.pom (2.5 kB at 63 kB/s)
[INFO] Downloading from central: https://repo.maven.apache.org/maven2/org/springframework/boot/spring-boot-micrometer-observation/4.1.0/spring-boot-micrometer-observation-4.1.0.pom
[INFO] Downloaded from central: https://repo.maven.apache.org/maven2/org/springframework/boot/spring-boot-micrometer-observation/4.1.0/spring-boot-micrometer-observation-4.1.0.pom (2.3 kB at 71 kB/s)
[INFO] Downloading from central: https://repo.maven.apache.org/maven2/io/micrometer/micrometer-core/1.17.0/micrometer-core-1.17.0.pom
[INFO] Downloaded from central: https://repo.maven.apache.org/maven2/io/micrometer/micrometer-core/1.17.0/micrometer-core-1.17.0.pom (11 kB at 321 kB/s)
[INFO] Downloading from central: https://repo.maven.apache.org/maven2/org/hdrhistogram/HdrHistogram/2.2.2/HdrHistogram-2.2.2.pom
[INFO] Downloaded from central: https://repo.maven.apache.org/maven2/org/hdrhistogram/HdrHistogram/2.2.2/HdrHistogram-2.2.2.pom (13 kB at 373 kB/s)
[INFO] Downloading from central: https://repo.maven.apache.org/maven2/org/springframework/boot/spring-boot-actuator-autoconfigure/4.1.0/spring-boot-actuator-autoconfigure-4.1.0.pom
[INFO] Downloaded from central: https://repo.maven.apache.org/maven2/org/springframework/boot/spring-boot-actuator-autoconfigure/4.1.0/spring-boot-actuator-autoconfigure-4.1.0.pom (2.3 kB at 64 kB/s)
[INFO] Downloading from central: https://repo.maven.apache.org/maven2/org/springframework/boot/spring-boot-actuator/4.1.0/spring-boot-actuator-4.1.0.pom
[INFO] Downloaded from central: https://repo.maven.apache.org/maven2/org/springframework/boot/spring-boot-actuator/4.1.0/spring-boot-actuator-4.1.0.pom (2.0 kB at 62 kB/s)
[INFO] Downloading from central: https://repo.maven.apache.org/maven2/org/springframework/boot/spring-boot-health/4.1.0/spring-boot-health-4.1.0.pom
[INFO] Downloaded from central: https://repo.maven.apache.org/maven2/org/springframework/boot/spring-boot-health/4.1.0/spring-boot-health-4.1.0.pom (2.0 kB at 47 kB/s)
[INFO] Downloading from central: https://repo.maven.apache.org/maven2/io/micrometer/micrometer-jakarta9/1.17.0/micrometer-jakarta9-1.17.0.pom
[INFO] Downloaded from central: https://repo.maven.apache.org/maven2/io/micrometer/micrometer-jakarta9/1.17.0/micrometer-jakarta9-1.17.0.pom (4.1 kB at 100 kB/s)
[INFO] Downloading from central: https://repo.maven.apache.org/maven2/org/springframework/boot/spring-boot-starter-cache/4.1.0/spring-boot-starter-cache-4.1.0.pom
[INFO] Downloaded from central: https://repo.maven.apache.org/maven2/org/springframework/boot/spring-boot-starter-cache/4.1.0/spring-boot-starter-cache-4.1.0.pom (2.3 kB at 67 kB/s)
[INFO] Downloading from central: https://repo.maven.apache.org/maven2/org/springframework/boot/spring-boot-cache/4.1.0/spring-boot-cache-4.1.0.pom
[INFO] Downloaded from central: https://repo.maven.apache.org/maven2/org/springframework/boot/spring-boot-cache/4.1.0/spring-boot-cache-4.1.0.pom (2.2 kB at 59 kB/s)
[INFO] Downloading from central: https://repo.maven.apache.org/maven2/org/springframework/spring-context-support/7.0.8/spring-context-support-7.0.8.pom
[INFO] Downloaded from central: https://repo.maven.apache.org/maven2/org/springframework/spring-context-support/7.0.8/spring-context-support-7.0.8.pom (2.4 kB at 69 kB/s)
[INFO] Downloading from central: https://repo.maven.apache.org/maven2/org/springframework/boot/spring-boot-starter-data-jpa/4.1.0/spring-boot-starter-data-jpa-4.1.0.pom
[INFO] Downloaded from central: https://repo.maven.apache.org/maven2/org/springframework/boot/spring-boot-starter-data-jpa/4.1.0/spring-boot-starter-data-jpa-4.1.0.pom (2.7 kB at 81 kB/s)
[INFO] Downloading from central: https://repo.maven.apache.org/maven2/org/springframework/boot/spring-boot-starter-jdbc/4.1.0/spring-boot-starter-jdbc-4.1.0.pom
[INFO] Downloaded from central: https://repo.maven.apache.org/maven2/org/springframework/boot/spring-boot-starter-jdbc/4.1.0/spring-boot-starter-jdbc-4.1.0.pom (2.5 kB at 75 kB/s)
[INFO] Downloading from central: https://repo.maven.apache.org/maven2/org/springframework/boot/spring-boot-jdbc/4.1.0/spring-boot-jdbc-4.1.0.pom
[INFO] Downloaded from central: https://repo.maven.apache.org/maven2/org/springframework/boot/spring-boot-jdbc/4.1.0/spring-boot-jdbc-4.1.0.pom (2.6 kB at 79 kB/s)
[INFO] Downloading from central: https://repo.maven.apache.org/maven2/org/springframework/boot/spring-boot-sql/4.1.0/spring-boot-sql-4.1.0.pom
[INFO] Downloaded from central: https://repo.maven.apache.org/maven2/org/springframework/boot/spring-boot-sql/4.1.0/spring-boot-sql-4.1.0.pom (2.0 kB at 55 kB/s)
[INFO] Downloading from central: https://repo.maven.apache.org/maven2/org/springframework/boot/spring-boot-transaction/4.1.0/spring-boot-transaction-4.1.0.pom
[INFO] Downloaded from central: https://repo.maven.apache.org/maven2/org/springframework/boot/spring-boot-transaction/4.1.0/spring-boot-transaction-4.1.0.pom (2.4 kB at 70 kB/s)
[INFO] Downloading from central: https://repo.maven.apache.org/maven2/org/springframework/boot/spring-boot-persistence/4.1.0/spring-boot-persistence-4.1.0.pom
[INFO] Downloaded from central: https://repo.maven.apache.org/maven2/org/springframework/boot/spring-boot-persistence/4.1.0/spring-boot-persistence-4.1.0.pom (2.2 kB at 70 kB/s)
[INFO] Downloading from central: https://repo.maven.apache.org/maven2/org/springframework/spring-tx/7.0.8/spring-tx-7.0.8.pom
[INFO] Downloaded from central: https://repo.maven.apache.org/maven2/org/springframework/spring-tx/7.0.8/spring-tx-7.0.8.pom (2.2 kB at 60 kB/s)
[INFO] Downloading from central: https://repo.maven.apache.org/maven2/org/springframework/spring-jdbc/7.0.8/spring-jdbc-7.0.8.pom
[INFO] Downloaded from central: https://repo.maven.apache.org/maven2/org/springframework/spring-jdbc/7.0.8/spring-jdbc-7.0.8.pom (2.4 kB at 54 kB/s)
[INFO] Downloading from central: https://repo.maven.apache.org/maven2/com/zaxxer/HikariCP/7.0.2/HikariCP-7.0.2.pom
[INFO] Downloaded from central: https://repo.maven.apache.org/maven2/com/zaxxer/HikariCP/7.0.2/HikariCP-7.0.2.pom (29 kB at 752 kB/s)
[INFO] Downloading from central: https://repo.maven.apache.org/maven2/org/springframework/boot/spring-boot-data-jpa/4.1.0/spring-boot-data-jpa-4.1.0.pom
[INFO] Downloaded from central: https://repo.maven.apache.org/maven2/org/springframework/boot/spring-boot-data-jpa/4.1.0/spring-boot-data-jpa-4.1.0.pom (2.6 kB at 75 kB/s)
[INFO] Downloading from central: https://repo.maven.apache.org/maven2/org/springframework/boot/spring-boot-data-commons/4.1.0/spring-boot-data-commons-4.1.0.pom
[INFO] Downloaded from central: https://repo.maven.apache.org/maven2/org/springframework/boot/spring-boot-data-commons/4.1.0/spring-boot-data-commons-4.1.0.pom (2.5 kB at 72 kB/s)
[INFO] Downloading from central: https://repo.maven.apache.org/maven2/org/springframework/data/spring-data-commons/4.1.0/spring-data-commons-4.1.0.pom
[INFO] Downloaded from central: https://repo.maven.apache.org/maven2/org/springframework/data/spring-data-commons/4.1.0/spring-data-commons-4.1.0.pom (12 kB at 354 kB/s)
[INFO] Downloading from central: https://repo.maven.apache.org/maven2/org/springframework/data/build/spring-data-parent/4.1.0/spring-data-parent-4.1.0.pom
[INFO] Downloaded from central: https://repo.maven.apache.org/maven2/org/springframework/data/build/spring-data-parent/4.1.0/spring-data-parent-4.1.0.pom (49 kB at 1.3 MB/s)
[INFO] Downloading from central: https://repo.maven.apache.org/maven2/org/springframework/data/build/spring-data-build/4.1.0/spring-data-build-4.1.0.pom
[INFO] Downloaded from central: https://repo.maven.apache.org/maven2/org/springframework/data/build/spring-data-build/4.1.0/spring-data-build-4.1.0.pom (6.0 kB at 177 kB/s)
[INFO] Downloading from central: https://repo.maven.apache.org/maven2/org/jmolecules/jmolecules-bom/2025.0.2/jmolecules-bom-2025.0.2.pom
[INFO] Downloaded from central: https://repo.maven.apache.org/maven2/org/jmolecules/jmolecules-bom/2025.0.2/jmolecules-bom-2025.0.2.pom (4.9 kB at 137 kB/s)
[INFO] Downloading from central: https://repo.maven.apache.org/maven2/org/springframework/boot/spring-boot-hibernate/4.1.0/spring-boot-hibernate-4.1.0.pom
[INFO] Downloaded from central: https://repo.maven.apache.org/maven2/org/springframework/boot/spring-boot-hibernate/4.1.0/spring-boot-hibernate-4.1.0.pom (2.4 kB at 78 kB/s)
[INFO] Downloading from central: https://repo.maven.apache.org/maven2/org/springframework/boot/spring-boot-jpa/4.1.0/spring-boot-jpa-4.1.0.pom
[INFO] Downloaded from central: https://repo.maven.apache.org/maven2/org/springframework/boot/spring-boot-jpa/4.1.0/spring-boot-jpa-4.1.0.pom (2.6 kB at 84 kB/s)
[INFO] Downloading from central: https://repo.maven.apache.org/maven2/jakarta/persistence/jakarta.persistence-api/3.2.0/jakarta.persistence-api-3.2.0.pom
[INFO] Downloaded from central: https://repo.maven.apache.org/maven2/jakarta/persistence/jakarta.persistence-api/3.2.0/jakarta.persistence-api-3.2.0.pom (16 kB at 396 kB/s)
[INFO] Downloading from central: https://repo.maven.apache.org/maven2/org/springframework/spring-orm/7.0.8/spring-orm-7.0.8.pom
[INFO] Downloaded from central: https://repo.maven.apache.org/maven2/org/springframework/spring-orm/7.0.8/spring-orm-7.0.8.pom (2.6 kB at 62 kB/s)
[INFO] Downloading from central: https://repo.maven.apache.org/maven2/org/hibernate/orm/hibernate-core/7.4.1.Final/hibernate-core-7.4.1.Final.pom
[INFO] Downloaded from central: https://repo.maven.apache.org/maven2/org/hibernate/orm/hibernate-core/7.4.1.Final/hibernate-core-7.4.1.Final.pom (5.6 kB at 113 kB/s)
[INFO] Downloading from central: https://repo.maven.apache.org/maven2/org/hibernate/orm/hibernate-platform/7.4.1.Final/hibernate-platform-7.4.1.Final.pom
[INFO] Downloaded from central: https://repo.maven.apache.org/maven2/org/hibernate/orm/hibernate-platform/7.4.1.Final/hibernate-platform-7.4.1.Final.pom (11 kB at 285 kB/s)
[INFO] Downloading from central: https://repo.maven.apache.org/maven2/jakarta/transaction/jakarta.transaction-api/2.0.1/jakarta.transaction-api-2.0.1.pom
[INFO] Downloaded from central: https://repo.maven.apache.org/maven2/jakarta/transaction/jakarta.transaction-api/2.0.1/jakarta.transaction-api-2.0.1.pom (14 kB at 290 kB/s)
[INFO] Downloading from central: https://repo.maven.apache.org/maven2/org/eclipse/ee4j/project/1.0.6/project-1.0.6.pom
[INFO] Downloaded from central: https://repo.maven.apache.org/maven2/org/eclipse/ee4j/project/1.0.6/project-1.0.6.pom (13 kB at 351 kB/s)
[INFO] Downloading from central: https://repo.maven.apache.org/maven2/org/jboss/logging/jboss-logging/3.6.3.Final/jboss-logging-3.6.3.Final.pom
[INFO] Downloaded from central: https://repo.maven.apache.org/maven2/org/jboss/logging/jboss-logging/3.6.3.Final/jboss-logging-3.6.3.Final.pom (23 kB at 596 kB/s)
[INFO] Downloading from central: https://repo.maven.apache.org/maven2/org/jboss/jboss-parent/52/jboss-parent-52.pom
[INFO] Downloaded from central: https://repo.maven.apache.org/maven2/org/jboss/jboss-parent/52/jboss-parent-52.pom (102 kB at 2.8 MB/s)
[INFO] Downloading from central: https://repo.maven.apache.org/maven2/org/junit/junit-bom/5.13.4/junit-bom-5.13.4.pom
[INFO] Downloaded from central: https://repo.maven.apache.org/maven2/org/junit/junit-bom/5.13.4/junit-bom-5.13.4.pom (5.7 kB at 189 kB/s)
[INFO] Downloading from central: https://repo.maven.apache.org/maven2/org/hibernate/models/hibernate-models/1.1.1/hibernate-models-1.1.1.pom
[INFO] Downloaded from central: https://repo.maven.apache.org/maven2/org/hibernate/models/hibernate-models/1.1.1/hibernate-models-1.1.1.pom (2.1 kB at 62 kB/s)
[INFO] Downloading from central: https://repo.maven.apache.org/maven2/net/bytebuddy/byte-buddy/1.18.10/byte-buddy-1.18.10.pom
[INFO] Downloaded from central: https://repo.maven.apache.org/maven2/net/bytebuddy/byte-buddy/1.18.10/byte-buddy-1.18.10.pom (21 kB at 588 kB/s)
[INFO] Downloading from central: https://repo.maven.apache.org/maven2/net/bytebuddy/byte-buddy-parent/1.18.10/byte-buddy-parent-1.18.10.pom
[INFO] Downloaded from central: https://repo.maven.apache.org/maven2/net/bytebuddy/byte-buddy-parent/1.18.10/byte-buddy-parent-1.18.10.pom (68 kB at 1.9 MB/s)
[INFO] Downloading from central: https://repo.maven.apache.org/maven2/jakarta/xml/bind/jakarta.xml.bind-api/4.0.5/jakarta.xml.bind-api-4.0.5.pom
[INFO] Downloaded from central: https://repo.maven.apache.org/maven2/jakarta/xml/bind/jakarta.xml.bind-api/4.0.5/jakarta.xml.bind-api-4.0.5.pom (13 kB at 353 kB/s)
[INFO] Downloading from central: https://repo.maven.apache.org/maven2/jakarta/xml/bind/jakarta.xml.bind-api-parent/4.0.5/jakarta.xml.bind-api-parent-4.0.5.pom
[INFO] Downloaded from central: https://repo.maven.apache.org/maven2/jakarta/xml/bind/jakarta.xml.bind-api-parent/4.0.5/jakarta.xml.bind-api-parent-4.0.5.pom (9.1 kB at 277 kB/s)
[INFO] Downloading from central: https://repo.maven.apache.org/maven2/jakarta/activation/jakarta.activation-api/2.1.4/jakarta.activation-api-2.1.4.pom
[INFO] Downloaded from central: https://repo.maven.apache.org/maven2/jakarta/activation/jakarta.activation-api/2.1.4/jakarta.activation-api-2.1.4.pom (19 kB at 529 kB/s)
[INFO] Downloading from central: https://repo.maven.apache.org/maven2/org/glassfish/jaxb/jaxb-runtime/4.0.9/jaxb-runtime-4.0.9.pom
[INFO] Downloaded from central: https://repo.maven.apache.org/maven2/org/glassfish/jaxb/jaxb-runtime/4.0.9/jaxb-runtime-4.0.9.pom (11 kB at 266 kB/s)
[INFO] Downloading from central: https://repo.maven.apache.org/maven2/org/glassfish/jaxb/jaxb-runtime-parent/4.0.9/jaxb-runtime-parent-4.0.9.pom
[INFO] Downloaded from central: https://repo.maven.apache.org/maven2/org/glassfish/jaxb/jaxb-runtime-parent/4.0.9/jaxb-runtime-parent-4.0.9.pom (1.3 kB at 33 kB/s)
[INFO] Downloading from central: https://repo.maven.apache.org/maven2/org/glassfish/jaxb/jaxb-parent/4.0.9/jaxb-parent-4.0.9.pom
[INFO] Downloaded from central: https://repo.maven.apache.org/maven2/org/glassfish/jaxb/jaxb-parent/4.0.9/jaxb-parent-4.0.9.pom (35 kB at 856 kB/s)
[INFO] Downloading from central: https://repo.maven.apache.org/maven2/org/glassfish/jaxb/jaxb-bom-ext/4.0.9/jaxb-bom-ext-4.0.9.pom
[INFO] Downloaded from central: https://repo.maven.apache.org/maven2/org/glassfish/jaxb/jaxb-bom-ext/4.0.9/jaxb-bom-ext-4.0.9.pom (3.6 kB at 99 kB/s)
[INFO] Downloading from central: https://repo.maven.apache.org/maven2/org/glassfish/jaxb/jaxb-bom/4.0.9/jaxb-bom-4.0.9.pom
[INFO] Downloaded from central: https://repo.maven.apache.org/maven2/org/glassfish/jaxb/jaxb-bom/4.0.9/jaxb-bom-4.0.9.pom (13 kB at 320 kB/s)
[INFO] Downloading from central: https://repo.maven.apache.org/maven2/org/eclipse/ee4j/project/2.0.4/project-2.0.4.pom
[INFO] Downloaded from central: https://repo.maven.apache.org/maven2/org/eclipse/ee4j/project/2.0.4/project-2.0.4.pom (27 kB at 852 kB/s)
[INFO] Downloading from central: https://repo.maven.apache.org/maven2/org/glassfish/jaxb/jaxb-core/4.0.9/jaxb-core-4.0.9.pom
[INFO] Downloaded from central: https://repo.maven.apache.org/maven2/org/glassfish/jaxb/jaxb-core/4.0.9/jaxb-core-4.0.9.pom (3.8 kB at 103 kB/s)
[INFO] Downloading from central: https://repo.maven.apache.org/maven2/org/eclipse/angus/angus-activation/2.0.3/angus-activation-2.0.3.pom
[INFO] Downloaded from central: https://repo.maven.apache.org/maven2/org/eclipse/angus/angus-activation/2.0.3/angus-activation-2.0.3.pom (4.0 kB at 114 kB/s)
[INFO] Downloading from central: https://repo.maven.apache.org/maven2/org/eclipse/angus/angus-activation-project/2.0.3/angus-activation-project-2.0.3.pom
[INFO] Downloaded from central: https://repo.maven.apache.org/maven2/org/eclipse/angus/angus-activation-project/2.0.3/angus-activation-project-2.0.3.pom (21 kB at 580 kB/s)
[INFO] Downloading from central: https://repo.maven.apache.org/maven2/org/glassfish/jaxb/txw2/4.0.9/txw2-4.0.9.pom
[INFO] Downloaded from central: https://repo.maven.apache.org/maven2/org/glassfish/jaxb/txw2/4.0.9/txw2-4.0.9.pom (1.9 kB at 53 kB/s)
[INFO] Downloading from central: https://repo.maven.apache.org/maven2/org/glassfish/jaxb/jaxb-txw-parent/4.0.9/jaxb-txw-parent-4.0.9.pom
[INFO] Downloaded from central: https://repo.maven.apache.org/maven2/org/glassfish/jaxb/jaxb-txw-parent/4.0.9/jaxb-txw-parent-4.0.9.pom (1.3 kB at 39 kB/s)
[INFO] Downloading from central: https://repo.maven.apache.org/maven2/com/sun/istack/istack-commons-runtime/4.1.2/istack-commons-runtime-4.1.2.pom
[INFO] Downloaded from central: https://repo.maven.apache.org/maven2/com/sun/istack/istack-commons-runtime/4.1.2/istack-commons-runtime-4.1.2.pom (1.6 kB at 52 kB/s)
[INFO] Downloading from central: https://repo.maven.apache.org/maven2/com/sun/istack/istack-commons/4.1.2/istack-commons-4.1.2.pom
[INFO] Downloaded from central: https://repo.maven.apache.org/maven2/com/sun/istack/istack-commons/4.1.2/istack-commons-4.1.2.pom (26 kB at 774 kB/s)
[INFO] Downloading from central: https://repo.maven.apache.org/maven2/jakarta/inject/jakarta.inject-api/2.0.1/jakarta.inject-api-2.0.1.pom
[INFO] Downloaded from central: https://repo.maven.apache.org/maven2/jakarta/inject/jakarta.inject-api/2.0.1/jakarta.inject-api-2.0.1.pom (5.9 kB at 179 kB/s)
[INFO] Downloading from central: https://repo.maven.apache.org/maven2/org/antlr/antlr4-runtime/4.13.2/antlr4-runtime-4.13.2.pom
[INFO] Downloaded from central: https://repo.maven.apache.org/maven2/org/antlr/antlr4-runtime/4.13.2/antlr4-runtime-4.13.2.pom (3.6 kB at 111 kB/s)
[INFO] Downloading from central: https://repo.maven.apache.org/maven2/org/antlr/antlr4-master/4.13.2/antlr4-master-4.13.2.pom
[INFO] Downloaded from central: https://repo.maven.apache.org/maven2/org/antlr/antlr4-master/4.13.2/antlr4-master-4.13.2.pom (4.8 kB at 142 kB/s)
[INFO] Downloading from central: https://repo.maven.apache.org/maven2/org/sonatype/oss/oss-parent/9/oss-parent-9.pom
[INFO] Downloaded from central: https://repo.maven.apache.org/maven2/org/sonatype/oss/oss-parent/9/oss-parent-9.pom (6.6 kB at 219 kB/s)
[INFO] Downloading from central: https://repo.maven.apache.org/maven2/org/springframework/data/spring-data-jpa/4.1.0/spring-data-jpa-4.1.0.pom
[INFO] Downloaded from central: https://repo.maven.apache.org/maven2/org/springframework/data/spring-data-jpa/4.1.0/spring-data-jpa-4.1.0.pom (13 kB at 367 kB/s)
[INFO] Downloading from central: https://repo.maven.apache.org/maven2/org/springframework/data/spring-data-jpa-parent/4.1.0/spring-data-jpa-parent-4.1.0.pom
[INFO] Downloaded from central: https://repo.maven.apache.org/maven2/org/springframework/data/spring-data-jpa-parent/4.1.0/spring-data-jpa-parent-4.1.0.pom (5.5 kB at 152 kB/s)
[INFO] Downloading from central: https://repo.maven.apache.org/maven2/org/springframework/spring-aspects/7.0.8/spring-aspects-7.0.8.pom
[INFO] Downloaded from central: https://repo.maven.apache.org/maven2/org/springframework/spring-aspects/7.0.8/spring-aspects-7.0.8.pom (2.0 kB at 62 kB/s)
[INFO] Downloading from central: https://repo.maven.apache.org/maven2/org/aspectj/aspectjweaver/1.9.25.1/aspectjweaver-1.9.25.1.pom
[INFO] Downloaded from central: https://repo.maven.apache.org/maven2/org/aspectj/aspectjweaver/1.9.25.1/aspectjweaver-1.9.25.1.pom (1.7 kB at 48 kB/s)
[INFO] Downloading from central: https://repo.maven.apache.org/maven2/org/springframework/boot/spring-boot-starter-thymeleaf/4.1.0/spring-boot-starter-thymeleaf-4.1.0.pom
[INFO] Downloaded from central: https://repo.maven.apache.org/maven2/org/springframework/boot/spring-boot-starter-thymeleaf/4.1.0/spring-boot-starter-thymeleaf-4.1.0.pom (2.3 kB at 62 kB/s)
[INFO] Downloading from central: https://repo.maven.apache.org/maven2/org/springframework/boot/spring-boot-thymeleaf/4.1.0/spring-boot-thymeleaf-4.1.0.pom
[INFO] Downloaded from central: https://repo.maven.apache.org/maven2/org/springframework/boot/spring-boot-thymeleaf/4.1.0/spring-boot-thymeleaf-4.1.0.pom (2.4 kB at 64 kB/s)
[INFO] Downloading from central: https://repo.maven.apache.org/maven2/org/thymeleaf/thymeleaf-spring6/3.1.5.RELEASE/thymeleaf-spring6-3.1.5.RELEASE.pom
[INFO] Downloaded from central: https://repo.maven.apache.org/maven2/org/thymeleaf/thymeleaf-spring6/3.1.5.RELEASE/thymeleaf-spring6-3.1.5.RELEASE.pom (4.6 kB at 116 kB/s)
[INFO] Downloading from central: https://repo.maven.apache.org/maven2/org/thymeleaf/thymeleaf-lib/3.1.5.RELEASE/thymeleaf-lib-3.1.5.RELEASE.pom
[INFO] Downloaded from central: https://repo.maven.apache.org/maven2/org/thymeleaf/thymeleaf-lib/3.1.5.RELEASE/thymeleaf-lib-3.1.5.RELEASE.pom (6.5 kB at 196 kB/s)
[INFO] Downloading from central: https://repo.maven.apache.org/maven2/org/thymeleaf/thymeleaf-parent/3.1.5.RELEASE/thymeleaf-parent-3.1.5.RELEASE.pom
[INFO] Downloaded from central: https://repo.maven.apache.org/maven2/org/thymeleaf/thymeleaf-parent/3.1.5.RELEASE/thymeleaf-parent-3.1.5.RELEASE.pom (23 kB at 691 kB/s)
[INFO] Downloading from central: https://repo.maven.apache.org/maven2/org/springframework/spring-framework-bom/6.2.17/spring-framework-bom-6.2.17.pom
[INFO] Downloaded from central: https://repo.maven.apache.org/maven2/org/springframework/spring-framework-bom/6.2.17/spring-framework-bom-6.2.17.pom (5.8 kB at 177 kB/s)
[INFO] Downloading from central: https://repo.maven.apache.org/maven2/com/fasterxml/jackson/jackson-bom/2.18.2/jackson-bom-2.18.2.pom
[INFO] Downloaded from central: https://repo.maven.apache.org/maven2/com/fasterxml/jackson/jackson-bom/2.18.2/jackson-bom-2.18.2.pom (19 kB at 603 kB/s)
[INFO] Downloading from central: https://repo.maven.apache.org/maven2/com/fasterxml/jackson/jackson-parent/2.18.1/jackson-parent-2.18.1.pom
[INFO] Downloaded from central: https://repo.maven.apache.org/maven2/com/fasterxml/jackson/jackson-parent/2.18.1/jackson-parent-2.18.1.pom (6.7 kB at 203 kB/s)
[INFO] Downloading from central: https://repo.maven.apache.org/maven2/com/fasterxml/oss-parent/61/oss-parent-61.pom
[INFO] Downloaded from central: https://repo.maven.apache.org/maven2/com/fasterxml/oss-parent/61/oss-parent-61.pom (23 kB at 627 kB/s)
[INFO] Downloading from central: https://repo.maven.apache.org/maven2/io/projectreactor/reactor-bom/2024.0.0/reactor-bom-2024.0.0.pom
[INFO] Downloaded from central: https://repo.maven.apache.org/maven2/io/projectreactor/reactor-bom/2024.0.0/reactor-bom-2024.0.0.pom (4.8 kB at 140 kB/s)
[INFO] Downloading from central: https://repo.maven.apache.org/maven2/org/apache/logging/log4j/log4j-bom/2.25.3/log4j-bom-2.25.3.pom
[INFO] Downloaded from central: https://repo.maven.apache.org/maven2/org/apache/logging/log4j/log4j-bom/2.25.3/log4j-bom-2.25.3.pom (12 kB at 307 kB/s)
[INFO] Downloading from central: https://repo.maven.apache.org/maven2/org/junit/junit-bom/5.14.3/junit-bom-5.14.3.pom
[INFO] Downloaded from central: https://repo.maven.apache.org/maven2/org/junit/junit-bom/5.14.3/junit-bom-5.14.3.pom (5.7 kB at 167 kB/s)
[INFO] Downloading from central: https://repo.maven.apache.org/maven2/org/thymeleaf/thymeleaf/3.1.5.RELEASE/thymeleaf-3.1.5.RELEASE.pom
[INFO] Downloaded from central: https://repo.maven.apache.org/maven2/org/thymeleaf/thymeleaf/3.1.5.RELEASE/thymeleaf-3.1.5.RELEASE.pom (4.0 kB at 111 kB/s)
[INFO] Downloading from central: https://repo.maven.apache.org/maven2/org/attoparser/attoparser/2.0.7.RELEASE/attoparser-2.0.7.RELEASE.pom
[INFO] Downloaded from central: https://repo.maven.apache.org/maven2/org/attoparser/attoparser/2.0.7.RELEASE/attoparser-2.0.7.RELEASE.pom (11 kB at 329 kB/s)
[INFO] Downloading from central: https://repo.maven.apache.org/maven2/org/unbescape/unbescape/1.1.6.RELEASE/unbescape-1.1.6.RELEASE.pom
[INFO] Downloaded from central: https://repo.maven.apache.org/maven2/org/unbescape/unbescape/1.1.6.RELEASE/unbescape-1.1.6.RELEASE.pom (10.0 kB at 284 kB/s)
[INFO] Downloading from central: https://repo.maven.apache.org/maven2/org/springframework/spring-web/7.0.8/spring-web-7.0.8.pom
[INFO] Downloaded from central: https://repo.maven.apache.org/maven2/org/springframework/spring-web/7.0.8/spring-web-7.0.8.pom (2.4 kB at 68 kB/s)
[INFO] Downloading from central: https://repo.maven.apache.org/maven2/org/springframework/boot/spring-boot-starter-validation/4.1.0/spring-boot-starter-validation-4.1.0.pom
[INFO] Downloaded from central: https://repo.maven.apache.org/maven2/org/springframework/boot/spring-boot-starter-validation/4.1.0/spring-boot-starter-validation-4.1.0.pom (2.3 kB at 64 kB/s)
[INFO] Downloading from central: https://repo.maven.apache.org/maven2/org/springframework/boot/spring-boot-validation/4.1.0/spring-boot-validation-4.1.0.pom
[INFO] Downloaded from central: https://repo.maven.apache.org/maven2/org/springframework/boot/spring-boot-validation/4.1.0/spring-boot-validation-4.1.0.pom (2.4 kB at 64 kB/s)
[INFO] Downloading from central: https://repo.maven.apache.org/maven2/org/apache/tomcat/embed/tomcat-embed-el/11.0.22/tomcat-embed-el-11.0.22.pom
[INFO] Downloaded from central: https://repo.maven.apache.org/maven2/org/apache/tomcat/embed/tomcat-embed-el/11.0.22/tomcat-embed-el-11.0.22.pom (1.5 kB at 41 kB/s)
[INFO] Downloading from central: https://repo.maven.apache.org/maven2/org/hibernate/validator/hibernate-validator/9.1.0.Final/hibernate-validator-9.1.0.Final.pom
[INFO] Downloaded from central: https://repo.maven.apache.org/maven2/org/hibernate/validator/hibernate-validator/9.1.0.Final/hibernate-validator-9.1.0.Final.pom (5.0 kB at 148 kB/s)
[INFO] Downloading from central: https://repo.maven.apache.org/maven2/jakarta/validation/jakarta.validation-api/3.1.1/jakarta.validation-api-3.1.1.pom
[INFO] Downloaded from central: https://repo.maven.apache.org/maven2/jakarta/validation/jakarta.validation-api/3.1.1/jakarta.validation-api-3.1.1.pom (11 kB at 244 kB/s)
[INFO] Downloading from central: https://repo.maven.apache.org/maven2/com/fasterxml/classmate/1.7.3/classmate-1.7.3.pom
[INFO] Downloaded from central: https://repo.maven.apache.org/maven2/com/fasterxml/classmate/1.7.3/classmate-1.7.3.pom (6.5 kB at 191 kB/s)
[INFO] Downloading from central: https://repo.maven.apache.org/maven2/com/fasterxml/oss-parent/74/oss-parent-74.pom
[INFO] Downloaded from central: https://repo.maven.apache.org/maven2/com/fasterxml/oss-parent/74/oss-parent-74.pom (24 kB at 668 kB/s)
[INFO] Downloading from central: https://repo.maven.apache.org/maven2/org/springframework/boot/spring-boot-starter-webmvc/4.1.0/spring-boot-starter-webmvc-4.1.0.pom
[INFO] Downloaded from central: https://repo.maven.apache.org/maven2/org/springframework/boot/spring-boot-starter-webmvc/4.1.0/spring-boot-starter-webmvc-4.1.0.pom (2.9 kB at 78 kB/s)
[INFO] Downloading from central: https://repo.maven.apache.org/maven2/org/springframework/boot/spring-boot-starter-jackson/4.1.0/spring-boot-starter-jackson-4.1.0.pom
[INFO] Downloaded from central: https://repo.maven.apache.org/maven2/org/springframework/boot/spring-boot-starter-jackson/4.1.0/spring-boot-starter-jackson-4.1.0.pom (2.3 kB at 69 kB/s)
[INFO] Downloading from central: https://repo.maven.apache.org/maven2/org/springframework/boot/spring-boot-jackson/4.1.0/spring-boot-jackson-4.1.0.pom
[INFO] Downloaded from central: https://repo.maven.apache.org/maven2/org/springframework/boot/spring-boot-jackson/4.1.0/spring-boot-jackson-4.1.0.pom (2.2 kB at 60 kB/s)
[INFO] Downloading from central: https://repo.maven.apache.org/maven2/tools/jackson/core/jackson-databind/3.1.4/jackson-databind-3.1.4.pom
[INFO] Downloaded from central: https://repo.maven.apache.org/maven2/tools/jackson/core/jackson-databind/3.1.4/jackson-databind-3.1.4.pom (18 kB at 501 kB/s)
[INFO] Downloading from central: https://repo.maven.apache.org/maven2/tools/jackson/jackson-base/3.1.4/jackson-base-3.1.4.pom
[INFO] Downloaded from central: https://repo.maven.apache.org/maven2/tools/jackson/jackson-base/3.1.4/jackson-base-3.1.4.pom (16 kB at 435 kB/s)
[INFO] Downloading from central: https://repo.maven.apache.org/maven2/com/fasterxml/jackson/core/jackson-annotations/2.21/jackson-annotations-2.21.pom
[INFO] Downloaded from central: https://repo.maven.apache.org/maven2/com/fasterxml/jackson/core/jackson-annotations/2.21/jackson-annotations-2.21.pom (7.4 kB at 217 kB/s)
[INFO] Downloading from central: https://repo.maven.apache.org/maven2/tools/jackson/core/jackson-core/3.1.4/jackson-core-3.1.4.pom
[INFO] Downloaded from central: https://repo.maven.apache.org/maven2/tools/jackson/core/jackson-core/3.1.4/jackson-core-3.1.4.pom (11 kB at 347 kB/s)
[INFO] Downloading from central: https://repo.maven.apache.org/maven2/org/springframework/boot/spring-boot-starter-tomcat/4.1.0/spring-boot-starter-tomcat-4.1.0.pom
[INFO] Downloaded from central: https://repo.maven.apache.org/maven2/org/springframework/boot/spring-boot-starter-tomcat/4.1.0/spring-boot-starter-tomcat-4.1.0.pom (2.5 kB at 74 kB/s)
[INFO] Downloading from central: https://repo.maven.apache.org/maven2/org/springframework/boot/spring-boot-starter-tomcat-runtime/4.1.0/spring-boot-starter-tomcat-runtime-4.1.0.pom
[INFO] Downloaded from central: https://repo.maven.apache.org/maven2/org/springframework/boot/spring-boot-starter-tomcat-runtime/4.1.0/spring-boot-starter-tomcat-runtime-4.1.0.pom (3.7 kB at 83 kB/s)
[INFO] Downloading from central: https://repo.maven.apache.org/maven2/org/springframework/boot/spring-boot-tomcat/4.1.0/spring-boot-tomcat-4.1.0.pom
[INFO] Downloaded from central: https://repo.maven.apache.org/maven2/org/springframework/boot/spring-boot-tomcat/4.1.0/spring-boot-tomcat-4.1.0.pom (2.6 kB at 79 kB/s)
[INFO] Downloading from central: https://repo.maven.apache.org/maven2/org/springframework/boot/spring-boot-web-server/4.1.0/spring-boot-web-server-4.1.0.pom
[INFO] Downloaded from central: https://repo.maven.apache.org/maven2/org/springframework/boot/spring-boot-web-server/4.1.0/spring-boot-web-server-4.1.0.pom (2.2 kB at 57 kB/s)
[INFO] Downloading from central: https://repo.maven.apache.org/maven2/org/apache/tomcat/embed/tomcat-embed-core/11.0.22/tomcat-embed-core-11.0.22.pom
[INFO] Downloaded from central: https://repo.maven.apache.org/maven2/org/apache/tomcat/embed/tomcat-embed-core/11.0.22/tomcat-embed-core-11.0.22.pom (1.8 kB at 36 kB/s)
[INFO] Downloading from central: https://repo.maven.apache.org/maven2/org/apache/tomcat/embed/tomcat-embed-websocket/11.0.22/tomcat-embed-websocket-11.0.22.pom
[INFO] Downloaded from central: https://repo.maven.apache.org/maven2/org/apache/tomcat/embed/tomcat-embed-websocket/11.0.22/tomcat-embed-websocket-11.0.22.pom (1.8 kB at 48 kB/s)
[INFO] Downloading from central: https://repo.maven.apache.org/maven2/org/springframework/boot/spring-boot-http-converter/4.1.0/spring-boot-http-converter-4.1.0.pom
[INFO] Downloaded from central: https://repo.maven.apache.org/maven2/org/springframework/boot/spring-boot-http-converter/4.1.0/spring-boot-http-converter-4.1.0.pom (2.2 kB at 61 kB/s)
[INFO] Downloading from central: https://repo.maven.apache.org/maven2/org/springframework/boot/spring-boot-webmvc/4.1.0/spring-boot-webmvc-4.1.0.pom
[INFO] Downloaded from central: https://repo.maven.apache.org/maven2/org/springframework/boot/spring-boot-webmvc/4.1.0/spring-boot-webmvc-4.1.0.pom (2.6 kB at 73 kB/s)
[INFO] Downloading from central: https://repo.maven.apache.org/maven2/org/springframework/boot/spring-boot-servlet/4.1.0/spring-boot-servlet-4.1.0.pom
[INFO] Downloaded from central: https://repo.maven.apache.org/maven2/org/springframework/boot/spring-boot-servlet/4.1.0/spring-boot-servlet-4.1.0.pom (2.2 kB at 67 kB/s)
[INFO] Downloading from central: https://repo.maven.apache.org/maven2/org/springframework/spring-webmvc/7.0.8/spring-webmvc-7.0.8.pom
[INFO] Downloaded from central: https://repo.maven.apache.org/maven2/org/springframework/spring-webmvc/7.0.8/spring-webmvc-7.0.8.pom (3.0 kB at 78 kB/s)
[INFO] Downloading from central: https://repo.maven.apache.org/maven2/javax/cache/cache-api/1.1.1/cache-api-1.1.1.pom
[INFO] Downloaded from central: https://repo.maven.apache.org/maven2/javax/cache/cache-api/1.1.1/cache-api-1.1.1.pom (12 kB at 282 kB/s)
[INFO] Downloading from central: https://repo.maven.apache.org/maven2/com/h2database/h2/2.4.240/h2-2.4.240.pom
[INFO] Downloaded from central: https://repo.maven.apache.org/maven2/com/h2database/h2/2.4.240/h2-2.4.240.pom (1.1 kB at 32 kB/s)
[INFO] Downloading from central: https://repo.maven.apache.org/maven2/com/github/ben-manes/caffeine/caffeine/3.2.4/caffeine-3.2.4.pom
[INFO] Downloaded from central: https://repo.maven.apache.org/maven2/com/github/ben-manes/caffeine/caffeine/3.2.4/caffeine-3.2.4.pom (2.1 kB at 56 kB/s)
[INFO] Downloading from central: https://repo.maven.apache.org/maven2/com/google/errorprone/error_prone_annotations/2.49.0/error_prone_annotations-2.49.0.pom
[INFO] Downloaded from central: https://repo.maven.apache.org/maven2/com/google/errorprone/error_prone_annotations/2.49.0/error_prone_annotations-2.49.0.pom (4.3 kB at 129 kB/s)
[INFO] Downloading from central: https://repo.maven.apache.org/maven2/com/google/errorprone/error_prone_parent/2.49.0/error_prone_parent-2.49.0.pom
[INFO] Downloaded from central: https://repo.maven.apache.org/maven2/com/google/errorprone/error_prone_parent/2.49.0/error_prone_parent-2.49.0.pom (16 kB at 481 kB/s)
[INFO] Downloading from central: https://repo.maven.apache.org/maven2/com/mysql/mysql-connector-j/9.7.0/mysql-connector-j-9.7.0.pom
[INFO] Downloaded from central: https://repo.maven.apache.org/maven2/com/mysql/mysql-connector-j/9.7.0/mysql-connector-j-9.7.0.pom (3.2 kB at 77 kB/s)
[INFO] Downloading from central: https://repo.maven.apache.org/maven2/org/postgresql/postgresql/42.7.11/postgresql-42.7.11.pom
[INFO] Downloaded from central: https://repo.maven.apache.org/maven2/org/postgresql/postgresql/42.7.11/postgresql-42.7.11.pom (2.4 kB at 64 kB/s)
[INFO] Downloading from central: https://repo.maven.apache.org/maven2/org/webjars/webjars-locator-lite/1.1.3/webjars-locator-lite-1.1.3.pom
[INFO] Downloaded from central: https://repo.maven.apache.org/maven2/org/webjars/webjars-locator-lite/1.1.3/webjars-locator-lite-1.1.3.pom (6.9 kB at 185 kB/s)
[INFO] Downloading from central: https://repo.maven.apache.org/maven2/org/webjars/npm/bootstrap/5.3.8/bootstrap-5.3.8.pom
[INFO] Downloaded from central: https://repo.maven.apache.org/maven2/org/webjars/npm/bootstrap/5.3.8/bootstrap-5.3.8.pom (1.5 kB at 42 kB/s)
[INFO] Downloading from central: https://repo.maven.apache.org/maven2/org/webjars/npm/font-awesome/4.7.0/font-awesome-4.7.0.pom
[INFO] Downloaded from central: https://repo.maven.apache.org/maven2/org/webjars/npm/font-awesome/4.7.0/font-awesome-4.7.0.pom (1.4 kB at 39 kB/s)
[INFO] Downloading from central: https://repo.maven.apache.org/maven2/org/springframework/boot/spring-boot-devtools/4.1.0/spring-boot-devtools-4.1.0.pom
[INFO] Downloaded from central: https://repo.maven.apache.org/maven2/org/springframework/boot/spring-boot-devtools/4.1.0/spring-boot-devtools-4.1.0.pom (2.3 kB at 64 kB/s)
[INFO] Downloading from central: https://repo.maven.apache.org/maven2/org/springframework/boot/spring-boot-starter-data-jpa-test/4.1.0/spring-boot-starter-data-jpa-test-4.1.0.pom
[INFO] Downloaded from central: https://repo.maven.apache.org/maven2/org/springframework/boot/spring-boot-starter-data-jpa-test/4.1.0/spring-boot-starter-data-jpa-test-4.1.0.pom (2.7 kB at 91 kB/s)
[INFO] Downloading from central: https://repo.maven.apache.org/maven2/org/springframework/boot/spring-boot-starter-test/4.1.0/spring-boot-starter-test-4.1.0.pom
[INFO] Downloaded from central: https://repo.maven.apache.org/maven2/org/springframework/boot/spring-boot-starter-test/4.1.0/spring-boot-starter-test-4.1.0.pom (4.9 kB at 136 kB/s)
[INFO] Downloading from central: https://repo.maven.apache.org/maven2/org/springframework/boot/spring-boot-test/4.1.0/spring-boot-test-4.1.0.pom
[INFO] Downloaded from central: https://repo.maven.apache.org/maven2/org/springframework/boot/spring-boot-test/4.1.0/spring-boot-test-4.1.0.pom (2.2 kB at 71 kB/s)
[INFO] Downloading from central: https://repo.maven.apache.org/maven2/org/springframework/spring-test/7.0.8/spring-test-7.0.8.pom
[INFO] Downloaded from central: https://repo.maven.apache.org/maven2/org/springframework/spring-test/7.0.8/spring-test-7.0.8.pom (2.1 kB at 54 kB/s)
[INFO] Downloading from central: https://repo.maven.apache.org/maven2/org/springframework/boot/spring-boot-test-autoconfigure/4.1.0/spring-boot-test-autoconfigure-4.1.0.pom
[INFO] Downloaded from central: https://repo.maven.apache.org/maven2/org/springframework/boot/spring-boot-test-autoconfigure/4.1.0/spring-boot-test-autoconfigure-4.1.0.pom (2.1 kB at 65 kB/s)
[INFO] Downloading from central: https://repo.maven.apache.org/maven2/com/jayway/jsonpath/json-path/2.10.0/json-path-2.10.0.pom
[INFO] Downloaded from central: https://repo.maven.apache.org/maven2/com/jayway/jsonpath/json-path/2.10.0/json-path-2.10.0.pom (1.9 kB at 55 kB/s)
[INFO] Downloading from central: https://repo.maven.apache.org/maven2/net/minidev/json-smart/2.6.0/json-smart-2.6.0.pom
[INFO] Downloaded from central: https://repo.maven.apache.org/maven2/net/minidev/json-smart/2.6.0/json-smart-2.6.0.pom (12 kB at 338 kB/s)
[INFO] Downloading from central: https://repo.maven.apache.org/maven2/net/minidev/accessors-smart/2.6.0/accessors-smart-2.6.0.pom
[INFO] Downloaded from central: https://repo.maven.apache.org/maven2/net/minidev/accessors-smart/2.6.0/accessors-smart-2.6.0.pom (14 kB at 408 kB/s)
[INFO] Downloading from central: https://repo.maven.apache.org/maven2/org/ow2/asm/asm/9.7.1/asm-9.7.1.pom
[INFO] Downloaded from central: https://repo.maven.apache.org/maven2/org/ow2/asm/asm/9.7.1/asm-9.7.1.pom (2.4 kB at 77 kB/s)
[INFO] Downloading from central: https://repo.maven.apache.org/maven2/org/assertj/assertj-core/3.27.7/assertj-core-3.27.7.pom
[INFO] Downloaded from central: https://repo.maven.apache.org/maven2/org/assertj/assertj-core/3.27.7/assertj-core-3.27.7.pom (3.8 kB at 109 kB/s)
[INFO] Downloading from central: https://repo.maven.apache.org/maven2/org/awaitility/awaitility/4.3.0/awaitility-4.3.0.pom
[INFO] Downloaded from central: https://repo.maven.apache.org/maven2/org/awaitility/awaitility/4.3.0/awaitility-4.3.0.pom (3.7 kB at 77 kB/s)
[INFO] Downloading from central: https://repo.maven.apache.org/maven2/org/awaitility/awaitility-parent/4.3.0/awaitility-parent-4.3.0.pom
[INFO] Downloaded from central: https://repo.maven.apache.org/maven2/org/awaitility/awaitility-parent/4.3.0/awaitility-parent-4.3.0.pom (11 kB at 319 kB/s)
[INFO] Downloading from central: https://repo.maven.apache.org/maven2/org/hamcrest/hamcrest/3.0/hamcrest-3.0.pom
[INFO] Downloaded from central: https://repo.maven.apache.org/maven2/org/hamcrest/hamcrest/3.0/hamcrest-3.0.pom (1.6 kB at 49 kB/s)
[INFO] Downloading from central: https://repo.maven.apache.org/maven2/org/junit/jupiter/junit-jupiter/6.0.3/junit-jupiter-6.0.3.pom
[INFO] Downloaded from central: https://repo.maven.apache.org/maven2/org/junit/jupiter/junit-jupiter/6.0.3/junit-jupiter-6.0.3.pom (3.2 kB at 87 kB/s)
[INFO] Downloading from central: https://repo.maven.apache.org/maven2/org/junit/jupiter/junit-jupiter-api/6.0.3/junit-jupiter-api-6.0.3.pom
[INFO] Downloaded from central: https://repo.maven.apache.org/maven2/org/junit/jupiter/junit-jupiter-api/6.0.3/junit-jupiter-api-6.0.3.pom (3.4 kB at 82 kB/s)
[INFO] Downloading from central: https://repo.maven.apache.org/maven2/org/opentest4j/opentest4j/1.3.0/opentest4j-1.3.0.pom
[INFO] Downloaded from central: https://repo.maven.apache.org/maven2/org/opentest4j/opentest4j/1.3.0/opentest4j-1.3.0.pom (2.0 kB at 55 kB/s)
[INFO] Downloading from central: https://repo.maven.apache.org/maven2/org/junit/platform/junit-platform-commons/6.0.3/junit-platform-commons-6.0.3.pom
[INFO] Downloaded from central: https://repo.maven.apache.org/maven2/org/junit/platform/junit-platform-commons/6.0.3/junit-platform-commons-6.0.3.pom (3.0 kB at 82 kB/s)
[INFO] Downloading from central: https://repo.maven.apache.org/maven2/org/apiguardian/apiguardian-api/1.1.2/apiguardian-api-1.1.2.pom
[INFO] Downloaded from central: https://repo.maven.apache.org/maven2/org/apiguardian/apiguardian-api/1.1.2/apiguardian-api-1.1.2.pom (1.5 kB at 45 kB/s)
[INFO] Downloading from central: https://repo.maven.apache.org/maven2/org/junit/jupiter/junit-jupiter-params/6.0.3/junit-jupiter-params-6.0.3.pom
[INFO] Downloaded from central: https://repo.maven.apache.org/maven2/org/junit/jupiter/junit-jupiter-params/6.0.3/junit-jupiter-params-6.0.3.pom (3.2 kB at 94 kB/s)
[INFO] Downloading from central: https://repo.maven.apache.org/maven2/org/junit/jupiter/junit-jupiter-engine/6.0.3/junit-jupiter-engine-6.0.3.pom
[INFO] Downloaded from central: https://repo.maven.apache.org/maven2/org/junit/jupiter/junit-jupiter-engine/6.0.3/junit-jupiter-engine-6.0.3.pom (3.4 kB at 100 kB/s)
[INFO] Downloading from central: https://repo.maven.apache.org/maven2/org/junit/platform/junit-platform-engine/6.0.3/junit-platform-engine-6.0.3.pom
[INFO] Downloaded from central: https://repo.maven.apache.org/maven2/org/junit/platform/junit-platform-engine/6.0.3/junit-platform-engine-6.0.3.pom (3.4 kB at 113 kB/s)
[INFO] Downloading from central: https://repo.maven.apache.org/maven2/org/mockito/mockito-core/5.23.0/mockito-core-5.23.0.pom
[INFO] Downloaded from central: https://repo.maven.apache.org/maven2/org/mockito/mockito-core/5.23.0/mockito-core-5.23.0.pom (2.5 kB at 73 kB/s)
[INFO] Downloading from central: https://repo.maven.apache.org/maven2/net/bytebuddy/byte-buddy-agent/1.18.10/byte-buddy-agent-1.18.10.pom
[INFO] Downloaded from central: https://repo.maven.apache.org/maven2/net/bytebuddy/byte-buddy-agent/1.18.10/byte-buddy-agent-1.18.10.pom (14 kB at 449 kB/s)
[INFO] Downloading from central: https://repo.maven.apache.org/maven2/org/objenesis/objenesis/3.3/objenesis-3.3.pom
[INFO] Downloaded from central: https://repo.maven.apache.org/maven2/org/objenesis/objenesis/3.3/objenesis-3.3.pom (3.0 kB at 91 kB/s)
[INFO] Downloading from central: https://repo.maven.apache.org/maven2/org/objenesis/objenesis-parent/3.3/objenesis-parent-3.3.pom
[INFO] Downloaded from central: https://repo.maven.apache.org/maven2/org/objenesis/objenesis-parent/3.3/objenesis-parent-3.3.pom (19 kB at 618 kB/s)
[INFO] Downloading from central: https://repo.maven.apache.org/maven2/org/mockito/mockito-junit-jupiter/5.23.0/mockito-junit-jupiter-5.23.0.pom
[INFO] Downloaded from central: https://repo.maven.apache.org/maven2/org/mockito/mockito-junit-jupiter/5.23.0/mockito-junit-jupiter-5.23.0.pom (2.3 kB at 71 kB/s)
[INFO] Downloading from central: https://repo.maven.apache.org/maven2/org/skyscreamer/jsonassert/1.5.3/jsonassert-1.5.3.pom
[INFO] Downloaded from central: https://repo.maven.apache.org/maven2/org/skyscreamer/jsonassert/1.5.3/jsonassert-1.5.3.pom (7.0 kB at 212 kB/s)
[INFO] Downloading from central: https://repo.maven.apache.org/maven2/com/vaadin/external/google/android-json/0.0.20131108.vaadin1/android-json-0.0.20131108.vaadin1.pom
[INFO] Downloaded from central: https://repo.maven.apache.org/maven2/com/vaadin/external/google/android-json/0.0.20131108.vaadin1/android-json-0.0.20131108.vaadin1.pom (2.8 kB at 68 kB/s)
[INFO] Downloading from central: https://repo.maven.apache.org/maven2/org/xmlunit/xmlunit-core/2.11.0/xmlunit-core-2.11.0.pom
[INFO] Downloaded from central: https://repo.maven.apache.org/maven2/org/xmlunit/xmlunit-core/2.11.0/xmlunit-core-2.11.0.pom (2.8 kB at 85 kB/s)
[INFO] Downloading from central: https://repo.maven.apache.org/maven2/org/xmlunit/xmlunit-parent/2.11.0/xmlunit-parent-2.11.0.pom
[INFO] Downloaded from central: https://repo.maven.apache.org/maven2/org/xmlunit/xmlunit-parent/2.11.0/xmlunit-parent-2.11.0.pom (23 kB at 613 kB/s)
[INFO] Downloading from central: https://repo.maven.apache.org/maven2/org/springframework/boot/spring-boot-starter-jdbc-test/4.1.0/spring-boot-starter-jdbc-test-4.1.0.pom
[INFO] Downloaded from central: https://repo.maven.apache.org/maven2/org/springframework/boot/spring-boot-starter-jdbc-test/4.1.0/spring-boot-starter-jdbc-test-4.1.0.pom (2.5 kB at 81 kB/s)
[INFO] Downloading from central: https://repo.maven.apache.org/maven2/org/springframework/boot/spring-boot-jdbc-test/4.1.0/spring-boot-jdbc-test-4.1.0.pom
[INFO] Downloaded from central: https://repo.maven.apache.org/maven2/org/springframework/boot/spring-boot-jdbc-test/4.1.0/spring-boot-jdbc-test-4.1.0.pom (2.3 kB at 71 kB/s)
[INFO] Downloading from central: https://repo.maven.apache.org/maven2/org/springframework/boot/spring-boot-data-jpa-test/4.1.0/spring-boot-data-jpa-test-4.1.0.pom
[INFO] Downloaded from central: https://repo.maven.apache.org/maven2/org/springframework/boot/spring-boot-data-jpa-test/4.1.0/spring-boot-data-jpa-test-4.1.0.pom (2.5 kB at 73 kB/s)
[INFO] Downloading from central: https://repo.maven.apache.org/maven2/org/springframework/boot/spring-boot-jpa-test/4.1.0/spring-boot-jpa-test-4.1.0.pom
[INFO] Downloaded from central: https://repo.maven.apache.org/maven2/org/springframework/boot/spring-boot-jpa-test/4.1.0/spring-boot-jpa-test-4.1.0.pom (2.5 kB at 77 kB/s)
[INFO] Downloading from central: https://repo.maven.apache.org/maven2/org/springframework/boot/spring-boot-starter-restclient/4.1.0/spring-boot-starter-restclient-4.1.0.pom
[INFO] Downloaded from central: https://repo.maven.apache.org/maven2/org/springframework/boot/spring-boot-starter-restclient/4.1.0/spring-boot-starter-restclient-4.1.0.pom (2.6 kB at 82 kB/s)
[INFO] Downloading from central: https://repo.maven.apache.org/maven2/org/springframework/boot/spring-boot-restclient/4.1.0/spring-boot-restclient-4.1.0.pom
[INFO] Downloaded from central: https://repo.maven.apache.org/maven2/org/springframework/boot/spring-boot-restclient/4.1.0/spring-boot-restclient-4.1.0.pom (2.5 kB at 77 kB/s)
[INFO] Downloading from central: https://repo.maven.apache.org/maven2/org/springframework/boot/spring-boot-http-client/4.1.0/spring-boot-http-client-4.1.0.pom
[INFO] Downloaded from central: https://repo.maven.apache.org/maven2/org/springframework/boot/spring-boot-http-client/4.1.0/spring-boot-http-client-4.1.0.pom (2.4 kB at 70 kB/s)
[INFO] Downloading from central: https://repo.maven.apache.org/maven2/org/springframework/boot/spring-boot-starter-restclient-test/4.1.0/spring-boot-starter-restclient-test-4.1.0.pom
[INFO] Downloaded from central: https://repo.maven.apache.org/maven2/org/springframework/boot/spring-boot-starter-restclient-test/4.1.0/spring-boot-starter-restclient-test-4.1.0.pom (2.8 kB at 73 kB/s)
[INFO] Downloading from central: https://repo.maven.apache.org/maven2/org/springframework/boot/spring-boot-starter-jackson-test/4.1.0/spring-boot-starter-jackson-test-4.1.0.pom
[INFO] Downloaded from central: https://repo.maven.apache.org/maven2/org/springframework/boot/spring-boot-starter-jackson-test/4.1.0/spring-boot-starter-jackson-test-4.1.0.pom (2.3 kB at 67 kB/s)
[INFO] Downloading from central: https://repo.maven.apache.org/maven2/org/springframework/boot/spring-boot-restclient-test/4.1.0/spring-boot-restclient-test-4.1.0.pom
[INFO] Downloaded from central: https://repo.maven.apache.org/maven2/org/springframework/boot/spring-boot-restclient-test/4.1.0/spring-boot-restclient-test-4.1.0.pom (2.3 kB at 49 kB/s)
[INFO] Downloading from central: https://repo.maven.apache.org/maven2/org/springframework/boot/spring-boot-starter-thymeleaf-test/4.1.0/spring-boot-starter-thymeleaf-test-4.1.0.pom
[INFO] Downloaded from central: https://repo.maven.apache.org/maven2/org/springframework/boot/spring-boot-starter-thymeleaf-test/4.1.0/spring-boot-starter-thymeleaf-test-4.1.0.pom (2.3 kB at 45 kB/s)
[INFO] Downloading from central: https://repo.maven.apache.org/maven2/org/springframework/boot/spring-boot-starter-validation-test/4.1.0/spring-boot-starter-validation-test-4.1.0.pom
[INFO] Downloaded from central: https://repo.maven.apache.org/maven2/org/springframework/boot/spring-boot-starter-validation-test/4.1.0/spring-boot-starter-validation-test-4.1.0.pom (2.3 kB at 58 kB/s)
[INFO] Downloading from central: https://repo.maven.apache.org/maven2/org/springframework/boot/spring-boot-starter-webmvc-test/4.1.0/spring-boot-starter-webmvc-test-4.1.0.pom
[INFO] Downloaded from central: https://repo.maven.apache.org/maven2/org/springframework/boot/spring-boot-starter-webmvc-test/4.1.0/spring-boot-starter-webmvc-test-4.1.0.pom (2.9 kB at 91 kB/s)
[INFO] Downloading from central: https://repo.maven.apache.org/maven2/org/springframework/boot/spring-boot-webmvc-test/4.1.0/spring-boot-webmvc-test-4.1.0.pom
[INFO] Downloaded from central: https://repo.maven.apache.org/maven2/org/springframework/boot/spring-boot-webmvc-test/4.1.0/spring-boot-webmvc-test-4.1.0.pom (2.7 kB at 81 kB/s)
[INFO] Downloading from central: https://repo.maven.apache.org/maven2/org/springframework/boot/spring-boot-resttestclient/4.1.0/spring-boot-resttestclient-4.1.0.pom
[INFO] Downloaded from central: https://repo.maven.apache.org/maven2/org/springframework/boot/spring-boot-resttestclient/4.1.0/spring-boot-resttestclient-4.1.0.pom (2.4 kB at 74 kB/s)
[INFO] Downloading from central: https://repo.maven.apache.org/maven2/org/springframework/boot/spring-boot-starter-actuator-test/4.1.0/spring-boot-starter-actuator-test-4.1.0.pom
[INFO] Downloaded from central: https://repo.maven.apache.org/maven2/org/springframework/boot/spring-boot-starter-actuator-test/4.1.0/spring-boot-starter-actuator-test-4.1.0.pom (2.6 kB at 71 kB/s)
[INFO] Downloading from central: https://repo.maven.apache.org/maven2/org/springframework/boot/spring-boot-starter-micrometer-metrics-test/4.1.0/spring-boot-starter-micrometer-metrics-test-4.1.0.pom
[INFO] Downloaded from central: https://repo.maven.apache.org/maven2/org/springframework/boot/spring-boot-starter-micrometer-metrics-test/4.1.0/spring-boot-starter-micrometer-metrics-test-4.1.0.pom (2.5 kB at 62 kB/s)
[INFO] Downloading from central: https://repo.maven.apache.org/maven2/org/springframework/boot/spring-boot-micrometer-metrics-test/4.1.0/spring-boot-micrometer-metrics-test-4.1.0.pom
[INFO] Downloaded from central: https://repo.maven.apache.org/maven2/org/springframework/boot/spring-boot-micrometer-metrics-test/4.1.0/spring-boot-micrometer-metrics-test-4.1.0.pom (2.5 kB at 66 kB/s)
[INFO] Downloading from central: https://repo.maven.apache.org/maven2/io/micrometer/micrometer-observation-test/1.17.0/micrometer-observation-test-1.17.0.pom
[INFO] Downloaded from central: https://repo.maven.apache.org/maven2/io/micrometer/micrometer-observation-test/1.17.0/micrometer-observation-test-1.17.0.pom (3.9 kB at 102 kB/s)
[INFO] Downloading from central: https://repo.maven.apache.org/maven2/org/springframework/boot/spring-boot-testcontainers/4.1.0/spring-boot-testcontainers-4.1.0.pom
[INFO] Downloaded from central: https://repo.maven.apache.org/maven2/org/springframework/boot/spring-boot-testcontainers/4.1.0/spring-boot-testcontainers-4.1.0.pom (2.3 kB at 63 kB/s)
[INFO] Downloading from central: https://repo.maven.apache.org/maven2/org/testcontainers/testcontainers/2.0.5/testcontainers-2.0.5.pom
[INFO] Downloaded from central: https://repo.maven.apache.org/maven2/org/testcontainers/testcontainers/2.0.5/testcontainers-2.0.5.pom (2.5 kB at 63 kB/s)
[INFO] Downloading from central: https://repo.maven.apache.org/maven2/org/apache/commons/commons-compress/1.28.0/commons-compress-1.28.0.pom
[INFO] Downloaded from central: https://repo.maven.apache.org/maven2/org/apache/commons/commons-compress/1.28.0/commons-compress-1.28.0.pom (25 kB at 723 kB/s)
[INFO] Downloading from central: https://repo.maven.apache.org/maven2/org/apache/commons/commons-parent/85/commons-parent-85.pom
[INFO] Downloaded from central: https://repo.maven.apache.org/maven2/org/apache/commons/commons-parent/85/commons-parent-85.pom (78 kB at 2.0 MB/s)
[INFO] Downloading from central: https://repo.maven.apache.org/maven2/commons-codec/commons-codec/1.21.0/commons-codec-1.21.0.pom
[INFO] Downloaded from central: https://repo.maven.apache.org/maven2/commons-codec/commons-codec/1.21.0/commons-codec-1.21.0.pom (19 kB at 497 kB/s)
[INFO] Downloading from central: https://repo.maven.apache.org/maven2/org/apache/commons/commons-parent/96/commons-parent-96.pom
[INFO] Downloaded from central: https://repo.maven.apache.org/maven2/org/apache/commons/commons-parent/96/commons-parent-96.pom (80 kB at 2.2 MB/s)
[INFO] Downloading from central: https://repo.maven.apache.org/maven2/commons-io/commons-io/2.20.0/commons-io-2.20.0.pom
[INFO] Downloaded from central: https://repo.maven.apache.org/maven2/commons-io/commons-io/2.20.0/commons-io-2.20.0.pom (20 kB at 602 kB/s)
[INFO] Downloading from central: https://repo.maven.apache.org/maven2/org/apache/commons/commons-lang3/3.20.0/commons-lang3-3.20.0.pom
[INFO] Downloaded from central: https://repo.maven.apache.org/maven2/org/apache/commons/commons-lang3/3.20.0/commons-lang3-3.20.0.pom (33 kB at 931 kB/s)
[INFO] Downloading from central: https://repo.maven.apache.org/maven2/org/apache/commons/commons-parent/92/commons-parent-92.pom
[INFO] Downloaded from central: https://repo.maven.apache.org/maven2/org/apache/commons/commons-parent/92/commons-parent-92.pom (80 kB at 2.0 MB/s)
[INFO] Downloading from central: https://repo.maven.apache.org/maven2/org/rnorth/duct-tape/duct-tape/1.0.8/duct-tape-1.0.8.pom
[INFO] Downloaded from central: https://repo.maven.apache.org/maven2/org/rnorth/duct-tape/duct-tape/1.0.8/duct-tape-1.0.8.pom (6.2 kB at 138 kB/s)
[INFO] Downloading from central: https://repo.maven.apache.org/maven2/org/jetbrains/annotations/17.0.0/annotations-17.0.0.pom
[INFO] Downloaded from central: https://repo.maven.apache.org/maven2/org/jetbrains/annotations/17.0.0/annotations-17.0.0.pom (1.4 kB at 40 kB/s)
[INFO] Downloading from central: https://repo.maven.apache.org/maven2/com/github/docker-java/docker-java-api/3.7.1/docker-java-api-3.7.1.pom
[INFO] Downloaded from central: https://repo.maven.apache.org/maven2/com/github/docker-java/docker-java-api/3.7.1/docker-java-api-3.7.1.pom (3.1 kB at 76 kB/s)
[INFO] Downloading from central: https://repo.maven.apache.org/maven2/com/github/docker-java/docker-java-parent/3.7.1/docker-java-parent-3.7.1.pom
[INFO] Downloaded from central: https://repo.maven.apache.org/maven2/com/github/docker-java/docker-java-parent/3.7.1/docker-java-parent-3.7.1.pom (12 kB at 311 kB/s)
[INFO] Downloading from central: https://repo.maven.apache.org/maven2/com/github/docker-java/docker-java-transport-zerodep/3.7.1/docker-java-transport-zerodep-3.7.1.pom
[INFO] Downloaded from central: https://repo.maven.apache.org/maven2/com/github/docker-java/docker-java-transport-zerodep/3.7.1/docker-java-transport-zerodep-3.7.1.pom (4.1 kB at 102 kB/s)
[INFO] Downloading from central: https://repo.maven.apache.org/maven2/com/github/docker-java/docker-java-transport/3.7.1/docker-java-transport-3.7.1.pom
[INFO] Downloaded from central: https://repo.maven.apache.org/maven2/com/github/docker-java/docker-java-transport/3.7.1/docker-java-transport-3.7.1.pom (1.6 kB at 44 kB/s)
[INFO] Downloading from central: https://repo.maven.apache.org/maven2/net/java/dev/jna/jna/5.18.1/jna-5.18.1.pom
[INFO] Downloaded from central: https://repo.maven.apache.org/maven2/net/java/dev/jna/jna/5.18.1/jna-5.18.1.pom (2.0 kB at 50 kB/s)
[INFO] Downloading from central: https://repo.maven.apache.org/maven2/org/springframework/boot/spring-boot-docker-compose/4.1.0/spring-boot-docker-compose-4.1.0.pom
[INFO] Downloaded from central: https://repo.maven.apache.org/maven2/org/springframework/boot/spring-boot-docker-compose/4.1.0/spring-boot-docker-compose-4.1.0.pom (2.3 kB at 55 kB/s)
[INFO] Downloading from central: https://repo.maven.apache.org/maven2/org/springframework/boot/spring-boot-starter-cache-test/4.1.0/spring-boot-starter-cache-test-4.1.0.pom
[INFO] Downloaded from central: https://repo.maven.apache.org/maven2/org/springframework/boot/spring-boot-starter-cache-test/4.1.0/spring-boot-starter-cache-test-4.1.0.pom (2.5 kB at 68 kB/s)
[INFO] Downloading from central: https://repo.maven.apache.org/maven2/org/springframework/boot/spring-boot-cache-test/4.1.0/spring-boot-cache-test-4.1.0.pom
[INFO] Downloaded from central: https://repo.maven.apache.org/maven2/org/springframework/boot/spring-boot-cache-test/4.1.0/spring-boot-cache-test-4.1.0.pom (2.3 kB at 61 kB/s)
[INFO] Downloading from central: https://repo.maven.apache.org/maven2/org/testcontainers/testcontainers-junit-jupiter/2.0.5/testcontainers-junit-jupiter-2.0.5.pom
[INFO] Downloaded from central: https://repo.maven.apache.org/maven2/org/testcontainers/testcontainers-junit-jupiter/2.0.5/testcontainers-junit-jupiter-2.0.5.pom (1.6 kB at 40 kB/s)
[INFO] Downloading from central: https://repo.maven.apache.org/maven2/org/testcontainers/testcontainers-mysql/2.0.5/testcontainers-mysql-2.0.5.pom
[INFO] Downloaded from central: https://repo.maven.apache.org/maven2/org/testcontainers/testcontainers-mysql/2.0.5/testcontainers-mysql-2.0.5.pom (1.5 kB at 47 kB/s)
[INFO] Downloading from central: https://repo.maven.apache.org/maven2/org/testcontainers/testcontainers-jdbc/2.0.5/testcontainers-jdbc-2.0.5.pom
[INFO] Downloaded from central: https://repo.maven.apache.org/maven2/org/testcontainers/testcontainers-jdbc/2.0.5/testcontainers-jdbc-2.0.5.pom (1.5 kB at 44 kB/s)
[INFO] Downloading from central: https://repo.maven.apache.org/maven2/org/testcontainers/testcontainers-database-commons/2.0.5/testcontainers-database-commons-2.0.5.pom
[INFO] Downloaded from central: https://repo.maven.apache.org/maven2/org/testcontainers/testcontainers-database-commons/2.0.5/testcontainers-database-commons-2.0.5.pom (1.5 kB at 46 kB/s)
[INFO] Downloading from central: https://repo.maven.apache.org/maven2/org/springframework/boot/spring-boot-starter-actuator/4.1.0/spring-boot-starter-actuator-4.1.0.jar
[INFO] Downloaded from central: https://repo.maven.apache.org/maven2/org/springframework/boot/spring-boot-starter-actuator/4.1.0/spring-boot-starter-actuator-4.1.0.jar (4.8 kB at 150 kB/s)
[INFO] Downloading from central: https://repo.maven.apache.org/maven2/org/springframework/boot/spring-boot-starter/4.1.0/spring-boot-starter-4.1.0.jar
[INFO] Downloading from central: https://repo.maven.apache.org/maven2/org/springframework/boot/spring-boot-starter-logging/4.1.0/spring-boot-starter-logging-4.1.0.jar
[INFO] Downloading from central: https://repo.maven.apache.org/maven2/ch/qos/logback/logback-classic/1.5.34/logback-classic-1.5.34.jar
[INFO] Downloading from central: https://repo.maven.apache.org/maven2/ch/qos/logback/logback-core/1.5.34/logback-core-1.5.34.jar
[INFO] Downloading from central: https://repo.maven.apache.org/maven2/org/apache/logging/log4j/log4j-to-slf4j/2.25.4/log4j-to-slf4j-2.25.4.jar
[INFO] Downloaded from central: https://repo.maven.apache.org/maven2/org/springframework/boot/spring-boot-starter/4.1.0/spring-boot-starter-4.1.0.jar (4.8 kB at 144 kB/s)
[INFO] Downloading from central: https://repo.maven.apache.org/maven2/org/apache/logging/log4j/log4j-api/2.25.4/log4j-api-2.25.4.jar
[INFO] Downloaded from central: https://repo.maven.apache.org/maven2/org/apache/logging/log4j/log4j-to-slf4j/2.25.4/log4j-to-slf4j-2.25.4.jar (24 kB at 806 kB/s)
[INFO] Downloading from central: https://repo.maven.apache.org/maven2/org/slf4j/jul-to-slf4j/2.0.18/jul-to-slf4j-2.0.18.jar
[INFO] Downloaded from central: https://repo.maven.apache.org/maven2/ch/qos/logback/logback-classic/1.5.34/logback-classic-1.5.34.jar (287 kB at 8.7 MB/s)
[INFO] Downloading from central: https://repo.maven.apache.org/maven2/jakarta/annotation/jakarta.annotation-api/3.0.0/jakarta.annotation-api-3.0.0.jar
[INFO] Downloaded from central: https://repo.maven.apache.org/maven2/org/springframework/boot/spring-boot-starter-logging/4.1.0/spring-boot-starter-logging-4.1.0.jar (4.7 kB at 88 kB/s)
[INFO] Downloading from central: https://repo.maven.apache.org/maven2/org/yaml/snakeyaml/2.6/snakeyaml-2.6.jar
[INFO] Downloaded from central: https://repo.maven.apache.org/maven2/org/slf4j/jul-to-slf4j/2.0.18/jul-to-slf4j-2.0.18.jar (6.3 kB at 124 kB/s)
[INFO] Downloading from central: https://repo.maven.apache.org/maven2/org/springframework/boot/spring-boot-starter-micrometer-metrics/4.1.0/spring-boot-starter-micrometer-metrics-4.1.0.jar
[INFO] Downloaded from central: https://repo.maven.apache.org/maven2/ch/qos/logback/logback-core/1.5.34/logback-core-1.5.34.jar (645 kB at 11 MB/s)
[INFO] Downloading from central: https://repo.maven.apache.org/maven2/org/springframework/boot/spring-boot-micrometer-metrics/4.1.0/spring-boot-micrometer-metrics-4.1.0.jar
[INFO] Downloaded from central: https://repo.maven.apache.org/maven2/org/apache/logging/log4j/log4j-api/2.25.4/log4j-api-2.25.4.jar (351 kB at 6.4 MB/s)
[INFO] Downloading from central: https://repo.maven.apache.org/maven2/org/springframework/boot/spring-boot-micrometer-observation/4.1.0/spring-boot-micrometer-observation-4.1.0.jar
[INFO] Downloaded from central: https://repo.maven.apache.org/maven2/jakarta/annotation/jakarta.annotation-api/3.0.0/jakarta.annotation-api-3.0.0.jar (26 kB at 471 kB/s)
[INFO] Downloading from central: https://repo.maven.apache.org/maven2/org/springframework/boot/spring-boot-actuator-autoconfigure/4.1.0/spring-boot-actuator-autoconfigure-4.1.0.jar
[INFO] Downloaded from central: https://repo.maven.apache.org/maven2/org/yaml/snakeyaml/2.6/snakeyaml-2.6.jar (340 kB at 4.3 MB/s)
[INFO] Downloading from central: https://repo.maven.apache.org/maven2/org/springframework/boot/spring-boot-actuator/4.1.0/spring-boot-actuator-4.1.0.jar
[INFO] Downloaded from central: https://repo.maven.apache.org/maven2/org/springframework/boot/spring-boot-actuator-autoconfigure/4.1.0/spring-boot-actuator-autoconfigure-4.1.0.jar (141 kB at 1.8 MB/s)
[INFO] Downloading from central: https://repo.maven.apache.org/maven2/org/springframework/boot/spring-boot-health/4.1.0/spring-boot-health-4.1.0.jar
[INFO] Downloaded from central: https://repo.maven.apache.org/maven2/org/springframework/boot/spring-boot-starter-micrometer-metrics/4.1.0/spring-boot-starter-micrometer-metrics-4.1.0.jar (4.7 kB at 58 kB/s)
[INFO] Downloading from central: https://repo.maven.apache.org/maven2/io/micrometer/micrometer-observation/1.17.0/micrometer-observation-1.17.0.jar
[INFO] Downloaded from central: https://repo.maven.apache.org/maven2/org/springframework/boot/spring-boot-micrometer-metrics/4.1.0/spring-boot-micrometer-metrics-4.1.0.jar (248 kB at 2.8 MB/s)
[INFO] Downloading from central: https://repo.maven.apache.org/maven2/io/micrometer/micrometer-commons/1.17.0/micrometer-commons-1.17.0.jar
[INFO] Downloaded from central: https://repo.maven.apache.org/maven2/org/springframework/boot/spring-boot-micrometer-observation/4.1.0/spring-boot-micrometer-observation-4.1.0.jar (29 kB at 314 kB/s)
[INFO] Downloading from central: https://repo.maven.apache.org/maven2/io/micrometer/micrometer-jakarta9/1.17.0/micrometer-jakarta9-1.17.0.jar
[INFO] Downloaded from central: https://repo.maven.apache.org/maven2/org/springframework/boot/spring-boot-health/4.1.0/spring-boot-health-4.1.0.jar (155 kB at 1.5 MB/s)
[INFO] Downloading from central: https://repo.maven.apache.org/maven2/io/micrometer/micrometer-core/1.17.0/micrometer-core-1.17.0.jar
[INFO] Downloaded from central: https://repo.maven.apache.org/maven2/org/springframework/boot/spring-boot-actuator/4.1.0/spring-boot-actuator-4.1.0.jar (357 kB at 3.3 MB/s)
[INFO] Downloading from central: https://repo.maven.apache.org/maven2/org/hdrhistogram/HdrHistogram/2.2.2/HdrHistogram-2.2.2.jar
[INFO] Downloaded from central: https://repo.maven.apache.org/maven2/io/micrometer/micrometer-observation/1.17.0/micrometer-observation-1.17.0.jar (84 kB at 773 kB/s)
[INFO] Downloading from central: https://repo.maven.apache.org/maven2/org/springframework/boot/spring-boot-starter-cache/4.1.0/spring-boot-starter-cache-4.1.0.jar
[INFO] Downloaded from central: https://repo.maven.apache.org/maven2/io/micrometer/micrometer-commons/1.17.0/micrometer-commons-1.17.0.jar (52 kB at 432 kB/s)
[INFO] Downloading from central: https://repo.maven.apache.org/maven2/org/springframework/boot/spring-boot-cache/4.1.0/spring-boot-cache-4.1.0.jar
[INFO] Downloaded from central: https://repo.maven.apache.org/maven2/io/micrometer/micrometer-jakarta9/1.17.0/micrometer-jakarta9-1.17.0.jar (55 kB at 435 kB/s)
[INFO] Downloading from central: https://repo.maven.apache.org/maven2/org/springframework/spring-context-support/7.0.8/spring-context-support-7.0.8.jar
[INFO] Downloaded from central: https://repo.maven.apache.org/maven2/org/springframework/boot/spring-boot-starter-cache/4.1.0/spring-boot-starter-cache-4.1.0.jar (4.7 kB at 34 kB/s)
[INFO] Downloading from central: https://repo.maven.apache.org/maven2/org/springframework/spring-beans/7.0.8/spring-beans-7.0.8.jar
[INFO] Downloaded from central: https://repo.maven.apache.org/maven2/io/micrometer/micrometer-core/1.17.0/micrometer-core-1.17.0.jar (915 kB at 6.6 MB/s)
[INFO] Downloading from central: https://repo.maven.apache.org/maven2/org/springframework/boot/spring-boot-starter-data-jpa/4.1.0/spring-boot-starter-data-jpa-4.1.0.jar
[INFO] Downloaded from central: https://repo.maven.apache.org/maven2/org/hdrhistogram/HdrHistogram/2.2.2/HdrHistogram-2.2.2.jar (177 kB at 1.3 MB/s)
[INFO] Downloading from central: https://repo.maven.apache.org/maven2/org/springframework/boot/spring-boot-starter-jdbc/4.1.0/spring-boot-starter-jdbc-4.1.0.jar
[INFO] Downloaded from central: https://repo.maven.apache.org/maven2/org/springframework/boot/spring-boot-cache/4.1.0/spring-boot-cache-4.1.0.jar (82 kB at 545 kB/s)
[INFO] Downloading from central: https://repo.maven.apache.org/maven2/com/zaxxer/HikariCP/7.0.2/HikariCP-7.0.2.jar
[INFO] Downloaded from central: https://repo.maven.apache.org/maven2/org/springframework/spring-context-support/7.0.8/spring-context-support-7.0.8.jar (178 kB at 1.1 MB/s)
[INFO] Downloading from central: https://repo.maven.apache.org/maven2/org/springframework/boot/spring-boot-data-jpa/4.1.0/spring-boot-data-jpa-4.1.0.jar
[INFO] Downloaded from central: https://repo.maven.apache.org/maven2/org/springframework/boot/spring-boot-starter-jdbc/4.1.0/spring-boot-starter-jdbc-4.1.0.jar (4.8 kB at 29 kB/s)
[INFO] Downloading from central: https://repo.maven.apache.org/maven2/org/springframework/boot/spring-boot-data-commons/4.1.0/spring-boot-data-commons-4.1.0.jar
[INFO] Downloaded from central: https://repo.maven.apache.org/maven2/org/springframework/boot/spring-boot-starter-data-jpa/4.1.0/spring-boot-starter-data-jpa-4.1.0.jar (4.8 kB at 29 kB/s)
[INFO] Downloading from central: https://repo.maven.apache.org/maven2/org/springframework/boot/spring-boot-persistence/4.1.0/spring-boot-persistence-4.1.0.jar
[INFO] Downloaded from central: https://repo.maven.apache.org/maven2/org/springframework/spring-beans/7.0.8/spring-beans-7.0.8.jar (928 kB at 5.3 MB/s)
[INFO] Downloading from central: https://repo.maven.apache.org/maven2/org/springframework/data/spring-data-commons/4.1.0/spring-data-commons-4.1.0.jar
[INFO] Downloaded from central: https://repo.maven.apache.org/maven2/com/zaxxer/HikariCP/7.0.2/HikariCP-7.0.2.jar (172 kB at 942 kB/s)
[INFO] Downloading from central: https://repo.maven.apache.org/maven2/org/springframework/boot/spring-boot-hibernate/4.1.0/spring-boot-hibernate-4.1.0.jar
[INFO] Downloaded from central: https://repo.maven.apache.org/maven2/org/springframework/boot/spring-boot-data-commons/4.1.0/spring-boot-data-commons-4.1.0.jar (30 kB at 161 kB/s)
[INFO] Downloading from central: https://repo.maven.apache.org/maven2/org/springframework/boot/spring-boot-jpa/4.1.0/spring-boot-jpa-4.1.0.jar
[INFO] Downloaded from central: https://repo.maven.apache.org/maven2/org/springframework/boot/spring-boot-data-jpa/4.1.0/spring-boot-data-jpa-4.1.0.jar (14 kB at 74 kB/s)
[INFO] Downloading from central: https://repo.maven.apache.org/maven2/jakarta/persistence/jakarta.persistence-api/3.2.0/jakarta.persistence-api-3.2.0.jar
[INFO] Downloaded from central: https://repo.maven.apache.org/maven2/org/springframework/boot/spring-boot-persistence/4.1.0/spring-boot-persistence-4.1.0.jar (16 kB at 84 kB/s)
[INFO] Downloading from central: https://repo.maven.apache.org/maven2/org/hibernate/orm/hibernate-core/7.4.1.Final/hibernate-core-7.4.1.Final.jar
[INFO] Downloaded from central: https://repo.maven.apache.org/maven2/org/springframework/boot/spring-boot-hibernate/4.1.0/spring-boot-hibernate-4.1.0.jar (28 kB at 133 kB/s)
[INFO] Downloading from central: https://repo.maven.apache.org/maven2/jakarta/transaction/jakarta.transaction-api/2.0.1/jakarta.transaction-api-2.0.1.jar
[INFO] Downloaded from central: https://repo.maven.apache.org/maven2/org/springframework/boot/spring-boot-jpa/4.1.0/spring-boot-jpa-4.1.0.jar (30 kB at 142 kB/s)
[INFO] Downloading from central: https://repo.maven.apache.org/maven2/org/hibernate/models/hibernate-models/1.1.1/hibernate-models-1.1.1.jar
[INFO] Downloaded from central: https://repo.maven.apache.org/maven2/jakarta/persistence/jakarta.persistence-api/3.2.0/jakarta.persistence-api-3.2.0.jar (196 kB at 907 kB/s)
[INFO] Downloading from central: https://repo.maven.apache.org/maven2/org/glassfish/jaxb/jaxb-runtime/4.0.9/jaxb-runtime-4.0.9.jar
[INFO] Downloaded from central: https://repo.maven.apache.org/maven2/org/springframework/data/spring-data-commons/4.1.0/spring-data-commons-4.1.0.jar (1.8 MB at 7.9 MB/s)
[INFO] Downloading from central: https://repo.maven.apache.org/maven2/org/glassfish/jaxb/jaxb-core/4.0.9/jaxb-core-4.0.9.jar
[INFO] Downloaded from central: https://repo.maven.apache.org/maven2/org/hibernate/models/hibernate-models/1.1.1/hibernate-models-1.1.1.jar (223 kB at 887 kB/s)
[INFO] Downloading from central: https://repo.maven.apache.org/maven2/org/eclipse/angus/angus-activation/2.0.3/angus-activation-2.0.3.jar
[INFO] Downloaded from central: https://repo.maven.apache.org/maven2/jakarta/transaction/jakarta.transaction-api/2.0.1/jakarta.transaction-api-2.0.1.jar (29 kB at 112 kB/s)
[INFO] Downloading from central: https://repo.maven.apache.org/maven2/org/glassfish/jaxb/txw2/4.0.9/txw2-4.0.9.jar
[INFO] Downloaded from central: https://repo.maven.apache.org/maven2/org/glassfish/jaxb/jaxb-core/4.0.9/jaxb-core-4.0.9.jar (139 kB at 528 kB/s)
[INFO] Downloaded from central: https://repo.maven.apache.org/maven2/org/glassfish/jaxb/jaxb-runtime/4.0.9/jaxb-runtime-4.0.9.jar (922 kB at 3.5 MB/s)
[INFO] Downloading from central: https://repo.maven.apache.org/maven2/jakarta/inject/jakarta.inject-api/2.0.1/jakarta.inject-api-2.0.1.jar
[INFO] Downloading from central: https://repo.maven.apache.org/maven2/com/sun/istack/istack-commons-runtime/4.1.2/istack-commons-runtime-4.1.2.jar
[INFO] Downloaded from central: https://repo.maven.apache.org/maven2/org/eclipse/angus/angus-activation/2.0.3/angus-activation-2.0.3.jar (27 kB at 95 kB/s)
[INFO] Downloading from central: https://repo.maven.apache.org/maven2/org/springframework/spring-orm/7.0.8/spring-orm-7.0.8.jar
[INFO] Downloaded from central: https://repo.maven.apache.org/maven2/org/glassfish/jaxb/txw2/4.0.9/txw2-4.0.9.jar (73 kB at 256 kB/s)
[INFO] Downloading from central: https://repo.maven.apache.org/maven2/org/springframework/data/spring-data-jpa/4.1.0/spring-data-jpa-4.1.0.jar
[INFO] Downloaded from central: https://repo.maven.apache.org/maven2/jakarta/inject/jakarta.inject-api/2.0.1/jakarta.inject-api-2.0.1.jar (11 kB at 37 kB/s)
[INFO] Downloading from central: https://repo.maven.apache.org/maven2/org/springframework/spring-aop/7.0.8/spring-aop-7.0.8.jar
[INFO] Downloaded from central: https://repo.maven.apache.org/maven2/com/sun/istack/istack-commons-runtime/4.1.2/istack-commons-runtime-4.1.2.jar (26 kB at 84 kB/s)
[INFO] Downloading from central: https://repo.maven.apache.org/maven2/org/springframework/spring-tx/7.0.8/spring-tx-7.0.8.jar
[INFO] Downloaded from central: https://repo.maven.apache.org/maven2/org/springframework/spring-orm/7.0.8/spring-orm-7.0.8.jar (226 kB at 730 kB/s)
[INFO] Downloading from central: https://repo.maven.apache.org/maven2/org/antlr/antlr4-runtime/4.13.2/antlr4-runtime-4.13.2.jar
[INFO] Downloaded from central: https://repo.maven.apache.org/maven2/org/springframework/spring-aop/7.0.8/spring-aop-7.0.8.jar (426 kB at 1.3 MB/s)
[INFO] Downloading from central: https://repo.maven.apache.org/maven2/org/springframework/spring-aspects/7.0.8/spring-aspects-7.0.8.jar
[INFO] Downloaded from central: https://repo.maven.apache.org/maven2/org/antlr/antlr4-runtime/4.13.2/antlr4-runtime-4.13.2.jar (326 kB at 949 kB/s)
[INFO] Downloading from central: https://repo.maven.apache.org/maven2/org/aspectj/aspectjweaver/1.9.25.1/aspectjweaver-1.9.25.1.jar
[INFO] Downloaded from central: https://repo.maven.apache.org/maven2/org/springframework/spring-tx/7.0.8/spring-tx-7.0.8.jar (292 kB at 823 kB/s)
[INFO] Downloading from central: https://repo.maven.apache.org/maven2/org/springframework/boot/spring-boot-jdbc/4.1.0/spring-boot-jdbc-4.1.0.jar
[INFO] Downloaded from central: https://repo.maven.apache.org/maven2/org/springframework/spring-aspects/7.0.8/spring-aspects-7.0.8.jar (50 kB at 140 kB/s)
[INFO] Downloading from central: https://repo.maven.apache.org/maven2/org/springframework/boot/spring-boot-sql/4.1.0/spring-boot-sql-4.1.0.jar
[INFO] Downloaded from central: https://repo.maven.apache.org/maven2/org/springframework/data/spring-data-jpa/4.1.0/spring-data-jpa-4.1.0.jar (2.2 MB at 6.0 MB/s)
[INFO] Downloading from central: https://repo.maven.apache.org/maven2/org/springframework/boot/spring-boot-transaction/4.1.0/spring-boot-transaction-4.1.0.jar
[INFO] Downloaded from central: https://repo.maven.apache.org/maven2/org/hibernate/orm/hibernate-core/7.4.1.Final/hibernate-core-7.4.1.Final.jar (15 MB at 41 MB/s)
[INFO] Downloading from central: https://repo.maven.apache.org/maven2/org/springframework/spring-jdbc/7.0.8/spring-jdbc-7.0.8.jar
[INFO] Downloaded from central: https://repo.maven.apache.org/maven2/org/springframework/boot/spring-boot-sql/4.1.0/spring-boot-sql-4.1.0.jar (36 kB at 93 kB/s)
[INFO] Downloading from central: https://repo.maven.apache.org/maven2/org/springframework/boot/spring-boot-starter-thymeleaf/4.1.0/spring-boot-starter-thymeleaf-4.1.0.jar
[INFO] Downloaded from central: https://repo.maven.apache.org/maven2/org/springframework/boot/spring-boot-jdbc/4.1.0/spring-boot-jdbc-4.1.0.jar (205 kB at 529 kB/s)
[INFO] Downloading from central: https://repo.maven.apache.org/maven2/org/springframework/boot/spring-boot-thymeleaf/4.1.0/spring-boot-thymeleaf-4.1.0.jar
[INFO] Downloaded from central: https://repo.maven.apache.org/maven2/org/aspectj/aspectjweaver/1.9.25.1/aspectjweaver-1.9.25.1.jar (2.2 MB at 5.5 MB/s)
[INFO] Downloading from central: https://repo.maven.apache.org/maven2/org/thymeleaf/thymeleaf-spring6/3.1.5.RELEASE/thymeleaf-spring6-3.1.5.RELEASE.jar
[INFO] Downloaded from central: https://repo.maven.apache.org/maven2/org/springframework/boot/spring-boot-transaction/4.1.0/spring-boot-transaction-4.1.0.jar (21 kB at 52 kB/s)
[INFO] Downloading from central: https://repo.maven.apache.org/maven2/org/thymeleaf/thymeleaf/3.1.5.RELEASE/thymeleaf-3.1.5.RELEASE.jar
[INFO] Downloaded from central: https://repo.maven.apache.org/maven2/org/springframework/boot/spring-boot-starter-thymeleaf/4.1.0/spring-boot-starter-thymeleaf-4.1.0.jar (4.7 kB at 12 kB/s)
[INFO] Downloading from central: https://repo.maven.apache.org/maven2/org/attoparser/attoparser/2.0.7.RELEASE/attoparser-2.0.7.RELEASE.jar
[INFO] Downloaded from central: https://repo.maven.apache.org/maven2/org/springframework/spring-jdbc/7.0.8/spring-jdbc-7.0.8.jar (481 kB at 1.2 MB/s)
[INFO] Downloading from central: https://repo.maven.apache.org/maven2/org/unbescape/unbescape/1.1.6.RELEASE/unbescape-1.1.6.RELEASE.jar
[INFO] Downloaded from central: https://repo.maven.apache.org/maven2/org/thymeleaf/thymeleaf-spring6/3.1.5.RELEASE/thymeleaf-spring6-3.1.5.RELEASE.jar (195 kB at 458 kB/s)
[INFO] Downloading from central: https://repo.maven.apache.org/maven2/org/springframework/spring-web/7.0.8/spring-web-7.0.8.jar
[INFO] Downloaded from central: https://repo.maven.apache.org/maven2/org/springframework/boot/spring-boot-thymeleaf/4.1.0/spring-boot-thymeleaf-4.1.0.jar (31 kB at 72 kB/s)
[INFO] Downloading from central: https://repo.maven.apache.org/maven2/org/springframework/boot/spring-boot-starter-validation/4.1.0/spring-boot-starter-validation-4.1.0.jar
[INFO] Downloaded from central: https://repo.maven.apache.org/maven2/org/attoparser/attoparser/2.0.7.RELEASE/attoparser-2.0.7.RELEASE.jar (246 kB at 561 kB/s)
[INFO] Downloading from central: https://repo.maven.apache.org/maven2/org/springframework/boot/spring-boot-validation/4.1.0/spring-boot-validation-4.1.0.jar
[INFO] Downloaded from central: https://repo.maven.apache.org/maven2/org/thymeleaf/thymeleaf/3.1.5.RELEASE/thymeleaf-3.1.5.RELEASE.jar (945 kB at 2.1 MB/s)
[INFO] Downloading from central: https://repo.maven.apache.org/maven2/org/apache/tomcat/embed/tomcat-embed-el/11.0.22/tomcat-embed-el-11.0.22.jar
[INFO] Downloaded from central: https://repo.maven.apache.org/maven2/org/unbescape/unbescape/1.1.6.RELEASE/unbescape-1.1.6.RELEASE.jar (174 kB at 387 kB/s)
[INFO] Downloading from central: https://repo.maven.apache.org/maven2/org/hibernate/validator/hibernate-validator/9.1.0.Final/hibernate-validator-9.1.0.Final.jar
[INFO] Downloaded from central: https://repo.maven.apache.org/maven2/org/springframework/boot/spring-boot-starter-validation/4.1.0/spring-boot-starter-validation-4.1.0.jar (4.8 kB at 10 kB/s)
[INFO] Downloading from central: https://repo.maven.apache.org/maven2/jakarta/validation/jakarta.validation-api/3.1.1/jakarta.validation-api-3.1.1.jar
[INFO] Downloaded from central: https://repo.maven.apache.org/maven2/org/springframework/spring-web/7.0.8/spring-web-7.0.8.jar (2.2 MB at 4.7 MB/s)
[INFO] Downloading from central: https://repo.maven.apache.org/maven2/org/jboss/logging/jboss-logging/3.6.3.Final/jboss-logging-3.6.3.Final.jar
[INFO] Downloaded from central: https://repo.maven.apache.org/maven2/org/springframework/boot/spring-boot-validation/4.1.0/spring-boot-validation-4.1.0.jar (15 kB at 32 kB/s)
[INFO] Downloading from central: https://repo.maven.apache.org/maven2/com/fasterxml/classmate/1.7.3/classmate-1.7.3.jar
[INFO] Downloaded from central: https://repo.maven.apache.org/maven2/org/apache/tomcat/embed/tomcat-embed-el/11.0.22/tomcat-embed-el-11.0.22.jar (270 kB at 563 kB/s)
[INFO] Downloading from central: https://repo.maven.apache.org/maven2/org/springframework/boot/spring-boot-starter-webmvc/4.1.0/spring-boot-starter-webmvc-4.1.0.jar
[INFO] Downloaded from central: https://repo.maven.apache.org/maven2/jakarta/validation/jakarta.validation-api/3.1.1/jakarta.validation-api-3.1.1.jar (106 kB at 219 kB/s)
[INFO] Downloading from central: https://repo.maven.apache.org/maven2/org/springframework/boot/spring-boot-starter-jackson/4.1.0/spring-boot-starter-jackson-4.1.0.jar
[INFO] Downloaded from central: https://repo.maven.apache.org/maven2/org/hibernate/validator/hibernate-validator/9.1.0.Final/hibernate-validator-9.1.0.Final.jar (1.4 MB at 2.8 MB/s)
[INFO] Downloaded from central: https://repo.maven.apache.org/maven2/org/jboss/logging/jboss-logging/3.6.3.Final/jboss-logging-3.6.3.Final.jar (63 kB at 124 kB/s)
[INFO] Downloading from central: https://repo.maven.apache.org/maven2/org/springframework/boot/spring-boot-jackson/4.1.0/spring-boot-jackson-4.1.0.jar
[INFO] Downloading from central: https://repo.maven.apache.org/maven2/org/springframework/boot/spring-boot-starter-tomcat/4.1.0/spring-boot-starter-tomcat-4.1.0.jar
[INFO] Downloaded from central: https://repo.maven.apache.org/maven2/com/fasterxml/classmate/1.7.3/classmate-1.7.3.jar (68 kB at 134 kB/s)
[INFO] Downloading from central: https://repo.maven.apache.org/maven2/org/springframework/boot/spring-boot-starter-tomcat-runtime/4.1.0/spring-boot-starter-tomcat-runtime-4.1.0.jar
[INFO] Downloaded from central: https://repo.maven.apache.org/maven2/org/springframework/boot/spring-boot-starter-webmvc/4.1.0/spring-boot-starter-webmvc-4.1.0.jar (4.7 kB at 9.3 kB/s)
[INFO] Downloading from central: https://repo.maven.apache.org/maven2/org/apache/tomcat/embed/tomcat-embed-core/11.0.22/tomcat-embed-core-11.0.22.jar
[INFO] Downloaded from central: https://repo.maven.apache.org/maven2/org/springframework/boot/spring-boot-starter-jackson/4.1.0/spring-boot-starter-jackson-4.1.0.jar (4.7 kB at 9.0 kB/s)
[INFO] Downloading from central: https://repo.maven.apache.org/maven2/org/apache/tomcat/embed/tomcat-embed-websocket/11.0.22/tomcat-embed-websocket-11.0.22.jar
[INFO] Downloaded from central: https://repo.maven.apache.org/maven2/org/springframework/boot/spring-boot-starter-tomcat/4.1.0/spring-boot-starter-tomcat-4.1.0.jar (4.8 kB at 9.0 kB/s)
[INFO] Downloading from central: https://repo.maven.apache.org/maven2/org/springframework/boot/spring-boot-tomcat/4.1.0/spring-boot-tomcat-4.1.0.jar
[INFO] Downloaded from central: https://repo.maven.apache.org/maven2/org/springframework/boot/spring-boot-jackson/4.1.0/spring-boot-jackson-4.1.0.jar (82 kB at 154 kB/s)
[INFO] Downloading from central: https://repo.maven.apache.org/maven2/org/springframework/boot/spring-boot-http-converter/4.1.0/spring-boot-http-converter-4.1.0.jar
[INFO] Downloaded from central: https://repo.maven.apache.org/maven2/org/springframework/boot/spring-boot-starter-tomcat-runtime/4.1.0/spring-boot-starter-tomcat-runtime-4.1.0.jar (4.7 kB at 8.9 kB/s)
[INFO] Downloading from central: https://repo.maven.apache.org/maven2/org/springframework/boot/spring-boot-webmvc/4.1.0/spring-boot-webmvc-4.1.0.jar
[INFO] Downloaded from central: https://repo.maven.apache.org/maven2/org/springframework/boot/spring-boot-tomcat/4.1.0/spring-boot-tomcat-4.1.0.jar (126 kB at 226 kB/s)
[INFO] Downloading from central: https://repo.maven.apache.org/maven2/org/springframework/boot/spring-boot-servlet/4.1.0/spring-boot-servlet-4.1.0.jar
[INFO] Downloaded from central: https://repo.maven.apache.org/maven2/org/springframework/boot/spring-boot-http-converter/4.1.0/spring-boot-http-converter-4.1.0.jar (54 kB at 98 kB/s)
[INFO] Downloading from central: https://repo.maven.apache.org/maven2/org/springframework/spring-webmvc/7.0.8/spring-webmvc-7.0.8.jar
[INFO] Downloaded from central: https://repo.maven.apache.org/maven2/org/apache/tomcat/embed/tomcat-embed-websocket/11.0.22/tomcat-embed-websocket-11.0.22.jar (287 kB at 506 kB/s)
[INFO] Downloading from central: https://repo.maven.apache.org/maven2/org/springframework/spring-expression/7.0.8/spring-expression-7.0.8.jar
[INFO] Downloaded from central: https://repo.maven.apache.org/maven2/org/springframework/boot/spring-boot-servlet/4.1.0/spring-boot-servlet-4.1.0.jar (47 kB at 81 kB/s)
[INFO] Downloading from central: https://repo.maven.apache.org/maven2/javax/cache/cache-api/1.1.1/cache-api-1.1.1.jar
[INFO] Downloaded from central: https://repo.maven.apache.org/maven2/org/apache/tomcat/embed/tomcat-embed-core/11.0.22/tomcat-embed-core-11.0.22.jar (3.6 MB at 6.2 MB/s)
[INFO] Downloading from central: https://repo.maven.apache.org/maven2/jakarta/xml/bind/jakarta.xml.bind-api/4.0.5/jakarta.xml.bind-api-4.0.5.jar
[INFO] Downloaded from central: https://repo.maven.apache.org/maven2/org/springframework/boot/spring-boot-webmvc/4.1.0/spring-boot-webmvc-4.1.0.jar (175 kB at 299 kB/s)
[INFO] Downloading from central: https://repo.maven.apache.org/maven2/jakarta/activation/jakarta.activation-api/2.1.4/jakarta.activation-api-2.1.4.jar
[INFO] Downloaded from central: https://repo.maven.apache.org/maven2/org/springframework/spring-expression/7.0.8/spring-expression-7.0.8.jar (326 kB at 547 kB/s)
[INFO] Downloading from central: https://repo.maven.apache.org/maven2/com/h2database/h2/2.4.240/h2-2.4.240.jar
[INFO] Downloaded from central: https://repo.maven.apache.org/maven2/org/springframework/spring-webmvc/7.0.8/spring-webmvc-7.0.8.jar (1.1 MB at 1.9 MB/s)
[INFO] Downloading from central: https://repo.maven.apache.org/maven2/com/github/ben-manes/caffeine/caffeine/3.2.4/caffeine-3.2.4.jar
[INFO] Downloaded from central: https://repo.maven.apache.org/maven2/javax/cache/cache-api/1.1.1/cache-api-1.1.1.jar (51 kB at 85 kB/s)
[INFO] Downloading from central: https://repo.maven.apache.org/maven2/org/jspecify/jspecify/1.0.0/jspecify-1.0.0.jar
[INFO] Downloaded from central: https://repo.maven.apache.org/maven2/jakarta/xml/bind/jakarta.xml.bind-api/4.0.5/jakarta.xml.bind-api-4.0.5.jar (131 kB at 213 kB/s)
[INFO] Downloading from central: https://repo.maven.apache.org/maven2/com/google/errorprone/error_prone_annotations/2.49.0/error_prone_annotations-2.49.0.jar
[INFO] Downloaded from central: https://repo.maven.apache.org/maven2/org/jspecify/jspecify/1.0.0/jspecify-1.0.0.jar (3.8 kB at 6.1 kB/s)
[INFO] Downloading from central: https://repo.maven.apache.org/maven2/com/mysql/mysql-connector-j/9.7.0/mysql-connector-j-9.7.0.jar
[INFO] Downloaded from central: https://repo.maven.apache.org/maven2/jakarta/activation/jakarta.activation-api/2.1.4/jakarta.activation-api-2.1.4.jar (67 kB at 106 kB/s)
[INFO] Downloading from central: https://repo.maven.apache.org/maven2/org/postgresql/postgresql/42.7.11/postgresql-42.7.11.jar
[INFO] Downloaded from central: https://repo.maven.apache.org/maven2/com/github/ben-manes/caffeine/caffeine/3.2.4/caffeine-3.2.4.jar (1.0 MB at 1.6 MB/s)
[INFO] Downloading from central: https://repo.maven.apache.org/maven2/org/webjars/webjars-locator-lite/1.1.3/webjars-locator-lite-1.1.3.jar
[INFO] Downloaded from central: https://repo.maven.apache.org/maven2/com/google/errorprone/error_prone_annotations/2.49.0/error_prone_annotations-2.49.0.jar (20 kB at 31 kB/s)
[INFO] Downloading from central: https://repo.maven.apache.org/maven2/org/webjars/npm/bootstrap/5.3.8/bootstrap-5.3.8.jar
[INFO] Downloaded from central: https://repo.maven.apache.org/maven2/com/h2database/h2/2.4.240/h2-2.4.240.jar (2.7 MB at 4.1 MB/s)
[INFO] Downloading from central: https://repo.maven.apache.org/maven2/org/webjars/npm/font-awesome/4.7.0/font-awesome-4.7.0.jar
[INFO] Downloaded from central: https://repo.maven.apache.org/maven2/com/mysql/mysql-connector-j/9.7.0/mysql-connector-j-9.7.0.jar (2.6 MB at 3.9 MB/s)
[INFO] Downloading from central: https://repo.maven.apache.org/maven2/org/springframework/boot/spring-boot-devtools/4.1.0/spring-boot-devtools-4.1.0.jar
[INFO] Downloaded from central: https://repo.maven.apache.org/maven2/org/webjars/webjars-locator-lite/1.1.3/webjars-locator-lite-1.1.3.jar (8.7 kB at 13 kB/s)
[INFO] Downloading from central: https://repo.maven.apache.org/maven2/org/springframework/boot/spring-boot/4.1.0/spring-boot-4.1.0.jar
[INFO] Downloaded from central: https://repo.maven.apache.org/maven2/org/postgresql/postgresql/42.7.11/postgresql-42.7.11.jar (1.1 MB at 1.7 MB/s)
[INFO] Downloading from central: https://repo.maven.apache.org/maven2/org/springframework/spring-core/7.0.8/spring-core-7.0.8.jar
[INFO] Downloaded from central: https://repo.maven.apache.org/maven2/org/webjars/npm/font-awesome/4.7.0/font-awesome-4.7.0.jar (681 kB at 985 kB/s)
[INFO] Downloading from central: https://repo.maven.apache.org/maven2/commons-logging/commons-logging/1.3.6/commons-logging-1.3.6.jar
[INFO] Downloaded from central: https://repo.maven.apache.org/maven2/org/webjars/npm/bootstrap/5.3.8/bootstrap-5.3.8.jar (1.8 MB at 2.6 MB/s)
[INFO] Downloading from central: https://repo.maven.apache.org/maven2/org/springframework/spring-context/7.0.8/spring-context-7.0.8.jar
[INFO] Downloaded from central: https://repo.maven.apache.org/maven2/org/springframework/boot/spring-boot-devtools/4.1.0/spring-boot-devtools-4.1.0.jar (215 kB at 303 kB/s)
[INFO] Downloading from central: https://repo.maven.apache.org/maven2/org/springframework/boot/spring-boot-autoconfigure/4.1.0/spring-boot-autoconfigure-4.1.0.jar
[INFO] Downloaded from central: https://repo.maven.apache.org/maven2/commons-logging/commons-logging/1.3.6/commons-logging-1.3.6.jar (74 kB at 102 kB/s)
[INFO] Downloading from central: https://repo.maven.apache.org/maven2/org/springframework/boot/spring-boot-starter-data-jpa-test/4.1.0/spring-boot-starter-data-jpa-test-4.1.0.jar
[INFO] Downloaded from central: https://repo.maven.apache.org/maven2/org/springframework/spring-context/7.0.8/spring-context-7.0.8.jar (1.4 MB at 1.9 MB/s)
[INFO] Downloading from central: https://repo.maven.apache.org/maven2/org/springframework/boot/spring-boot-starter-test/4.1.0/spring-boot-starter-test-4.1.0.jar
[INFO] Downloaded from central: https://repo.maven.apache.org/maven2/org/springframework/boot/spring-boot-autoconfigure/4.1.0/spring-boot-autoconfigure-4.1.0.jar (373 kB at 494 kB/s)
[INFO] Downloading from central: https://repo.maven.apache.org/maven2/org/springframework/boot/spring-boot-test/4.1.0/spring-boot-test-4.1.0.jar
[INFO] Downloaded from central: https://repo.maven.apache.org/maven2/org/springframework/spring-core/7.0.8/spring-core-7.0.8.jar (2.0 MB at 2.7 MB/s)
[INFO] Downloading from central: https://repo.maven.apache.org/maven2/org/springframework/boot/spring-boot-test-autoconfigure/4.1.0/spring-boot-test-autoconfigure-4.1.0.jar
[INFO] Downloaded from central: https://repo.maven.apache.org/maven2/org/springframework/boot/spring-boot-starter-data-jpa-test/4.1.0/spring-boot-starter-data-jpa-test-4.1.0.jar (4.8 kB at 6.3 kB/s)
[INFO] Downloading from central: https://repo.maven.apache.org/maven2/com/jayway/jsonpath/json-path/2.10.0/json-path-2.10.0.jar
[INFO] Downloaded from central: https://repo.maven.apache.org/maven2/org/springframework/boot/spring-boot/4.1.0/spring-boot-4.1.0.jar (1.4 MB at 1.8 MB/s)
[INFO] Downloading from central: https://repo.maven.apache.org/maven2/net/minidev/json-smart/2.6.0/json-smart-2.6.0.jar
[INFO] Downloaded from central: https://repo.maven.apache.org/maven2/org/springframework/boot/spring-boot-starter-test/4.1.0/spring-boot-starter-test-4.1.0.jar (4.8 kB at 6.2 kB/s)
[INFO] Downloading from central: https://repo.maven.apache.org/maven2/net/minidev/accessors-smart/2.6.0/accessors-smart-2.6.0.jar
[INFO] Downloaded from central: https://repo.maven.apache.org/maven2/com/jayway/jsonpath/json-path/2.10.0/json-path-2.10.0.jar (279 kB at 355 kB/s)
[INFO] Downloading from central: https://repo.maven.apache.org/maven2/org/ow2/asm/asm/9.7.1/asm-9.7.1.jar
[INFO] Downloaded from central: https://repo.maven.apache.org/maven2/org/springframework/boot/spring-boot-test/4.1.0/spring-boot-test-4.1.0.jar (210 kB at 266 kB/s)
[INFO] Downloading from central: https://repo.maven.apache.org/maven2/org/assertj/assertj-core/3.27.7/assertj-core-3.27.7.jar
[INFO] Downloaded from central: https://repo.maven.apache.org/maven2/net/minidev/accessors-smart/2.6.0/accessors-smart-2.6.0.jar (30 kB at 38 kB/s)
[INFO] Downloading from central: https://repo.maven.apache.org/maven2/net/bytebuddy/byte-buddy/1.18.10/byte-buddy-1.18.10.jar
[INFO] Downloaded from central: https://repo.maven.apache.org/maven2/org/springframework/boot/spring-boot-test-autoconfigure/4.1.0/spring-boot-test-autoconfigure-4.1.0.jar (28 kB at 35 kB/s)
[INFO] Downloading from central: https://repo.maven.apache.org/maven2/org/awaitility/awaitility/4.3.0/awaitility-4.3.0.jar
[INFO] Downloaded from central: https://repo.maven.apache.org/maven2/net/minidev/json-smart/2.6.0/json-smart-2.6.0.jar (123 kB at 153 kB/s)
[INFO] Downloading from central: https://repo.maven.apache.org/maven2/org/hamcrest/hamcrest/3.0/hamcrest-3.0.jar
[INFO] Downloaded from central: https://repo.maven.apache.org/maven2/org/ow2/asm/asm/9.7.1/asm-9.7.1.jar (126 kB at 155 kB/s)
[INFO] Downloading from central: https://repo.maven.apache.org/maven2/org/junit/jupiter/junit-jupiter/6.0.3/junit-jupiter-6.0.3.jar
[INFO] Downloaded from central: https://repo.maven.apache.org/maven2/org/assertj/assertj-core/3.27.7/assertj-core-3.27.7.jar (1.4 MB at 1.7 MB/s)
[INFO] Downloading from central: https://repo.maven.apache.org/maven2/org/junit/jupiter/junit-jupiter-api/6.0.3/junit-jupiter-api-6.0.3.jar
[INFO] Downloaded from central: https://repo.maven.apache.org/maven2/org/awaitility/awaitility/4.3.0/awaitility-4.3.0.jar (98 kB at 118 kB/s)
[INFO] Downloading from central: https://repo.maven.apache.org/maven2/org/opentest4j/opentest4j/1.3.0/opentest4j-1.3.0.jar
[INFO] Downloaded from central: https://repo.maven.apache.org/maven2/org/hamcrest/hamcrest/3.0/hamcrest-3.0.jar (126 kB at 152 kB/s)
[INFO] Downloading from central: https://repo.maven.apache.org/maven2/org/junit/platform/junit-platform-commons/6.0.3/junit-platform-commons-6.0.3.jar
[INFO] Downloaded from central: https://repo.maven.apache.org/maven2/net/bytebuddy/byte-buddy/1.18.10/byte-buddy-1.18.10.jar (4.7 MB at 5.6 MB/s)
[INFO] Downloading from central: https://repo.maven.apache.org/maven2/org/apiguardian/apiguardian-api/1.1.2/apiguardian-api-1.1.2.jar
[INFO] Downloaded from central: https://repo.maven.apache.org/maven2/org/junit/jupiter/junit-jupiter/6.0.3/junit-jupiter-6.0.3.jar (6.4 kB at 7.5 kB/s)
[INFO] Downloading from central: https://repo.maven.apache.org/maven2/org/junit/jupiter/junit-jupiter-params/6.0.3/junit-jupiter-params-6.0.3.jar
[INFO] Downloaded from central: https://repo.maven.apache.org/maven2/org/junit/jupiter/junit-jupiter-api/6.0.3/junit-jupiter-api-6.0.3.jar (251 kB at 295 kB/s)
[INFO] Downloading from central: https://repo.maven.apache.org/maven2/org/junit/jupiter/junit-jupiter-engine/6.0.3/junit-jupiter-engine-6.0.3.jar
[INFO] Downloaded from central: https://repo.maven.apache.org/maven2/org/opentest4j/opentest4j/1.3.0/opentest4j-1.3.0.jar (14 kB at 17 kB/s)
[INFO] Downloading from central: https://repo.maven.apache.org/maven2/org/junit/platform/junit-platform-engine/6.0.3/junit-platform-engine-6.0.3.jar
[INFO] Downloaded from central: https://repo.maven.apache.org/maven2/org/apiguardian/apiguardian-api/1.1.2/apiguardian-api-1.1.2.jar (6.8 kB at 7.9 kB/s)
[INFO] Downloading from central: https://repo.maven.apache.org/maven2/org/mockito/mockito-core/5.23.0/mockito-core-5.23.0.jar
[INFO] Downloaded from central: https://repo.maven.apache.org/maven2/org/junit/platform/junit-platform-commons/6.0.3/junit-platform-commons-6.0.3.jar (171 kB at 198 kB/s)
[INFO] Downloading from central: https://repo.maven.apache.org/maven2/net/bytebuddy/byte-buddy-agent/1.18.10/byte-buddy-agent-1.18.10.jar
[INFO] Downloaded from central: https://repo.maven.apache.org/maven2/org/junit/jupiter/junit-jupiter-engine/6.0.3/junit-jupiter-engine-6.0.3.jar (356 kB at 407 kB/s)
[INFO] Downloading from central: https://repo.maven.apache.org/maven2/org/objenesis/objenesis/3.3/objenesis-3.3.jar
[INFO] Downloaded from central: https://repo.maven.apache.org/maven2/org/junit/jupiter/junit-jupiter-params/6.0.3/junit-jupiter-params-6.0.3.jar (297 kB at 339 kB/s)
[INFO] Downloading from central: https://repo.maven.apache.org/maven2/org/mockito/mockito-junit-jupiter/5.23.0/mockito-junit-jupiter-5.23.0.jar
[INFO] Downloaded from central: https://repo.maven.apache.org/maven2/org/junit/platform/junit-platform-engine/6.0.3/junit-platform-engine-6.0.3.jar (280 kB at 316 kB/s)
[INFO] Downloading from central: https://repo.maven.apache.org/maven2/org/skyscreamer/jsonassert/1.5.3/jsonassert-1.5.3.jar
[INFO] Downloaded from central: https://repo.maven.apache.org/maven2/org/mockito/mockito-core/5.23.0/mockito-core-5.23.0.jar (721 kB at 810 kB/s)
[INFO] Downloading from central: https://repo.maven.apache.org/maven2/com/vaadin/external/google/android-json/0.0.20131108.vaadin1/android-json-0.0.20131108.vaadin1.jar
[INFO] Downloaded from central: https://repo.maven.apache.org/maven2/org/objenesis/objenesis/3.3/objenesis-3.3.jar (49 kB at 55 kB/s)
[INFO] Downloaded from central: https://repo.maven.apache.org/maven2/net/bytebuddy/byte-buddy-agent/1.18.10/byte-buddy-agent-1.18.10.jar (268 kB at 298 kB/s)
[INFO] Downloading from central: https://repo.maven.apache.org/maven2/org/springframework/spring-test/7.0.8/spring-test-7.0.8.jar
[INFO] Downloading from central: https://repo.maven.apache.org/maven2/org/xmlunit/xmlunit-core/2.11.0/xmlunit-core-2.11.0.jar
[INFO] Downloaded from central: https://repo.maven.apache.org/maven2/org/mockito/mockito-junit-jupiter/5.23.0/mockito-junit-jupiter-5.23.0.jar (9.4 kB at 10 kB/s)
[INFO] Downloading from central: https://repo.maven.apache.org/maven2/org/springframework/boot/spring-boot-starter-jdbc-test/4.1.0/spring-boot-starter-jdbc-test-4.1.0.jar
[INFO] Downloaded from central: https://repo.maven.apache.org/maven2/com/vaadin/external/google/android-json/0.0.20131108.vaadin1/android-json-0.0.20131108.vaadin1.jar (18 kB at 20 kB/s)
[INFO] Downloading from central: https://repo.maven.apache.org/maven2/org/springframework/boot/spring-boot-jdbc-test/4.1.0/spring-boot-jdbc-test-4.1.0.jar
[INFO] Downloaded from central: https://repo.maven.apache.org/maven2/org/xmlunit/xmlunit-core/2.11.0/xmlunit-core-2.11.0.jar (178 kB at 192 kB/s)
[INFO] Downloading from central: https://repo.maven.apache.org/maven2/org/springframework/boot/spring-boot-data-jpa-test/4.1.0/spring-boot-data-jpa-test-4.1.0.jar
[INFO] Downloaded from central: https://repo.maven.apache.org/maven2/org/skyscreamer/jsonassert/1.5.3/jsonassert-1.5.3.jar (31 kB at 33 kB/s)
[INFO] Downloading from central: https://repo.maven.apache.org/maven2/org/springframework/boot/spring-boot-jpa-test/4.1.0/spring-boot-jpa-test-4.1.0.jar
[INFO] Downloaded from central: https://repo.maven.apache.org/maven2/org/springframework/boot/spring-boot-jdbc-test/4.1.0/spring-boot-jdbc-test-4.1.0.jar (21 kB at 23 kB/s)
[INFO] Downloading from central: https://repo.maven.apache.org/maven2/org/springframework/boot/spring-boot-starter-restclient/4.1.0/spring-boot-starter-restclient-4.1.0.jar
[INFO] Downloaded from central: https://repo.maven.apache.org/maven2/org/springframework/boot/spring-boot-starter-jdbc-test/4.1.0/spring-boot-starter-jdbc-test-4.1.0.jar (4.8 kB at 5.1 kB/s)
[INFO] Downloading from central: https://repo.maven.apache.org/maven2/org/springframework/boot/spring-boot-restclient/4.1.0/spring-boot-restclient-4.1.0.jar
[INFO] Downloaded from central: https://repo.maven.apache.org/maven2/org/springframework/boot/spring-boot-data-jpa-test/4.1.0/spring-boot-data-jpa-test-4.1.0.jar (9.4 kB at 10.0 kB/s)
[INFO] Downloading from central: https://repo.maven.apache.org/maven2/org/springframework/boot/spring-boot-http-client/4.1.0/spring-boot-http-client-4.1.0.jar
[INFO] Downloaded from central: https://repo.maven.apache.org/maven2/org/springframework/spring-test/7.0.8/spring-test-7.0.8.jar (1.1 MB at 1.2 MB/s)
[INFO] Downloading from central: https://repo.maven.apache.org/maven2/org/springframework/boot/spring-boot-starter-restclient-test/4.1.0/spring-boot-starter-restclient-test-4.1.0.jar
[INFO] Downloaded from central: https://repo.maven.apache.org/maven2/org/springframework/boot/spring-boot-jpa-test/4.1.0/spring-boot-jpa-test-4.1.0.jar (11 kB at 11 kB/s)
[INFO] Downloading from central: https://repo.maven.apache.org/maven2/org/springframework/boot/spring-boot-starter-jackson-test/4.1.0/spring-boot-starter-jackson-test-4.1.0.jar
[INFO] Downloaded from central: https://repo.maven.apache.org/maven2/org/springframework/boot/spring-boot-starter-restclient/4.1.0/spring-boot-starter-restclient-4.1.0.jar (4.8 kB at 5.0 kB/s)
[INFO] Downloading from central: https://repo.maven.apache.org/maven2/org/springframework/boot/spring-boot-restclient-test/4.1.0/spring-boot-restclient-test-4.1.0.jar
[INFO] Downloaded from central: https://repo.maven.apache.org/maven2/org/springframework/boot/spring-boot-restclient/4.1.0/spring-boot-restclient-4.1.0.jar (45 kB at 47 kB/s)
[INFO] Downloading from central: https://repo.maven.apache.org/maven2/org/springframework/boot/spring-boot-starter-thymeleaf-test/4.1.0/spring-boot-starter-thymeleaf-test-4.1.0.jar
[INFO] Downloaded from central: https://repo.maven.apache.org/maven2/org/springframework/boot/spring-boot-http-client/4.1.0/spring-boot-http-client-4.1.0.jar (143 kB at 147 kB/s)
[INFO] Downloading from central: https://repo.maven.apache.org/maven2/org/springframework/boot/spring-boot-starter-validation-test/4.1.0/spring-boot-starter-validation-test-4.1.0.jar
[INFO] Downloaded from central: https://repo.maven.apache.org/maven2/org/springframework/boot/spring-boot-starter-restclient-test/4.1.0/spring-boot-starter-restclient-test-4.1.0.jar (4.8 kB at 4.9 kB/s)
[INFO] Downloading from central: https://repo.maven.apache.org/maven2/org/springframework/boot/spring-boot-starter-webmvc-test/4.1.0/spring-boot-starter-webmvc-test-4.1.0.jar
[INFO] Downloaded from central: https://repo.maven.apache.org/maven2/org/springframework/boot/spring-boot-restclient-test/4.1.0/spring-boot-restclient-test-4.1.0.jar (25 kB at 25 kB/s)
[INFO] Downloading from central: https://repo.maven.apache.org/maven2/org/springframework/boot/spring-boot-webmvc-test/4.1.0/spring-boot-webmvc-test-4.1.0.jar
[INFO] Downloaded from central: https://repo.maven.apache.org/maven2/org/springframework/boot/spring-boot-starter-thymeleaf-test/4.1.0/spring-boot-starter-thymeleaf-test-4.1.0.jar (4.7 kB at 4.8 kB/s)
[INFO] Downloading from central: https://repo.maven.apache.org/maven2/org/springframework/boot/spring-boot-web-server/4.1.0/spring-boot-web-server-4.1.0.jar
[INFO] Downloaded from central: https://repo.maven.apache.org/maven2/org/springframework/boot/spring-boot-starter-validation-test/4.1.0/spring-boot-starter-validation-test-4.1.0.jar (4.8 kB at 4.8 kB/s)
[INFO] Downloading from central: https://repo.maven.apache.org/maven2/org/springframework/boot/spring-boot-resttestclient/4.1.0/spring-boot-resttestclient-4.1.0.jar
[INFO] Downloaded from central: https://repo.maven.apache.org/maven2/org/springframework/boot/spring-boot-starter-jackson-test/4.1.0/spring-boot-starter-jackson-test-4.1.0.jar (4.7 kB at 4.8 kB/s)
[INFO] Downloading from central: https://repo.maven.apache.org/maven2/org/springframework/boot/spring-boot-starter-actuator-test/4.1.0/spring-boot-starter-actuator-test-4.1.0.jar
[INFO] Downloaded from central: https://repo.maven.apache.org/maven2/org/springframework/boot/spring-boot-starter-webmvc-test/4.1.0/spring-boot-starter-webmvc-test-4.1.0.jar (4.8 kB at 4.7 kB/s)
[INFO] Downloading from central: https://repo.maven.apache.org/maven2/org/springframework/boot/spring-boot-starter-micrometer-metrics-test/4.1.0/spring-boot-starter-micrometer-metrics-test-4.1.0.jar
[INFO] Downloaded from central: https://repo.maven.apache.org/maven2/org/springframework/boot/spring-boot-webmvc-test/4.1.0/spring-boot-webmvc-test-4.1.0.jar (46 kB at 45 kB/s)
[INFO] Downloading from central: https://repo.maven.apache.org/maven2/org/springframework/boot/spring-boot-micrometer-metrics-test/4.1.0/spring-boot-micrometer-metrics-test-4.1.0.jar
[INFO] Downloaded from central: https://repo.maven.apache.org/maven2/org/springframework/boot/spring-boot-resttestclient/4.1.0/spring-boot-resttestclient-4.1.0.jar (34 kB at 33 kB/s)
[INFO] Downloading from central: https://repo.maven.apache.org/maven2/io/micrometer/micrometer-observation-test/1.17.0/micrometer-observation-test-1.17.0.jar
[INFO] Downloaded from central: https://repo.maven.apache.org/maven2/org/springframework/boot/spring-boot-starter-actuator-test/4.1.0/spring-boot-starter-actuator-test-4.1.0.jar (4.8 kB at 4.7 kB/s)
[INFO] Downloading from central: https://repo.maven.apache.org/maven2/org/springframework/boot/spring-boot-testcontainers/4.1.0/spring-boot-testcontainers-4.1.0.jar
[INFO] Downloaded from central: https://repo.maven.apache.org/maven2/org/springframework/boot/spring-boot-web-server/4.1.0/spring-boot-web-server-4.1.0.jar (172 kB at 168 kB/s)
[INFO] Downloading from central: https://repo.maven.apache.org/maven2/org/testcontainers/testcontainers/2.0.5/testcontainers-2.0.5.jar
[INFO] Downloaded from central: https://repo.maven.apache.org/maven2/org/springframework/boot/spring-boot-starter-micrometer-metrics-test/4.1.0/spring-boot-starter-micrometer-metrics-test-4.1.0.jar (4.8 kB at 4.6 kB/s)
[INFO] Downloading from central: https://repo.maven.apache.org/maven2/org/slf4j/slf4j-api/2.0.18/slf4j-api-2.0.18.jar
[INFO] Downloaded from central: https://repo.maven.apache.org/maven2/org/springframework/boot/spring-boot-micrometer-metrics-test/4.1.0/spring-boot-micrometer-metrics-test-4.1.0.jar (11 kB at 10 kB/s)
[INFO] Downloading from central: https://repo.maven.apache.org/maven2/org/apache/commons/commons-compress/1.28.0/commons-compress-1.28.0.jar
[INFO] Downloaded from central: https://repo.maven.apache.org/maven2/io/micrometer/micrometer-observation-test/1.17.0/micrometer-observation-test-1.17.0.jar (69 kB at 66 kB/s)
[INFO] Downloading from central: https://repo.maven.apache.org/maven2/commons-codec/commons-codec/1.21.0/commons-codec-1.21.0.jar
[INFO] Downloaded from central: https://repo.maven.apache.org/maven2/org/springframework/boot/spring-boot-testcontainers/4.1.0/spring-boot-testcontainers-4.1.0.jar (77 kB at 73 kB/s)
[INFO] Downloading from central: https://repo.maven.apache.org/maven2/commons-io/commons-io/2.20.0/commons-io-2.20.0.jar
[INFO] Downloaded from central: https://repo.maven.apache.org/maven2/org/apache/commons/commons-compress/1.28.0/commons-compress-1.28.0.jar (1.1 MB at 1.1 MB/s)
[INFO] Downloading from central: https://repo.maven.apache.org/maven2/org/apache/commons/commons-lang3/3.20.0/commons-lang3-3.20.0.jar
[INFO] Downloaded from central: https://repo.maven.apache.org/maven2/org/slf4j/slf4j-api/2.0.18/slf4j-api-2.0.18.jar (70 kB at 66 kB/s)
[INFO] Downloading from central: https://repo.maven.apache.org/maven2/org/rnorth/duct-tape/duct-tape/1.0.8/duct-tape-1.0.8.jar
[INFO] Downloaded from central: https://repo.maven.apache.org/maven2/commons-codec/commons-codec/1.21.0/commons-codec-1.21.0.jar (402 kB at 378 kB/s)
[INFO] Downloading from central: https://repo.maven.apache.org/maven2/org/jetbrains/annotations/17.0.0/annotations-17.0.0.jar
[INFO] Downloaded from central: https://repo.maven.apache.org/maven2/org/apache/commons/commons-lang3/3.20.0/commons-lang3-3.20.0.jar (714 kB at 657 kB/s)
[INFO] Downloading from central: https://repo.maven.apache.org/maven2/com/github/docker-java/docker-java-api/3.7.1/docker-java-api-3.7.1.jar
[INFO] Downloaded from central: https://repo.maven.apache.org/maven2/org/rnorth/duct-tape/duct-tape/1.0.8/duct-tape-1.0.8.jar (25 kB at 23 kB/s)
[INFO] Downloading from central: https://repo.maven.apache.org/maven2/com/github/docker-java/docker-java-transport-zerodep/3.7.1/docker-java-transport-zerodep-3.7.1.jar
[INFO] Downloaded from central: https://repo.maven.apache.org/maven2/commons-io/commons-io/2.20.0/commons-io-2.20.0.jar (564 kB at 515 kB/s)
[INFO] Downloading from central: https://repo.maven.apache.org/maven2/com/github/docker-java/docker-java-transport/3.7.1/docker-java-transport-3.7.1.jar
[INFO] Downloaded from central: https://repo.maven.apache.org/maven2/org/jetbrains/annotations/17.0.0/annotations-17.0.0.jar (19 kB at 17 kB/s)
[INFO] Downloading from central: https://repo.maven.apache.org/maven2/net/java/dev/jna/jna/5.18.1/jna-5.18.1.jar
[INFO] Downloaded from central: https://repo.maven.apache.org/maven2/com/github/docker-java/docker-java-api/3.7.1/docker-java-api-3.7.1.jar (500 kB at 448 kB/s)
[INFO] Downloading from central: https://repo.maven.apache.org/maven2/org/springframework/boot/spring-boot-docker-compose/4.1.0/spring-boot-docker-compose-4.1.0.jar
[INFO] Downloaded from central: https://repo.maven.apache.org/maven2/com/github/docker-java/docker-java-transport-zerodep/3.7.1/docker-java-transport-zerodep-3.7.1.jar (2.3 MB at 2.1 MB/s)
[INFO] Downloading from central: https://repo.maven.apache.org/maven2/tools/jackson/core/jackson-databind/3.1.4/jackson-databind-3.1.4.jar
[INFO] Downloaded from central: https://repo.maven.apache.org/maven2/com/github/docker-java/docker-java-transport/3.7.1/docker-java-transport-3.7.1.jar (39 kB at 34 kB/s)
[INFO] Downloading from central: https://repo.maven.apache.org/maven2/com/fasterxml/jackson/core/jackson-annotations/2.21/jackson-annotations-2.21.jar
[INFO] Downloaded from central: https://repo.maven.apache.org/maven2/org/springframework/boot/spring-boot-docker-compose/4.1.0/spring-boot-docker-compose-4.1.0.jar (128 kB at 112 kB/s)
[INFO] Downloading from central: https://repo.maven.apache.org/maven2/tools/jackson/core/jackson-core/3.1.4/jackson-core-3.1.4.jar
[INFO] Downloaded from central: https://repo.maven.apache.org/maven2/org/testcontainers/testcontainers/2.0.5/testcontainers-2.0.5.jar (18 MB at 16 MB/s)
[INFO] Downloading from central: https://repo.maven.apache.org/maven2/org/springframework/boot/spring-boot-starter-cache-test/4.1.0/spring-boot-starter-cache-test-4.1.0.jar
[INFO] Downloaded from central: https://repo.maven.apache.org/maven2/net/java/dev/jna/jna/5.18.1/jna-5.18.1.jar (2.0 MB at 1.7 MB/s)
[INFO] Downloading from central: https://repo.maven.apache.org/maven2/org/springframework/boot/spring-boot-cache-test/4.1.0/spring-boot-cache-test-4.1.0.jar
[INFO] Downloaded from central: https://repo.maven.apache.org/maven2/com/fasterxml/jackson/core/jackson-annotations/2.21/jackson-annotations-2.21.jar (82 kB at 71 kB/s)
[INFO] Downloading from central: https://repo.maven.apache.org/maven2/org/testcontainers/testcontainers-junit-jupiter/2.0.5/testcontainers-junit-jupiter-2.0.5.jar
[INFO] Downloaded from central: https://repo.maven.apache.org/maven2/tools/jackson/core/jackson-databind/3.1.4/jackson-databind-3.1.4.jar (1.9 MB at 1.7 MB/s)
[INFO] Downloading from central: https://repo.maven.apache.org/maven2/org/testcontainers/testcontainers-mysql/2.0.5/testcontainers-mysql-2.0.5.jar
[INFO] Downloaded from central: https://repo.maven.apache.org/maven2/org/springframework/boot/spring-boot-starter-cache-test/4.1.0/spring-boot-starter-cache-test-4.1.0.jar (4.7 kB at 4.1 kB/s)
[INFO] Downloading from central: https://repo.maven.apache.org/maven2/org/testcontainers/testcontainers-jdbc/2.0.5/testcontainers-jdbc-2.0.5.jar
[INFO] Downloaded from central: https://repo.maven.apache.org/maven2/org/springframework/boot/spring-boot-cache-test/4.1.0/spring-boot-cache-test-4.1.0.jar (7.2 kB at 6.1 kB/s)
[INFO] Downloading from central: https://repo.maven.apache.org/maven2/org/testcontainers/testcontainers-database-commons/2.0.5/testcontainers-database-commons-2.0.5.jar
[INFO] Downloaded from central: https://repo.maven.apache.org/maven2/tools/jackson/core/jackson-core/3.1.4/jackson-core-3.1.4.jar (599 kB at 510 kB/s)
[INFO] Downloaded from central: https://repo.maven.apache.org/maven2/org/testcontainers/testcontainers-mysql/2.0.5/testcontainers-mysql-2.0.5.jar (13 kB at 11 kB/s)
[INFO] Downloaded from central: https://repo.maven.apache.org/maven2/org/testcontainers/testcontainers-junit-jupiter/2.0.5/testcontainers-junit-jupiter-2.0.5.jar (15 kB at 13 kB/s)
[INFO] Downloaded from central: https://repo.maven.apache.org/maven2/org/testcontainers/testcontainers-jdbc/2.0.5/testcontainers-jdbc-2.0.5.jar (30 kB at 25 kB/s)
[INFO] Downloaded from central: https://repo.maven.apache.org/maven2/org/testcontainers/testcontainers-database-commons/2.0.5/testcontainers-database-commons-2.0.5.jar (15 kB at 12 kB/s)
[INFO] 
[INFO] --- clean:3.5.0:clean (default-clean) @ spring-petclinic ---
[INFO] Downloading from central: https://repo.maven.apache.org/maven2/org/codehaus/plexus/plexus-utils/4.0.2/plexus-utils-4.0.2.pom
[INFO] Downloaded from central: https://repo.maven.apache.org/maven2/org/codehaus/plexus/plexus-utils/4.0.2/plexus-utils-4.0.2.pom (13 kB at 346 kB/s)
[INFO] Downloading from central: https://repo.maven.apache.org/maven2/org/codehaus/plexus/plexus-utils/4.0.2/plexus-utils-4.0.2.jar
[INFO] Downloaded from central: https://repo.maven.apache.org/maven2/org/codehaus/plexus/plexus-utils/4.0.2/plexus-utils-4.0.2.jar (193 kB at 6.4 MB/s)
[INFO] 
[INFO] --- enforcer:3.6.3:enforce (enforce-java) @ spring-petclinic ---
[INFO] Downloading from central: https://repo.maven.apache.org/maven2/org/codehaus/plexus/plexus-utils/4.0.3/plexus-utils-4.0.3.pom
[INFO] Downloaded from central: https://repo.maven.apache.org/maven2/org/codehaus/plexus/plexus-utils/4.0.3/plexus-utils-4.0.3.pom (6.8 kB at 251 kB/s)
[INFO] Downloading from central: https://repo.maven.apache.org/maven2/org/codehaus/plexus/plexus/25/plexus-25.pom
[INFO] Downloaded from central: https://repo.maven.apache.org/maven2/org/codehaus/plexus/plexus/25/plexus-25.pom (31 kB at 765 kB/s)
[INFO] Downloading from central: https://repo.maven.apache.org/maven2/org/junit/junit-bom/5.14.1/junit-bom-5.14.1.pom
[INFO] Downloaded from central: https://repo.maven.apache.org/maven2/org/junit/junit-bom/5.14.1/junit-bom-5.14.1.pom (5.7 kB at 135 kB/s)
[INFO] Downloading from central: https://repo.maven.apache.org/maven2/org/codehaus/plexus/plexus-xml/3.0.1/plexus-xml-3.0.1.pom
[INFO] Downloaded from central: https://repo.maven.apache.org/maven2/org/codehaus/plexus/plexus-xml/3.0.1/plexus-xml-3.0.1.pom (3.7 kB at 148 kB/s)
[INFO] Downloading from central: https://repo.maven.apache.org/maven2/org/codehaus/plexus/plexus/18/plexus-18.pom
[INFO] Downloaded from central: https://repo.maven.apache.org/maven2/org/codehaus/plexus/plexus/18/plexus-18.pom (29 kB at 1.0 MB/s)
[INFO] Downloading from central: https://repo.maven.apache.org/maven2/org/apache/maven/enforcer/enforcer-api/3.6.3/enforcer-api-3.6.3.pom
[INFO] Downloaded from central: https://repo.maven.apache.org/maven2/org/apache/maven/enforcer/enforcer-api/3.6.3/enforcer-api-3.6.3.pom (3.8 kB at 96 kB/s)
[INFO] Downloading from central: https://repo.maven.apache.org/maven2/org/apache/maven/enforcer/enforcer-rules/3.6.3/enforcer-rules-3.6.3.pom
[INFO] Downloaded from central: https://repo.maven.apache.org/maven2/org/apache/maven/enforcer/enforcer-rules/3.6.3/enforcer-rules-3.6.3.pom (5.5 kB at 135 kB/s)
[INFO] Downloading from central: https://repo.maven.apache.org/maven2/org/apache/maven/resolver/maven-resolver-util/1.9.27/maven-resolver-util-1.9.27.pom
[INFO] Downloaded from central: https://repo.maven.apache.org/maven2/org/apache/maven/resolver/maven-resolver-util/1.9.27/maven-resolver-util-1.9.27.pom (2.2 kB at 77 kB/s)
[INFO] Downloading from central: https://repo.maven.apache.org/maven2/org/apache/maven/resolver/maven-resolver/1.9.27/maven-resolver-1.9.27.pom
[INFO] Downloaded from central: https://repo.maven.apache.org/maven2/org/apache/maven/resolver/maven-resolver/1.9.27/maven-resolver-1.9.27.pom (25 kB at 663 kB/s)
[INFO] Downloading from central: https://repo.maven.apache.org/maven2/org/apache/maven/resolver/maven-resolver-api/1.9.27/maven-resolver-api-1.9.27.pom
[INFO] Downloaded from central: https://repo.maven.apache.org/maven2/org/apache/maven/resolver/maven-resolver-api/1.9.27/maven-resolver-api-1.9.27.pom (2.2 kB at 63 kB/s)
[INFO] Downloading from central: https://repo.maven.apache.org/maven2/commons-codec/commons-codec/1.22.0/commons-codec-1.22.0.pom
[INFO] Downloaded from central: https://repo.maven.apache.org/maven2/commons-codec/commons-codec/1.22.0/commons-codec-1.22.0.pom (19 kB at 510 kB/s)
[INFO] Downloading from central: https://repo.maven.apache.org/maven2/org/apache/commons/commons-parent/98/commons-parent-98.pom
[INFO] Downloaded from central: https://repo.maven.apache.org/maven2/org/apache/commons/commons-parent/98/commons-parent-98.pom (80 kB at 2.7 MB/s)
[INFO] Downloading from central: https://repo.maven.apache.org/maven2/commons-io/commons-io/2.22.0/commons-io-2.22.0.pom
[INFO] Downloaded from central: https://repo.maven.apache.org/maven2/commons-io/commons-io/2.22.0/commons-io-2.22.0.pom (20 kB at 676 kB/s)
[INFO] Downloading from central: https://repo.maven.apache.org/maven2/org/apache-extras/beanshell/bsh/2.0b6/bsh-2.0b6.pom
[INFO] Downloaded from central: https://repo.maven.apache.org/maven2/org/apache-extras/beanshell/bsh/2.0b6/bsh-2.0b6.pom (5.0 kB at 47 kB/s)
[INFO] Downloading from central: https://repo.maven.apache.org/maven2/org/codehaus/plexus/plexus-utils/4.0.3/plexus-utils-4.0.3.jar
[INFO] Downloaded from central: https://repo.maven.apache.org/maven2/org/codehaus/plexus/plexus-utils/4.0.3/plexus-utils-4.0.3.jar (193 kB at 6.9 MB/s)
[INFO] Downloading from central: https://repo.maven.apache.org/maven2/org/codehaus/plexus/plexus-xml/3.0.1/plexus-xml-3.0.1.jar
[INFO] Downloading from central: https://repo.maven.apache.org/maven2/org/apache/maven/enforcer/enforcer-api/3.6.3/enforcer-api-3.6.3.jar
[INFO] Downloading from central: https://repo.maven.apache.org/maven2/org/apache/maven/enforcer/enforcer-rules/3.6.3/enforcer-rules-3.6.3.jar
[INFO] Downloading from central: https://repo.maven.apache.org/maven2/org/apache/maven/resolver/maven-resolver-util/1.9.27/maven-resolver-util-1.9.27.jar
[INFO] Downloading from central: https://repo.maven.apache.org/maven2/commons-codec/commons-codec/1.22.0/commons-codec-1.22.0.jar
[INFO] Downloaded from central: https://repo.maven.apache.org/maven2/org/apache/maven/resolver/maven-resolver-util/1.9.27/maven-resolver-util-1.9.27.jar (197 kB at 8.2 MB/s)
[INFO] Downloaded from central: https://repo.maven.apache.org/maven2/org/codehaus/plexus/plexus-xml/3.0.1/plexus-xml-3.0.1.jar (94 kB at 3.6 MB/s)
[INFO] Downloading from central: https://repo.maven.apache.org/maven2/commons-io/commons-io/2.22.0/commons-io-2.22.0.jar
[INFO] Downloading from central: https://repo.maven.apache.org/maven2/org/apache-extras/beanshell/bsh/2.0b6/bsh-2.0b6.jar
[INFO] Downloaded from central: https://repo.maven.apache.org/maven2/org/apache/maven/enforcer/enforcer-api/3.6.3/enforcer-api-3.6.3.jar (15 kB at 541 kB/s)
[INFO] Downloaded from central: https://repo.maven.apache.org/maven2/org/apache/maven/enforcer/enforcer-rules/3.6.3/enforcer-rules-3.6.3.jar (163 kB at 5.6 MB/s)
[INFO] Downloaded from central: https://repo.maven.apache.org/maven2/commons-codec/commons-codec/1.22.0/commons-codec-1.22.0.jar (420 kB at 12 MB/s)
[INFO] Downloaded from central: https://repo.maven.apache.org/maven2/org/apache-extras/beanshell/bsh/2.0b6/bsh-2.0b6.jar (389 kB at 7.5 MB/s)
[INFO] Downloaded from central: https://repo.maven.apache.org/maven2/commons-io/commons-io/2.22.0/commons-io-2.22.0.jar (609 kB at 11 MB/s)
[INFO] Rule 0: org.apache.maven.enforcer.rules.version.RequireJavaVersion passed
[INFO] 
[INFO] --- spring-javaformat:0.0.47:validate (default) @ spring-petclinic ---
[INFO] Downloading from central: https://repo.maven.apache.org/maven2/io/spring/javaformat/spring-javaformat-formatter/0.0.47/spring-javaformat-formatter-0.0.47.pom
[INFO] Downloaded from central: https://repo.maven.apache.org/maven2/io/spring/javaformat/spring-javaformat-formatter/0.0.47/spring-javaformat-formatter-0.0.47.pom (2.2 kB at 84 kB/s)
[INFO] Downloading from central: https://repo.maven.apache.org/maven2/io/spring/javaformat/spring-javaformat/0.0.47/spring-javaformat-0.0.47.pom
[INFO] Downloaded from central: https://repo.maven.apache.org/maven2/io/spring/javaformat/spring-javaformat/0.0.47/spring-javaformat-0.0.47.pom (1.3 kB at 37 kB/s)
[INFO] Downloading from central: https://repo.maven.apache.org/maven2/io/spring/javaformat/spring-javaformat-config/0.0.47/spring-javaformat-config-0.0.47.pom
[INFO] Downloaded from central: https://repo.maven.apache.org/maven2/io/spring/javaformat/spring-javaformat-config/0.0.47/spring-javaformat-config-0.0.47.pom (1.3 kB at 39 kB/s)
[INFO] Downloading from central: https://repo.maven.apache.org/maven2/io/spring/javaformat/spring-javaformat-formatter-eclipse-jdt-jdk8/0.0.47/spring-javaformat-formatter-eclipse-jdt-jdk8-0.0.47.pom
[INFO] Downloaded from central: https://repo.maven.apache.org/maven2/io/spring/javaformat/spring-javaformat-formatter-eclipse-jdt-jdk8/0.0.47/spring-javaformat-formatter-eclipse-jdt-jdk8-0.0.47.pom (1.6 kB at 55 kB/s)
[INFO] Downloading from central: https://repo.maven.apache.org/maven2/io/spring/javaformat/spring-javaformat-formatter-eclipse-jdt-jdk17/0.0.47/spring-javaformat-formatter-eclipse-jdt-jdk17-0.0.47.pom
[INFO] Downloaded from central: https://repo.maven.apache.org/maven2/io/spring/javaformat/spring-javaformat-formatter-eclipse-jdt-jdk17/0.0.47/spring-javaformat-formatter-eclipse-jdt-jdk17-0.0.47.pom (1.6 kB at 42 kB/s)
[INFO] Downloading from central: https://repo.maven.apache.org/maven2/io/spring/javaformat/spring-javaformat-formatter-eclipse-runtime/0.0.47/spring-javaformat-formatter-eclipse-runtime-0.0.47.pom
[INFO] Downloaded from central: https://repo.maven.apache.org/maven2/io/spring/javaformat/spring-javaformat-formatter-eclipse-runtime/0.0.47/spring-javaformat-formatter-eclipse-runtime-0.0.47.pom (1.6 kB at 56 kB/s)
[INFO] Downloading from central: https://repo.maven.apache.org/maven2/org/codehaus/plexus/plexus-utils/3.5.1/plexus-utils-3.5.1.pom
[INFO] Downloaded from central: https://repo.maven.apache.org/maven2/org/codehaus/plexus/plexus-utils/3.5.1/plexus-utils-3.5.1.pom (8.8 kB at 325 kB/s)
[INFO] Downloading from central: https://repo.maven.apache.org/maven2/org/codehaus/plexus/plexus/10/plexus-10.pom
[INFO] Downloaded from central: https://repo.maven.apache.org/maven2/org/codehaus/plexus/plexus/10/plexus-10.pom (25 kB at 651 kB/s)
[INFO] Downloading from central: https://repo.maven.apache.org/maven2/io/spring/javaformat/spring-javaformat-formatter/0.0.47/spring-javaformat-formatter-0.0.47.jar
[INFO] Downloaded from central: https://repo.maven.apache.org/maven2/io/spring/javaformat/spring-javaformat-formatter/0.0.47/spring-javaformat-formatter-0.0.47.jar (39 kB at 1.0 MB/s)
[INFO] Downloading from central: https://repo.maven.apache.org/maven2/io/spring/javaformat/spring-javaformat-config/0.0.47/spring-javaformat-config-0.0.47.jar
[INFO] Downloading from central: https://repo.maven.apache.org/maven2/io/spring/javaformat/spring-javaformat-formatter-eclipse-jdt-jdk8/0.0.47/spring-javaformat-formatter-eclipse-jdt-jdk8-0.0.47.jar
[INFO] Downloading from central: https://repo.maven.apache.org/maven2/io/spring/javaformat/spring-javaformat-formatter-eclipse-jdt-jdk17/0.0.47/spring-javaformat-formatter-eclipse-jdt-jdk17-0.0.47.jar
[INFO] Downloading from central: https://repo.maven.apache.org/maven2/io/spring/javaformat/spring-javaformat-formatter-eclipse-runtime/0.0.47/spring-javaformat-formatter-eclipse-runtime-0.0.47.jar
[INFO] Downloading from central: https://repo.maven.apache.org/maven2/org/codehaus/plexus/plexus-utils/3.5.1/plexus-utils-3.5.1.jar
[INFO] Downloaded from central: https://repo.maven.apache.org/maven2/org/codehaus/plexus/plexus-utils/3.5.1/plexus-utils-3.5.1.jar (269 kB at 10 MB/s)
[INFO] Downloaded from central: https://repo.maven.apache.org/maven2/io/spring/javaformat/spring-javaformat-config/0.0.47/spring-javaformat-config-0.0.47.jar (6.8 kB at 219 kB/s)
[INFO] Downloaded from central: https://repo.maven.apache.org/maven2/io/spring/javaformat/spring-javaformat-formatter-eclipse-runtime/0.0.47/spring-javaformat-formatter-eclipse-runtime-0.0.47.jar (2.4 MB at 38 MB/s)
[INFO] Downloaded from central: https://repo.maven.apache.org/maven2/io/spring/javaformat/spring-javaformat-formatter-eclipse-jdt-jdk8/0.0.47/spring-javaformat-formatter-eclipse-jdt-jdk8-0.0.47.jar (6.2 MB at 88 MB/s)
[INFO] Downloaded from central: https://repo.maven.apache.org/maven2/io/spring/javaformat/spring-javaformat-formatter-eclipse-jdt-jdk17/0.0.47/spring-javaformat-formatter-eclipse-jdt-jdk17-0.0.47.jar (6.3 MB at 88 MB/s)
[INFO] 
[INFO] --- checkstyle:3.6.0:check (nohttp-checkstyle-validation) @ spring-petclinic ---
[INFO] Downloading from central: https://repo.maven.apache.org/maven2/com/puppycrawl/tools/checkstyle/12.3.1/checkstyle-12.3.1.pom
[INFO] Downloaded from central: https://repo.maven.apache.org/maven2/com/puppycrawl/tools/checkstyle/12.3.1/checkstyle-12.3.1.pom (252 kB at 4.7 MB/s)
[INFO] Downloading from central: https://repo.maven.apache.org/maven2/org/junit/junit-bom/6.0.1/junit-bom-6.0.1.pom
[INFO] Downloaded from central: https://repo.maven.apache.org/maven2/org/junit/junit-bom/6.0.1/junit-bom-6.0.1.pom (5.1 kB at 155 kB/s)
[INFO] Downloading from central: https://repo.maven.apache.org/maven2/info/picocli/picocli/4.7.7/picocli-4.7.7.pom
[INFO] Downloaded from central: https://repo.maven.apache.org/maven2/info/picocli/picocli/4.7.7/picocli-4.7.7.pom (1.4 kB at 34 kB/s)
[INFO] Downloading from central: https://repo.maven.apache.org/maven2/commons-beanutils/commons-beanutils/1.11.0/commons-beanutils-1.11.0.pom
[INFO] Downloaded from central: https://repo.maven.apache.org/maven2/commons-beanutils/commons-beanutils/1.11.0/commons-beanutils-1.11.0.pom (19 kB at 536 kB/s)
[INFO] Downloading from central: https://repo.maven.apache.org/maven2/org/apache/commons/commons-parent/84/commons-parent-84.pom
[INFO] Downloaded from central: https://repo.maven.apache.org/maven2/org/apache/commons/commons-parent/84/commons-parent-84.pom (78 kB at 2.1 MB/s)
[INFO] Downloading from central: https://repo.maven.apache.org/maven2/commons-collections/commons-collections/3.2.2/commons-collections-3.2.2.pom
[INFO] Downloaded from central: https://repo.maven.apache.org/maven2/commons-collections/commons-collections/3.2.2/commons-collections-3.2.2.pom (12 kB at 365 kB/s)
[INFO] Downloading from central: https://repo.maven.apache.org/maven2/org/apache/commons/commons-parent/39/commons-parent-39.pom
[INFO] Downloaded from central: https://repo.maven.apache.org/maven2/org/apache/commons/commons-parent/39/commons-parent-39.pom (62 kB at 1.8 MB/s)
[INFO] Downloading from central: https://repo.maven.apache.org/maven2/com/google/guava/guava/33.5.0-jre/guava-33.5.0-jre.pom
[INFO] Downloaded from central: https://repo.maven.apache.org/maven2/com/google/guava/guava/33.5.0-jre/guava-33.5.0-jre.pom (9.6 kB at 283 kB/s)
[INFO] Downloading from central: https://repo.maven.apache.org/maven2/com/google/guava/guava-parent/33.5.0-jre/guava-parent-33.5.0-jre.pom
[INFO] Downloaded from central: https://repo.maven.apache.org/maven2/com/google/guava/guava-parent/33.5.0-jre/guava-parent-33.5.0-jre.pom (24 kB at 684 kB/s)
[INFO] Downloading from central: https://repo.maven.apache.org/maven2/com/google/guava/failureaccess/1.0.3/failureaccess-1.0.3.pom
[INFO] Downloaded from central: https://repo.maven.apache.org/maven2/com/google/guava/failureaccess/1.0.3/failureaccess-1.0.3.pom (5.6 kB at 150 kB/s)
[INFO] Downloading from central: https://repo.maven.apache.org/maven2/com/google/guava/guava-parent/33.4.0-android/guava-parent-33.4.0-android.pom
[INFO] Downloaded from central: https://repo.maven.apache.org/maven2/com/google/guava/guava-parent/33.4.0-android/guava-parent-33.4.0-android.pom (22 kB at 652 kB/s)
[INFO] Downloading from central: https://repo.maven.apache.org/maven2/com/google/guava/listenablefuture/9999.0-empty-to-avoid-conflict-with-guava/listenablefuture-9999.0-empty-to-avoid-conflict-with-guava.pom
[INFO] Downloaded from central: https://repo.maven.apache.org/maven2/com/google/guava/listenablefuture/9999.0-empty-to-avoid-conflict-with-guava/listenablefuture-9999.0-empty-to-avoid-conflict-with-guava.pom (2.3 kB at 71 kB/s)
[INFO] Downloading from central: https://repo.maven.apache.org/maven2/com/google/guava/guava-parent/26.0-android/guava-parent-26.0-android.pom
[INFO] Downloaded from central: https://repo.maven.apache.org/maven2/com/google/guava/guava-parent/26.0-android/guava-parent-26.0-android.pom (10 kB at 283 kB/s)
[INFO] Downloading from central: https://repo.maven.apache.org/maven2/com/google/errorprone/error_prone_annotations/2.41.0/error_prone_annotations-2.41.0.pom
[INFO] Downloaded from central: https://repo.maven.apache.org/maven2/com/google/errorprone/error_prone_annotations/2.41.0/error_prone_annotations-2.41.0.pom (4.3 kB at 121 kB/s)
[INFO] Downloading from central: https://repo.maven.apache.org/maven2/com/google/errorprone/error_prone_parent/2.41.0/error_prone_parent-2.41.0.pom
[INFO] Downloaded from central: https://repo.maven.apache.org/maven2/com/google/errorprone/error_prone_parent/2.41.0/error_prone_parent-2.41.0.pom (16 kB at 514 kB/s)
[INFO] Downloading from central: https://repo.maven.apache.org/maven2/com/google/j2objc/j2objc-annotations/3.1/j2objc-annotations-3.1.pom
[INFO] Downloaded from central: https://repo.maven.apache.org/maven2/com/google/j2objc/j2objc-annotations/3.1/j2objc-annotations-3.1.pom (5.4 kB at 139 kB/s)
[INFO] Downloading from central: https://repo.maven.apache.org/maven2/org/reflections/reflections/0.10.2/reflections-0.10.2.pom
[INFO] Downloaded from central: https://repo.maven.apache.org/maven2/org/reflections/reflections/0.10.2/reflections-0.10.2.pom (9.3 kB at 266 kB/s)
[INFO] Downloading from central: https://repo.maven.apache.org/maven2/org/javassist/javassist/3.28.0-GA/javassist-3.28.0-GA.pom
[INFO] Downloaded from central: https://repo.maven.apache.org/maven2/org/javassist/javassist/3.28.0-GA/javassist-3.28.0-GA.pom (11 kB at 318 kB/s)
[INFO] Downloading from central: https://repo.maven.apache.org/maven2/com/google/code/findbugs/jsr305/3.0.2/jsr305-3.0.2.pom
[INFO] Downloaded from central: https://repo.maven.apache.org/maven2/com/google/code/findbugs/jsr305/3.0.2/jsr305-3.0.2.pom (4.3 kB at 122 kB/s)
[INFO] Downloading from central: https://repo.maven.apache.org/maven2/org/slf4j/slf4j-api/1.7.32/slf4j-api-1.7.32.pom
[INFO] Downloaded from central: https://repo.maven.apache.org/maven2/org/slf4j/slf4j-api/1.7.32/slf4j-api-1.7.32.pom (3.8 kB at 124 kB/s)
[INFO] Downloading from central: https://repo.maven.apache.org/maven2/org/slf4j/slf4j-parent/1.7.32/slf4j-parent-1.7.32.pom
[INFO] Downloaded from central: https://repo.maven.apache.org/maven2/org/slf4j/slf4j-parent/1.7.32/slf4j-parent-1.7.32.pom (14 kB at 406 kB/s)
[INFO] Downloading from central: https://repo.maven.apache.org/maven2/org/slf4j/slf4j-api/2.0.17/slf4j-api-2.0.17.pom
[INFO] Downloaded from central: https://repo.maven.apache.org/maven2/org/slf4j/slf4j-api/2.0.17/slf4j-api-2.0.17.pom (2.8 kB at 88 kB/s)
[INFO] Downloading from central: https://repo.maven.apache.org/maven2/org/slf4j/slf4j-parent/2.0.17/slf4j-parent-2.0.17.pom
[INFO] Downloaded from central: https://repo.maven.apache.org/maven2/org/slf4j/slf4j-parent/2.0.17/slf4j-parent-2.0.17.pom (13 kB at 393 kB/s)
[INFO] Downloading from central: https://repo.maven.apache.org/maven2/org/slf4j/slf4j-bom/2.0.17/slf4j-bom-2.0.17.pom
[INFO] Downloaded from central: https://repo.maven.apache.org/maven2/org/slf4j/slf4j-bom/2.0.17/slf4j-bom-2.0.17.pom (7.3 kB at 203 kB/s)
[INFO] Downloading from central: https://repo.maven.apache.org/maven2/org/slf4j/slf4j-simple/2.0.17/slf4j-simple-2.0.17.pom
[INFO] Downloaded from central: https://repo.maven.apache.org/maven2/org/slf4j/slf4j-simple/2.0.17/slf4j-simple-2.0.17.pom (1.3 kB at 31 kB/s)
[INFO] Downloading from central: https://repo.maven.apache.org/maven2/net/sf/saxon/Saxon-HE/12.9/Saxon-HE-12.9.pom
[INFO] Downloaded from central: https://repo.maven.apache.org/maven2/net/sf/saxon/Saxon-HE/12.9/Saxon-HE-12.9.pom (3.6 kB at 95 kB/s)
[INFO] Downloading from central: https://repo.maven.apache.org/maven2/org/xmlresolver/xmlresolver/5.3.3/xmlresolver-5.3.3.pom
[INFO] Downloaded from central: https://repo.maven.apache.org/maven2/org/xmlresolver/xmlresolver/5.3.3/xmlresolver-5.3.3.pom (1.5 kB at 40 kB/s)
[INFO] Downloading from central: https://repo.maven.apache.org/maven2/org/checkerframework/checker-qual/3.52.1/checker-qual-3.52.1.pom
[INFO] Downloaded from central: https://repo.maven.apache.org/maven2/org/checkerframework/checker-qual/3.52.1/checker-qual-3.52.1.pom (2.1 kB at 51 kB/s)
[INFO] Downloading from central: https://repo.maven.apache.org/maven2/org/apache/maven/doxia/doxia-core/1.12.0/doxia-core-1.12.0.pom
[INFO] Downloaded from central: https://repo.maven.apache.org/maven2/org/apache/maven/doxia/doxia-core/1.12.0/doxia-core-1.12.0.pom (4.4 kB at 93 kB/s)
[INFO] Downloading from central: https://repo.maven.apache.org/maven2/org/apache/maven/doxia/doxia/1.12.0/doxia-1.12.0.pom
[INFO] Downloaded from central: https://repo.maven.apache.org/maven2/org/apache/maven/doxia/doxia/1.12.0/doxia-1.12.0.pom (18 kB at 463 kB/s)
[INFO] Downloading from central: https://repo.maven.apache.org/maven2/org/apache/maven/maven-parent/34/maven-parent-34.pom
[INFO] Downloaded from central: https://repo.maven.apache.org/maven2/org/apache/maven/maven-parent/34/maven-parent-34.pom (43 kB at 1.2 MB/s)
[INFO] Downloading from central: https://repo.maven.apache.org/maven2/org/apache/apache/23/apache-23.pom
[INFO] Downloaded from central: https://repo.maven.apache.org/maven2/org/apache/apache/23/apache-23.pom (18 kB at 526 kB/s)
[INFO] Downloading from central: https://repo.maven.apache.org/maven2/org/apache/maven/doxia/doxia-sink-api/1.12.0/doxia-sink-api-1.12.0.pom
[INFO] Downloaded from central: https://repo.maven.apache.org/maven2/org/apache/maven/doxia/doxia-sink-api/1.12.0/doxia-sink-api-1.12.0.pom (1.5 kB at 40 kB/s)
[INFO] Downloading from central: https://repo.maven.apache.org/maven2/org/apache/maven/doxia/doxia-logging-api/1.12.0/doxia-logging-api-1.12.0.pom
[INFO] Downloaded from central: https://repo.maven.apache.org/maven2/org/apache/maven/doxia/doxia-logging-api/1.12.0/doxia-logging-api-1.12.0.pom (1.5 kB at 35 kB/s)
[INFO] Downloading from central: https://repo.maven.apache.org/maven2/org/codehaus/plexus/plexus-container-default/2.1.0/plexus-container-default-2.1.0.pom
[INFO] Downloaded from central: https://repo.maven.apache.org/maven2/org/codehaus/plexus/plexus-container-default/2.1.0/plexus-container-default-2.1.0.pom (3.0 kB at 74 kB/s)
[INFO] Downloading from central: https://repo.maven.apache.org/maven2/org/codehaus/plexus/plexus-containers/2.1.0/plexus-containers-2.1.0.pom
[INFO] Downloaded from central: https://repo.maven.apache.org/maven2/org/codehaus/plexus/plexus-containers/2.1.0/plexus-containers-2.1.0.pom (4.8 kB at 150 kB/s)
[INFO] Downloading from central: https://repo.maven.apache.org/maven2/org/codehaus/plexus/plexus/5.1/plexus-5.1.pom
[INFO] Downloaded from central: https://repo.maven.apache.org/maven2/org/codehaus/plexus/plexus/5.1/plexus-5.1.pom (23 kB at 643 kB/s)
[INFO] Downloading from central: https://repo.maven.apache.org/maven2/org/codehaus/plexus/plexus-utils/4.0.1/plexus-utils-4.0.1.pom
[INFO] Downloaded from central: https://repo.maven.apache.org/maven2/org/codehaus/plexus/plexus-utils/4.0.1/plexus-utils-4.0.1.pom (7.8 kB at 245 kB/s)
[INFO] Downloading from central: https://repo.maven.apache.org/maven2/org/codehaus/plexus/plexus/17/plexus-17.pom
[INFO] Downloaded from central: https://repo.maven.apache.org/maven2/org/codehaus/plexus/plexus/17/plexus-17.pom (28 kB at 854 kB/s)
[INFO] Downloading from central: https://repo.maven.apache.org/maven2/org/codehaus/plexus/plexus-classworlds/2.6.0/plexus-classworlds-2.6.0.pom
[INFO] Downloaded from central: https://repo.maven.apache.org/maven2/org/codehaus/plexus/plexus-classworlds/2.6.0/plexus-classworlds-2.6.0.pom (7.9 kB at 233 kB/s)
[INFO] Downloading from central: https://repo.maven.apache.org/maven2/org/apache/xbean/xbean-reflect/3.7/xbean-reflect-3.7.pom
[INFO] Downloaded from central: https://repo.maven.apache.org/maven2/org/apache/xbean/xbean-reflect/3.7/xbean-reflect-3.7.pom (5.1 kB at 141 kB/s)
[INFO] Downloading from central: https://repo.maven.apache.org/maven2/org/apache/xbean/xbean/3.7/xbean-3.7.pom
[INFO] Downloaded from central: https://repo.maven.apache.org/maven2/org/apache/xbean/xbean/3.7/xbean-3.7.pom (15 kB at 429 kB/s)
[INFO] Downloading from central: https://repo.maven.apache.org/maven2/org/apache/geronimo/genesis/genesis-java5-flava/2.0/genesis-java5-flava-2.0.pom
[INFO] Downloaded from central: https://repo.maven.apache.org/maven2/org/apache/geronimo/genesis/genesis-java5-flava/2.0/genesis-java5-flava-2.0.pom (5.5 kB at 122 kB/s)
[INFO] Downloading from central: https://repo.maven.apache.org/maven2/org/apache/geronimo/genesis/genesis-default-flava/2.0/genesis-default-flava-2.0.pom
[INFO] Downloaded from central: https://repo.maven.apache.org/maven2/org/apache/geronimo/genesis/genesis-default-flava/2.0/genesis-default-flava-2.0.pom (18 kB at 524 kB/s)
[INFO] Downloading from central: https://repo.maven.apache.org/maven2/org/apache/geronimo/genesis/genesis/2.0/genesis-2.0.pom
[INFO] Downloaded from central: https://repo.maven.apache.org/maven2/org/apache/geronimo/genesis/genesis/2.0/genesis-2.0.pom (18 kB at 460 kB/s)
[INFO] Downloading from central: https://repo.maven.apache.org/maven2/org/apache/apache/6/apache-6.pom
[INFO] Downloaded from central: https://repo.maven.apache.org/maven2/org/apache/apache/6/apache-6.pom (13 kB at 400 kB/s)
[INFO] Downloading from central: https://repo.maven.apache.org/maven2/org/codehaus/plexus/plexus-component-annotations/2.1.0/plexus-component-annotations-2.1.0.pom
[INFO] Downloaded from central: https://repo.maven.apache.org/maven2/org/codehaus/plexus/plexus-component-annotations/2.1.0/plexus-component-annotations-2.1.0.pom (750 B at 23 kB/s)
[INFO] Downloading from central: https://repo.maven.apache.org/maven2/org/apache/commons/commons-lang3/3.8.1/commons-lang3-3.8.1.pom
[INFO] Downloaded from central: https://repo.maven.apache.org/maven2/org/apache/commons/commons-lang3/3.8.1/commons-lang3-3.8.1.pom (28 kB at 775 kB/s)
[INFO] Downloading from central: https://repo.maven.apache.org/maven2/org/apache/commons/commons-parent/47/commons-parent-47.pom
[INFO] Downloaded from central: https://repo.maven.apache.org/maven2/org/apache/commons/commons-parent/47/commons-parent-47.pom (78 kB at 1.6 MB/s)
[INFO] Downloading from central: https://repo.maven.apache.org/maven2/org/apache/apache/19/apache-19.pom
[INFO] Downloaded from central: https://repo.maven.apache.org/maven2/org/apache/apache/19/apache-19.pom (15 kB at 387 kB/s)
[INFO] Downloading from central: https://repo.maven.apache.org/maven2/org/apache/commons/commons-text/1.3/commons-text-1.3.pom
[INFO] Downloaded from central: https://repo.maven.apache.org/maven2/org/apache/commons/commons-text/1.3/commons-text-1.3.pom (14 kB at 396 kB/s)
[INFO] Downloading from central: https://repo.maven.apache.org/maven2/org/apache/commons/commons-parent/45/commons-parent-45.pom
[INFO] Downloaded from central: https://repo.maven.apache.org/maven2/org/apache/commons/commons-parent/45/commons-parent-45.pom (73 kB at 1.8 MB/s)
[INFO] Downloading from central: https://repo.maven.apache.org/maven2/org/apache/commons/commons-lang3/3.7/commons-lang3-3.7.pom
[INFO] Downloaded from central: https://repo.maven.apache.org/maven2/org/apache/commons/commons-lang3/3.7/commons-lang3-3.7.pom (28 kB at 810 kB/s)
[INFO] Downloading from central: https://repo.maven.apache.org/maven2/org/apache/commons/commons-parent/42/commons-parent-42.pom
[INFO] Downloaded from central: https://repo.maven.apache.org/maven2/org/apache/commons/commons-parent/42/commons-parent-42.pom (68 kB at 1.7 MB/s)
[INFO] Downloading from central: https://repo.maven.apache.org/maven2/org/apache/apache/18/apache-18.pom
[INFO] Downloaded from central: https://repo.maven.apache.org/maven2/org/apache/apache/18/apache-18.pom (16 kB at 461 kB/s)
[INFO] Downloading from central: https://repo.maven.apache.org/maven2/org/apache/httpcomponents/httpclient/4.5.13/httpclient-4.5.13.pom
[INFO] Downloaded from central: https://repo.maven.apache.org/maven2/org/apache/httpcomponents/httpclient/4.5.13/httpclient-4.5.13.pom (6.6 kB at 174 kB/s)
[INFO] Downloading from central: https://repo.maven.apache.org/maven2/org/apache/httpcomponents/httpcomponents-client/4.5.13/httpcomponents-client-4.5.13.pom
[INFO] Downloaded from central: https://repo.maven.apache.org/maven2/org/apache/httpcomponents/httpcomponents-client/4.5.13/httpcomponents-client-4.5.13.pom (16 kB at 468 kB/s)
[INFO] Downloading from central: https://repo.maven.apache.org/maven2/org/apache/httpcomponents/httpcomponents-parent/11/httpcomponents-parent-11.pom
[INFO] Downloaded from central: https://repo.maven.apache.org/maven2/org/apache/httpcomponents/httpcomponents-parent/11/httpcomponents-parent-11.pom (35 kB at 1.0 MB/s)
[INFO] Downloading from central: https://repo.maven.apache.org/maven2/org/apache/httpcomponents/httpcore/4.4.13/httpcore-4.4.13.pom
[INFO] Downloaded from central: https://repo.maven.apache.org/maven2/org/apache/httpcomponents/httpcore/4.4.13/httpcore-4.4.13.pom (5.0 kB at 131 kB/s)
[INFO] Downloading from central: https://repo.maven.apache.org/maven2/org/apache/httpcomponents/httpcomponents-core/4.4.13/httpcomponents-core-4.4.13.pom
[INFO] Downloaded from central: https://repo.maven.apache.org/maven2/org/apache/httpcomponents/httpcomponents-core/4.4.13/httpcomponents-core-4.4.13.pom (13 kB at 286 kB/s)
[INFO] Downloading from central: https://repo.maven.apache.org/maven2/commons-logging/commons-logging/1.2/commons-logging-1.2.pom
[INFO] Downloaded from central: https://repo.maven.apache.org/maven2/commons-logging/commons-logging/1.2/commons-logging-1.2.pom (19 kB at 418 kB/s)
[INFO] Downloading from central: https://repo.maven.apache.org/maven2/org/apache/commons/commons-parent/34/commons-parent-34.pom
[INFO] Downloaded from central: https://repo.maven.apache.org/maven2/org/apache/commons/commons-parent/34/commons-parent-34.pom (56 kB at 1.5 MB/s)
[INFO] Downloading from central: https://repo.maven.apache.org/maven2/org/apache/apache/13/apache-13.pom
[INFO] Downloaded from central: https://repo.maven.apache.org/maven2/org/apache/apache/13/apache-13.pom (14 kB at 411 kB/s)
[INFO] Downloading from central: https://repo.maven.apache.org/maven2/org/apache/httpcomponents/httpcore/4.4.14/httpcore-4.4.14.pom
[INFO] Downloaded from central: https://repo.maven.apache.org/maven2/org/apache/httpcomponents/httpcore/4.4.14/httpcore-4.4.14.pom (5.0 kB at 134 kB/s)
[INFO] Downloading from central: https://repo.maven.apache.org/maven2/org/apache/httpcomponents/httpcomponents-core/4.4.14/httpcomponents-core-4.4.14.pom
[INFO] Downloaded from central: https://repo.maven.apache.org/maven2/org/apache/httpcomponents/httpcomponents-core/4.4.14/httpcomponents-core-4.4.14.pom (13 kB at 366 kB/s)
[INFO] Downloading from central: https://repo.maven.apache.org/maven2/org/apache/maven/doxia/doxia-module-xdoc/1.12.0/doxia-module-xdoc-1.12.0.pom
[INFO] Downloaded from central: https://repo.maven.apache.org/maven2/org/apache/maven/doxia/doxia-module-xdoc/1.12.0/doxia-module-xdoc-1.12.0.pom (4.3 kB at 111 kB/s)
[INFO] Downloading from central: https://repo.maven.apache.org/maven2/org/apache/maven/doxia/doxia-modules/1.12.0/doxia-modules-1.12.0.pom
[INFO] Downloaded from central: https://repo.maven.apache.org/maven2/org/apache/maven/doxia/doxia-modules/1.12.0/doxia-modules-1.12.0.pom (2.7 kB at 74 kB/s)
[INFO] Downloading from central: https://repo.maven.apache.org/maven2/commons-codec/commons-codec/1.11/commons-codec-1.11.pom
[INFO] Downloaded from central: https://repo.maven.apache.org/maven2/commons-codec/commons-codec/1.11/commons-codec-1.11.pom (14 kB at 368 kB/s)
[INFO] Downloading from central: https://repo.maven.apache.org/maven2/io/spring/nohttp/nohttp-checkstyle/0.0.11/nohttp-checkstyle-0.0.11.pom
[INFO] Downloaded from central: https://repo.maven.apache.org/maven2/io/spring/nohttp/nohttp-checkstyle/0.0.11/nohttp-checkstyle-0.0.11.pom (2.5 kB at 71 kB/s)
[INFO] Downloading from central: https://repo.maven.apache.org/maven2/com/puppycrawl/tools/checkstyle/8.33/checkstyle-8.33.pom
[INFO] Downloaded from central: https://repo.maven.apache.org/maven2/com/puppycrawl/tools/checkstyle/8.33/checkstyle-8.33.pom (127 kB at 3.4 MB/s)
[INFO] Downloading from central: https://repo.maven.apache.org/maven2/info/picocli/picocli/4.3.1/picocli-4.3.1.pom
[INFO] Downloaded from central: https://repo.maven.apache.org/maven2/info/picocli/picocli/4.3.1/picocli-4.3.1.pom (1.4 kB at 40 kB/s)
[INFO] Downloading from central: https://repo.maven.apache.org/maven2/antlr/antlr/2.7.7/antlr-2.7.7.pom
[INFO] Downloaded from central: https://repo.maven.apache.org/maven2/antlr/antlr/2.7.7/antlr-2.7.7.pom (632 B at 13 kB/s)
[INFO] Downloading from central: https://repo.maven.apache.org/maven2/org/antlr/antlr4-runtime/4.8-1/antlr4-runtime-4.8-1.pom
[INFO] Downloaded from central: https://repo.maven.apache.org/maven2/org/antlr/antlr4-runtime/4.8-1/antlr4-runtime-4.8-1.pom (3.6 kB at 100 kB/s)
[INFO] Downloading from central: https://repo.maven.apache.org/maven2/org/antlr/antlr4-master/4.8-1/antlr4-master-4.8-1.pom
[INFO] Downloaded from central: https://repo.maven.apache.org/maven2/org/antlr/antlr4-master/4.8-1/antlr4-master-4.8-1.pom (4.4 kB at 133 kB/s)
[INFO] Downloading from central: https://repo.maven.apache.org/maven2/commons-beanutils/commons-beanutils/1.9.4/commons-beanutils-1.9.4.pom
[INFO] Downloaded from central: https://repo.maven.apache.org/maven2/commons-beanutils/commons-beanutils/1.9.4/commons-beanutils-1.9.4.pom (18 kB at 530 kB/s)
[INFO] Downloading from central: https://repo.maven.apache.org/maven2/com/google/guava/guava/29.0-jre/guava-29.0-jre.pom
[INFO] Downloaded from central: https://repo.maven.apache.org/maven2/com/google/guava/guava/29.0-jre/guava-29.0-jre.pom (11 kB at 287 kB/s)
[INFO] Downloading from central: https://repo.maven.apache.org/maven2/com/google/guava/guava-parent/29.0-jre/guava-parent-29.0-jre.pom
[INFO] Downloaded from central: https://repo.maven.apache.org/maven2/com/google/guava/guava-parent/29.0-jre/guava-parent-29.0-jre.pom (13 kB at 328 kB/s)
[INFO] Downloading from central: https://repo.maven.apache.org/maven2/com/google/guava/failureaccess/1.0.1/failureaccess-1.0.1.pom
[INFO] Downloaded from central: https://repo.maven.apache.org/maven2/com/google/guava/failureaccess/1.0.1/failureaccess-1.0.1.pom (2.4 kB at 67 kB/s)
[INFO] Downloading from central: https://repo.maven.apache.org/maven2/org/checkerframework/checker-qual/2.11.1/checker-qual-2.11.1.pom
[INFO] Downloaded from central: https://repo.maven.apache.org/maven2/org/checkerframework/checker-qual/2.11.1/checker-qual-2.11.1.pom (2.4 kB at 63 kB/s)
[INFO] Downloading from central: https://repo.maven.apache.org/maven2/com/google/errorprone/error_prone_annotations/2.3.4/error_prone_annotations-2.3.4.pom
[INFO] Downloaded from central: https://repo.maven.apache.org/maven2/com/google/errorprone/error_prone_annotations/2.3.4/error_prone_annotations-2.3.4.pom (2.1 kB at 64 kB/s)
[INFO] Downloading from central: https://repo.maven.apache.org/maven2/com/google/errorprone/error_prone_parent/2.3.4/error_prone_parent-2.3.4.pom
[INFO] Downloaded from central: https://repo.maven.apache.org/maven2/com/google/errorprone/error_prone_parent/2.3.4/error_prone_parent-2.3.4.pom (5.4 kB at 155 kB/s)
[INFO] Downloading from central: https://repo.maven.apache.org/maven2/com/google/j2objc/j2objc-annotations/1.3/j2objc-annotations-1.3.pom
[INFO] Downloaded from central: https://repo.maven.apache.org/maven2/com/google/j2objc/j2objc-annotations/1.3/j2objc-annotations-1.3.pom (2.8 kB at 56 kB/s)
[INFO] Downloading from central: https://repo.maven.apache.org/maven2/net/sf/saxon/Saxon-HE/9.9.1-7/Saxon-HE-9.9.1-7.pom
[INFO] Downloaded from central: https://repo.maven.apache.org/maven2/net/sf/saxon/Saxon-HE/9.9.1-7/Saxon-HE-9.9.1-7.pom (4.1 kB at 120 kB/s)
[INFO] Downloading from central: https://repo.maven.apache.org/maven2/io/spring/nohttp/nohttp/0.0.11/nohttp-0.0.11.pom
[INFO] Downloaded from central: https://repo.maven.apache.org/maven2/io/spring/nohttp/nohttp/0.0.11/nohttp-0.0.11.pom (2.5 kB at 68 kB/s)
[INFO] Downloading from central: https://repo.maven.apache.org/maven2/ch/qos/logback/logback-classic/1.2.3/logback-classic-1.2.3.pom
[INFO] Downloaded from central: https://repo.maven.apache.org/maven2/ch/qos/logback/logback-classic/1.2.3/logback-classic-1.2.3.pom (13 kB at 363 kB/s)
[INFO] Downloading from central: https://repo.maven.apache.org/maven2/ch/qos/logback/logback-parent/1.2.3/logback-parent-1.2.3.pom
[INFO] Downloaded from central: https://repo.maven.apache.org/maven2/ch/qos/logback/logback-parent/1.2.3/logback-parent-1.2.3.pom (18 kB at 481 kB/s)
[INFO] Downloading from central: https://repo.maven.apache.org/maven2/ch/qos/logback/logback-core/1.2.3/logback-core-1.2.3.pom
[INFO] Downloaded from central: https://repo.maven.apache.org/maven2/ch/qos/logback/logback-core/1.2.3/logback-core-1.2.3.pom (4.2 kB at 117 kB/s)
[INFO] Downloading from central: https://repo.maven.apache.org/maven2/org/slf4j/slf4j-api/1.7.25/slf4j-api-1.7.25.pom
[INFO] Downloaded from central: https://repo.maven.apache.org/maven2/org/slf4j/slf4j-api/1.7.25/slf4j-api-1.7.25.pom (3.8 kB at 98 kB/s)
[INFO] Downloading from central: https://repo.maven.apache.org/maven2/org/slf4j/slf4j-parent/1.7.25/slf4j-parent-1.7.25.pom
[INFO] Downloaded from central: https://repo.maven.apache.org/maven2/org/slf4j/slf4j-parent/1.7.25/slf4j-parent-1.7.25.pom (14 kB at 300 kB/s)
[INFO] Downloading from central: https://repo.maven.apache.org/maven2/org/slf4j/slf4j-api/1.7.26/slf4j-api-1.7.26.pom
[INFO] Downloaded from central: https://repo.maven.apache.org/maven2/org/slf4j/slf4j-api/1.7.26/slf4j-api-1.7.26.pom (3.8 kB at 110 kB/s)
[INFO] Downloading from central: https://repo.maven.apache.org/maven2/org/slf4j/slf4j-parent/1.7.26/slf4j-parent-1.7.26.pom
[INFO] Downloaded from central: https://repo.maven.apache.org/maven2/org/slf4j/slf4j-parent/1.7.26/slf4j-parent-1.7.26.pom (14 kB at 415 kB/s)
[INFO] Downloading from central: https://repo.maven.apache.org/maven2/org/apache/maven/reporting/maven-reporting-api/4.0.0/maven-reporting-api-4.0.0.pom
[INFO] Downloaded from central: https://repo.maven.apache.org/maven2/org/apache/maven/reporting/maven-reporting-api/4.0.0/maven-reporting-api-4.0.0.pom (2.8 kB at 72 kB/s)
[INFO] Downloading from central: https://repo.maven.apache.org/maven2/org/apache/maven/shared/maven-shared-components/43/maven-shared-components-43.pom
[INFO] Downloaded from central: https://repo.maven.apache.org/maven2/org/apache/maven/shared/maven-shared-components/43/maven-shared-components-43.pom (3.8 kB at 108 kB/s)
[INFO] Downloading from central: https://repo.maven.apache.org/maven2/org/apache/maven/doxia/doxia-sink-api/2.0.0/doxia-sink-api-2.0.0.pom
[INFO] Downloaded from central: https://repo.maven.apache.org/maven2/org/apache/maven/doxia/doxia-sink-api/2.0.0/doxia-sink-api-2.0.0.pom (1.4 kB at 41 kB/s)
[INFO] Downloading from central: https://repo.maven.apache.org/maven2/org/apache/maven/doxia/doxia/2.0.0/doxia-2.0.0.pom
[INFO] Downloaded from central: https://repo.maven.apache.org/maven2/org/apache/maven/doxia/doxia/2.0.0/doxia-2.0.0.pom (17 kB at 453 kB/s)
[INFO] Downloading from central: https://repo.maven.apache.org/maven2/org/junit/junit-bom/5.11.1/junit-bom-5.11.1.pom
[INFO] Downloaded from central: https://repo.maven.apache.org/maven2/org/junit/junit-bom/5.11.1/junit-bom-5.11.1.pom (5.6 kB at 161 kB/s)
[INFO] Downloading from central: https://repo.maven.apache.org/maven2/org/apache/maven/reporting/maven-reporting-impl/4.0.0/maven-reporting-impl-4.0.0.pom
[INFO] Downloaded from central: https://repo.maven.apache.org/maven2/org/apache/maven/reporting/maven-reporting-impl/4.0.0/maven-reporting-impl-4.0.0.pom (8.8 kB at 274 kB/s)
[INFO] Downloading from central: https://repo.maven.apache.org/maven2/org/apache/maven/shared/maven-shared-utils/3.4.2/maven-shared-utils-3.4.2.pom
[INFO] Downloaded from central: https://repo.maven.apache.org/maven2/org/apache/maven/shared/maven-shared-utils/3.4.2/maven-shared-utils-3.4.2.pom (5.9 kB at 174 kB/s)
[INFO] Downloading from central: https://repo.maven.apache.org/maven2/org/apache/maven/shared/maven-shared-components/39/maven-shared-components-39.pom
[INFO] Downloaded from central: https://repo.maven.apache.org/maven2/org/apache/maven/shared/maven-shared-components/39/maven-shared-components-39.pom (3.2 kB at 95 kB/s)
[INFO] Downloading from central: https://repo.maven.apache.org/maven2/org/apache/maven/maven-parent/39/maven-parent-39.pom
[INFO] Downloaded from central: https://repo.maven.apache.org/maven2/org/apache/maven/maven-parent/39/maven-parent-39.pom (48 kB at 1.3 MB/s)
[INFO] Downloading from central: https://repo.maven.apache.org/maven2/org/apache/apache/29/apache-29.pom
[INFO] Downloaded from central: https://repo.maven.apache.org/maven2/org/apache/apache/29/apache-29.pom (21 kB at 391 kB/s)
[INFO] Downloading from central: https://repo.maven.apache.org/maven2/commons-io/commons-io/2.11.0/commons-io-2.11.0.pom
[INFO] Downloaded from central: https://repo.maven.apache.org/maven2/commons-io/commons-io/2.11.0/commons-io-2.11.0.pom (20 kB at 359 kB/s)
[INFO] Downloading from central: https://repo.maven.apache.org/maven2/org/apache/commons/commons-parent/52/commons-parent-52.pom
[INFO] Downloaded from central: https://repo.maven.apache.org/maven2/org/apache/commons/commons-parent/52/commons-parent-52.pom (79 kB at 2.0 MB/s)
[INFO] Downloading from central: https://repo.maven.apache.org/maven2/org/junit/junit-bom/5.7.2/junit-bom-5.7.2.pom
[INFO] Downloaded from central: https://repo.maven.apache.org/maven2/org/junit/junit-bom/5.7.2/junit-bom-5.7.2.pom (5.1 kB at 127 kB/s)
[INFO] Downloading from central: https://repo.maven.apache.org/maven2/org/apache/maven/doxia/doxia-site-model/2.0.0/doxia-site-model-2.0.0.pom
[INFO] Downloaded from central: https://repo.maven.apache.org/maven2/org/apache/maven/doxia/doxia-site-model/2.0.0/doxia-site-model-2.0.0.pom (5.8 kB at 124 kB/s)
[INFO] Downloading from central: https://repo.maven.apache.org/maven2/org/apache/maven/doxia/doxia-sitetools/2.0.0/doxia-sitetools-2.0.0.pom
[INFO] Downloaded from central: https://repo.maven.apache.org/maven2/org/apache/maven/doxia/doxia-sitetools/2.0.0/doxia-sitetools-2.0.0.pom (12 kB at 352 kB/s)
[INFO] Downloading from central: https://repo.maven.apache.org/maven2/org/eclipse/sisu/org.eclipse.sisu.plexus/0.9.0.M3/org.eclipse.sisu.plexus-0.9.0.M3.pom
[INFO] Downloaded from central: https://repo.maven.apache.org/maven2/org/eclipse/sisu/org.eclipse.sisu.plexus/0.9.0.M3/org.eclipse.sisu.plexus-0.9.0.M3.pom (17 kB at 448 kB/s)
[INFO] Downloading from central: https://repo.maven.apache.org/maven2/org/eclipse/sisu/sisu-inject/0.9.0.M3/sisu-inject-0.9.0.M3.pom
[INFO] Downloaded from central: https://repo.maven.apache.org/maven2/org/eclipse/sisu/sisu-inject/0.9.0.M3/sisu-inject-0.9.0.M3.pom (24 kB at 672 kB/s)
[INFO] Downloading from central: https://repo.maven.apache.org/maven2/org/eclipse/sisu/org.eclipse.sisu.inject/0.9.0.M3/org.eclipse.sisu.inject-0.9.0.M3.pom
[INFO] Downloaded from central: https://repo.maven.apache.org/maven2/org/eclipse/sisu/org.eclipse.sisu.inject/0.9.0.M3/org.eclipse.sisu.inject-0.9.0.M3.pom (20 kB at 561 kB/s)
[INFO] Downloading from central: https://repo.maven.apache.org/maven2/javax/inject/javax.inject/1/javax.inject-1.pom
[INFO] Downloaded from central: https://repo.maven.apache.org/maven2/javax/inject/javax.inject/1/javax.inject-1.pom (612 B at 16 kB/s)
[INFO] Downloading from central: https://repo.maven.apache.org/maven2/org/apache/maven/doxia/doxia-core/2.0.0/doxia-core-2.0.0.pom
[INFO] Downloaded from central: https://repo.maven.apache.org/maven2/org/apache/maven/doxia/doxia-core/2.0.0/doxia-core-2.0.0.pom (3.9 kB at 118 kB/s)
[INFO] Downloading from central: https://repo.maven.apache.org/maven2/commons-io/commons-io/2.17.0/commons-io-2.17.0.pom
[INFO] Downloaded from central: https://repo.maven.apache.org/maven2/commons-io/commons-io/2.17.0/commons-io-2.17.0.pom (20 kB at 556 kB/s)
[INFO] Downloading from central: https://repo.maven.apache.org/maven2/org/apache/commons/commons-parent/74/commons-parent-74.pom
[INFO] Downloaded from central: https://repo.maven.apache.org/maven2/org/apache/commons/commons-parent/74/commons-parent-74.pom (78 kB at 2.0 MB/s)
[INFO] Downloading from central: https://repo.maven.apache.org/maven2/org/apache/commons/commons-text/1.12.0/commons-text-1.12.0.pom
[INFO] Downloaded from central: https://repo.maven.apache.org/maven2/org/apache/commons/commons-text/1.12.0/commons-text-1.12.0.pom (20 kB at 551 kB/s)
[INFO] Downloading from central: https://repo.maven.apache.org/maven2/org/apache/commons/commons-lang3/3.14.0/commons-lang3-3.14.0.pom
[INFO] Downloaded from central: https://repo.maven.apache.org/maven2/org/apache/commons/commons-lang3/3.14.0/commons-lang3-3.14.0.pom (31 kB at 835 kB/s)
[INFO] Downloading from central: https://repo.maven.apache.org/maven2/org/apache/commons/commons-parent/64/commons-parent-64.pom
[INFO] Downloaded from central: https://repo.maven.apache.org/maven2/org/apache/commons/commons-parent/64/commons-parent-64.pom (78 kB at 1.9 MB/s)
[INFO] Downloading from central: https://repo.maven.apache.org/maven2/org/apache/apache/30/apache-30.pom
[INFO] Downloaded from central: https://repo.maven.apache.org/maven2/org/apache/apache/30/apache-30.pom (23 kB at 628 kB/s)
[INFO] Downloading from central: https://repo.maven.apache.org/maven2/org/junit/junit-bom/5.10.0/junit-bom-5.10.0.pom
[INFO] Downloaded from central: https://repo.maven.apache.org/maven2/org/junit/junit-bom/5.10.0/junit-bom-5.10.0.pom (5.6 kB at 115 kB/s)
[INFO] Downloading from central: https://repo.maven.apache.org/maven2/org/apache/maven/doxia/doxia-integration-tools/2.0.0/doxia-integration-tools-2.0.0.pom
[INFO] Downloaded from central: https://repo.maven.apache.org/maven2/org/apache/maven/doxia/doxia-integration-tools/2.0.0/doxia-integration-tools-2.0.0.pom (7.8 kB at 158 kB/s)
[INFO] Downloading from central: https://repo.maven.apache.org/maven2/org/codehaus/plexus/plexus-i18n/1.0-beta-10/plexus-i18n-1.0-beta-10.pom
[INFO] Downloaded from central: https://repo.maven.apache.org/maven2/org/codehaus/plexus/plexus-i18n/1.0-beta-10/plexus-i18n-1.0-beta-10.pom (2.1 kB at 59 kB/s)
[INFO] Downloading from central: https://repo.maven.apache.org/maven2/org/codehaus/plexus/plexus-components/1.1.12/plexus-components-1.1.12.pom
[INFO] Downloaded from central: https://repo.maven.apache.org/maven2/org/codehaus/plexus/plexus-components/1.1.12/plexus-components-1.1.12.pom (3.0 kB at 79 kB/s)
[INFO] Downloading from central: https://repo.maven.apache.org/maven2/org/codehaus/plexus/plexus/1.0.10/plexus-1.0.10.pom
[INFO] Downloaded from central: https://repo.maven.apache.org/maven2/org/codehaus/plexus/plexus/1.0.10/plexus-1.0.10.pom (8.2 kB at 223 kB/s)
[INFO] Downloading from central: https://repo.maven.apache.org/maven2/org/codehaus/plexus/plexus-interpolation/1.27/plexus-interpolation-1.27.pom
[INFO] Downloaded from central: https://repo.maven.apache.org/maven2/org/codehaus/plexus/plexus-interpolation/1.27/plexus-interpolation-1.27.pom (3.0 kB at 77 kB/s)
[INFO] Downloading from central: https://repo.maven.apache.org/maven2/org/codehaus/plexus/plexus/16/plexus-16.pom
[INFO] Downloaded from central: https://repo.maven.apache.org/maven2/org/codehaus/plexus/plexus/16/plexus-16.pom (28 kB at 614 kB/s)
[INFO] Downloading from central: https://repo.maven.apache.org/maven2/org/junit/junit-bom/5.10.1/junit-bom-5.10.1.pom
[INFO] Downloaded from central: https://repo.maven.apache.org/maven2/org/junit/junit-bom/5.10.1/junit-bom-5.10.1.pom (5.6 kB at 149 kB/s)
[INFO] Downloading from central: https://repo.maven.apache.org/maven2/org/apache/maven/doxia/doxia-site-renderer/2.0.0/doxia-site-renderer-2.0.0.pom
[INFO] Downloaded from central: https://repo.maven.apache.org/maven2/org/apache/maven/doxia/doxia-site-renderer/2.0.0/doxia-site-renderer-2.0.0.pom (7.4 kB at 172 kB/s)
[INFO] Downloading from central: https://repo.maven.apache.org/maven2/org/apache/maven/doxia/doxia-skin-model/2.0.0/doxia-skin-model-2.0.0.pom
[INFO] Downloaded from central: https://repo.maven.apache.org/maven2/org/apache/maven/doxia/doxia-skin-model/2.0.0/doxia-skin-model-2.0.0.pom (3.0 kB at 74 kB/s)
[INFO] Downloading from central: https://repo.maven.apache.org/maven2/org/apache/maven/doxia/doxia-module-xhtml5/2.0.0/doxia-module-xhtml5-2.0.0.pom
[INFO] Downloaded from central: https://repo.maven.apache.org/maven2/org/apache/maven/doxia/doxia-module-xhtml5/2.0.0/doxia-module-xhtml5-2.0.0.pom (2.9 kB at 67 kB/s)
[INFO] Downloading from central: https://repo.maven.apache.org/maven2/org/apache/maven/doxia/doxia-modules/2.0.0/doxia-modules-2.0.0.pom
[INFO] Downloaded from central: https://repo.maven.apache.org/maven2/org/apache/maven/doxia/doxia-modules/2.0.0/doxia-modules-2.0.0.pom (2.5 kB at 64 kB/s)
[INFO] Downloading from central: https://repo.maven.apache.org/maven2/org/codehaus/plexus/plexus-velocity/2.2.0/plexus-velocity-2.2.0.pom
[INFO] Downloaded from central: https://repo.maven.apache.org/maven2/org/codehaus/plexus/plexus-velocity/2.2.0/plexus-velocity-2.2.0.pom (4.1 kB at 116 kB/s)
[INFO] Downloading from central: https://repo.maven.apache.org/maven2/org/codehaus/plexus/plexus/19/plexus-19.pom
[INFO] Downloaded from central: https://repo.maven.apache.org/maven2/org/codehaus/plexus/plexus/19/plexus-19.pom (25 kB at 564 kB/s)
[INFO] Downloading from central: https://repo.maven.apache.org/maven2/org/apache/velocity/velocity-engine-core/2.4/velocity-engine-core-2.4.pom
[INFO] Downloaded from central: https://repo.maven.apache.org/maven2/org/apache/velocity/velocity-engine-core/2.4/velocity-engine-core-2.4.pom (12 kB at 255 kB/s)
[INFO] Downloading from central: https://repo.maven.apache.org/maven2/org/apache/velocity/velocity-engine-parent/2.4/velocity-engine-parent-2.4.pom
[INFO] Downloaded from central: https://repo.maven.apache.org/maven2/org/apache/velocity/velocity-engine-parent/2.4/velocity-engine-parent-2.4.pom (9.5 kB at 232 kB/s)
[INFO] Downloading from central: https://repo.maven.apache.org/maven2/org/apache/velocity/velocity-master/7/velocity-master-7.pom
[INFO] Downloaded from central: https://repo.maven.apache.org/maven2/org/apache/velocity/velocity-master/7/velocity-master-7.pom (7.9 kB at 184 kB/s)
[INFO] Downloading from central: https://repo.maven.apache.org/maven2/org/apache/velocity/tools/velocity-tools-generic/3.1/velocity-tools-generic-3.1.pom
[INFO] Downloaded from central: https://repo.maven.apache.org/maven2/org/apache/velocity/tools/velocity-tools-generic/3.1/velocity-tools-generic-3.1.pom (2.6 kB at 57 kB/s)
[INFO] Downloading from central: https://repo.maven.apache.org/maven2/org/apache/velocity/tools/velocity-tools-parent/3.1/velocity-tools-parent-3.1.pom
[INFO] Downloaded from central: https://repo.maven.apache.org/maven2/org/apache/velocity/tools/velocity-tools-parent/3.1/velocity-tools-parent-3.1.pom (8.0 kB at 223 kB/s)
[INFO] Downloading from central: https://repo.maven.apache.org/maven2/org/apache/velocity/velocity-master/4/velocity-master-4.pom
[INFO] Downloaded from central: https://repo.maven.apache.org/maven2/org/apache/velocity/velocity-master/4/velocity-master-4.pom (7.8 kB at 222 kB/s)
[INFO] Downloading from central: https://repo.maven.apache.org/maven2/org/apache/velocity/velocity-engine-core/2.3/velocity-engine-core-2.3.pom
[INFO] Downloaded from central: https://repo.maven.apache.org/maven2/org/apache/velocity/velocity-engine-core/2.3/velocity-engine-core-2.3.pom (10 kB at 291 kB/s)
[INFO] Downloading from central: https://repo.maven.apache.org/maven2/org/apache/velocity/velocity-engine-parent/2.3/velocity-engine-parent-2.3.pom
[INFO] Downloaded from central: https://repo.maven.apache.org/maven2/org/apache/velocity/velocity-engine-parent/2.3/velocity-engine-parent-2.3.pom (14 kB at 364 kB/s)
[INFO] Downloading from central: https://repo.maven.apache.org/maven2/org/apache/commons/commons-lang3/3.11/commons-lang3-3.11.pom
[INFO] Downloaded from central: https://repo.maven.apache.org/maven2/org/apache/commons/commons-lang3/3.11/commons-lang3-3.11.pom (30 kB at 790 kB/s)
[INFO] Downloading from central: https://repo.maven.apache.org/maven2/org/apache/commons/commons-parent/51/commons-parent-51.pom
[INFO] Downloaded from central: https://repo.maven.apache.org/maven2/org/apache/commons/commons-parent/51/commons-parent-51.pom (78 kB at 2.1 MB/s)
[INFO] Downloading from central: https://repo.maven.apache.org/maven2/org/slf4j/slf4j-api/1.7.30/slf4j-api-1.7.30.pom
[INFO] Downloaded from central: https://repo.maven.apache.org/maven2/org/slf4j/slf4j-api/1.7.30/slf4j-api-1.7.30.pom (3.8 kB at 124 kB/s)
[INFO] Downloading from central: https://repo.maven.apache.org/maven2/org/slf4j/slf4j-parent/1.7.30/slf4j-parent-1.7.30.pom
[INFO] Downloaded from central: https://repo.maven.apache.org/maven2/org/slf4j/slf4j-parent/1.7.30/slf4j-parent-1.7.30.pom (14 kB at 329 kB/s)
[INFO] Downloading from central: https://repo.maven.apache.org/maven2/org/apache/commons/commons-digester3/3.2/commons-digester3-3.2.pom
[INFO] Downloaded from central: https://repo.maven.apache.org/maven2/org/apache/commons/commons-digester3/3.2/commons-digester3-3.2.pom (18 kB at 489 kB/s)
[INFO] Downloading from central: https://repo.maven.apache.org/maven2/org/apache/commons/commons-parent/22/commons-parent-22.pom
[INFO] Downloaded from central: https://repo.maven.apache.org/maven2/org/apache/commons/commons-parent/22/commons-parent-22.pom (42 kB at 1.1 MB/s)
[INFO] Downloading from central: https://repo.maven.apache.org/maven2/org/apache/apache/9/apache-9.pom
[INFO] Downloaded from central: https://repo.maven.apache.org/maven2/org/apache/apache/9/apache-9.pom (15 kB at 489 kB/s)
[INFO] Downloading from central: https://repo.maven.apache.org/maven2/commons-beanutils/commons-beanutils/1.8.3/commons-beanutils-1.8.3.pom
[INFO] Downloaded from central: https://repo.maven.apache.org/maven2/commons-beanutils/commons-beanutils/1.8.3/commons-beanutils-1.8.3.pom (11 kB at 329 kB/s)
[INFO] Downloading from central: https://repo.maven.apache.org/maven2/org/apache/commons/commons-parent/14/commons-parent-14.pom
[INFO] Downloaded from central: https://repo.maven.apache.org/maven2/org/apache/commons/commons-parent/14/commons-parent-14.pom (31 kB at 805 kB/s)
[INFO] Downloading from central: https://repo.maven.apache.org/maven2/org/apache/apache/7/apache-7.pom
[INFO] Downloaded from central: https://repo.maven.apache.org/maven2/org/apache/apache/7/apache-7.pom (14 kB at 424 kB/s)
[INFO] Downloading from central: https://repo.maven.apache.org/maven2/commons-logging/commons-logging/1.1.1/commons-logging-1.1.1.pom
[INFO] Downloaded from central: https://repo.maven.apache.org/maven2/commons-logging/commons-logging/1.1.1/commons-logging-1.1.1.pom (18 kB at 437 kB/s)
[INFO] Downloading from central: https://repo.maven.apache.org/maven2/org/apache/commons/commons-parent/5/commons-parent-5.pom
[INFO] Downloaded from central: https://repo.maven.apache.org/maven2/org/apache/commons/commons-parent/5/commons-parent-5.pom (16 kB at 349 kB/s)
[INFO] Downloading from central: https://repo.maven.apache.org/maven2/org/apache/apache/4/apache-4.pom
[INFO] Downloaded from central: https://repo.maven.apache.org/maven2/org/apache/apache/4/apache-4.pom (4.5 kB at 112 kB/s)
[INFO] Downloading from central: https://repo.maven.apache.org/maven2/org/apache/commons/commons-lang3/3.10/commons-lang3-3.10.pom
[INFO] Downloaded from central: https://repo.maven.apache.org/maven2/org/apache/commons/commons-lang3/3.10/commons-lang3-3.10.pom (31 kB at 566 kB/s)
[INFO] Downloading from central: https://repo.maven.apache.org/maven2/org/apache/commons/commons-parent/50/commons-parent-50.pom
[INFO] Downloaded from central: https://repo.maven.apache.org/maven2/org/apache/commons/commons-parent/50/commons-parent-50.pom (76 kB at 2.0 MB/s)
[INFO] Downloading from central: https://repo.maven.apache.org/maven2/com/github/cliftonlabs/json-simple/3.0.2/json-simple-3.0.2.pom
[INFO] Downloaded from central: https://repo.maven.apache.org/maven2/com/github/cliftonlabs/json-simple/3.0.2/json-simple-3.0.2.pom (7.5 kB at 153 kB/s)
[INFO] Downloading from central: https://repo.maven.apache.org/maven2/org/apache/maven/doxia/doxia-module-apt/2.0.0/doxia-module-apt-2.0.0.pom
[INFO] Downloaded from central: https://repo.maven.apache.org/maven2/org/apache/maven/doxia/doxia-module-apt/2.0.0/doxia-module-apt-2.0.0.pom (2.9 kB at 87 kB/s)
[INFO] Downloading from central: https://repo.maven.apache.org/maven2/org/apache/maven/doxia/doxia-module-xdoc/2.0.0/doxia-module-xdoc-2.0.0.pom
[INFO] Downloaded from central: https://repo.maven.apache.org/maven2/org/apache/maven/doxia/doxia-module-xdoc/2.0.0/doxia-module-xdoc-2.0.0.pom (5.4 kB at 154 kB/s)
[INFO] Downloading from central: https://repo.maven.apache.org/maven2/org/apache/maven/maven-archiver/3.6.2/maven-archiver-3.6.2.pom
[INFO] Downloaded from central: https://repo.maven.apache.org/maven2/org/apache/maven/maven-archiver/3.6.2/maven-archiver-3.6.2.pom (4.4 kB at 122 kB/s)
[INFO] Downloading from central: https://repo.maven.apache.org/maven2/org/apache/maven/shared/maven-shared-components/41/maven-shared-components-41.pom
[INFO] Downloaded from central: https://repo.maven.apache.org/maven2/org/apache/maven/shared/maven-shared-components/41/maven-shared-components-41.pom (3.2 kB at 69 kB/s)
[INFO] Downloading from central: https://repo.maven.apache.org/maven2/org/apache/maven/maven-parent/41/maven-parent-41.pom
[INFO] Downloaded from central: https://repo.maven.apache.org/maven2/org/apache/maven/maven-parent/41/maven-parent-41.pom (50 kB at 1.1 MB/s)
[INFO] Downloading from central: https://repo.maven.apache.org/maven2/org/codehaus/plexus/plexus-archiver/4.9.2/plexus-archiver-4.9.2.pom
[INFO] Downloaded from central: https://repo.maven.apache.org/maven2/org/codehaus/plexus/plexus-archiver/4.9.2/plexus-archiver-4.9.2.pom (6.0 kB at 158 kB/s)
[INFO] Downloading from central: https://repo.maven.apache.org/maven2/org/codehaus/plexus/plexus-io/3.4.2/plexus-io-3.4.2.pom
[INFO] Downloaded from central: https://repo.maven.apache.org/maven2/org/codehaus/plexus/plexus-io/3.4.2/plexus-io-3.4.2.pom (3.9 kB at 88 kB/s)
[INFO] Downloading from central: https://repo.maven.apache.org/maven2/commons-io/commons-io/2.15.1/commons-io-2.15.1.pom
[INFO] Downloaded from central: https://repo.maven.apache.org/maven2/commons-io/commons-io/2.15.1/commons-io-2.15.1.pom (20 kB at 499 kB/s)
[INFO] Downloading from central: https://repo.maven.apache.org/maven2/org/apache/commons/commons-parent/65/commons-parent-65.pom
[INFO] Downloaded from central: https://repo.maven.apache.org/maven2/org/apache/commons/commons-parent/65/commons-parent-65.pom (78 kB at 1.8 MB/s)
[INFO] Downloading from central: https://repo.maven.apache.org/maven2/org/apache/commons/commons-compress/1.26.1/commons-compress-1.26.1.pom
[INFO] Downloaded from central: https://repo.maven.apache.org/maven2/org/apache/commons/commons-compress/1.26.1/commons-compress-1.26.1.pom (22 kB at 639 kB/s)
[INFO] Downloading from central: https://repo.maven.apache.org/maven2/org/apache/commons/commons-parent/66/commons-parent-66.pom
[INFO] Downloaded from central: https://repo.maven.apache.org/maven2/org/apache/commons/commons-parent/66/commons-parent-66.pom (77 kB at 1.5 MB/s)
[INFO] Downloading from central: https://repo.maven.apache.org/maven2/commons-codec/commons-codec/1.16.1/commons-codec-1.16.1.pom
[INFO] Downloaded from central: https://repo.maven.apache.org/maven2/commons-codec/commons-codec/1.16.1/commons-codec-1.16.1.pom (16 kB at 402 kB/s)
[INFO] Downloading from central: https://repo.maven.apache.org/maven2/org/iq80/snappy/snappy/0.4/snappy-0.4.pom
[INFO] Downloaded from central: https://repo.maven.apache.org/maven2/org/iq80/snappy/snappy/0.4/snappy-0.4.pom (15 kB at 404 kB/s)
[INFO] Downloading from central: https://repo.maven.apache.org/maven2/org/tukaani/xz/1.9/xz-1.9.pom
[INFO] Downloaded from central: https://repo.maven.apache.org/maven2/org/tukaani/xz/1.9/xz-1.9.pom (2.0 kB at 52 kB/s)
[INFO] Downloading from central: https://repo.maven.apache.org/maven2/com/github/luben/zstd-jni/1.5.5-11/zstd-jni-1.5.5-11.pom
[INFO] Downloaded from central: https://repo.maven.apache.org/maven2/com/github/luben/zstd-jni/1.5.5-11/zstd-jni-1.5.5-11.pom (2.0 kB at 53 kB/s)
[INFO] Downloading from central: https://repo.maven.apache.org/maven2/org/codehaus/plexus/plexus-component-annotations/2.2.0/plexus-component-annotations-2.2.0.pom
[INFO] Downloaded from central: https://repo.maven.apache.org/maven2/org/codehaus/plexus/plexus-component-annotations/2.2.0/plexus-component-annotations-2.2.0.pom (736 B at 19 kB/s)
[INFO] Downloading from central: https://repo.maven.apache.org/maven2/org/codehaus/plexus/plexus-containers/2.2.0/plexus-containers-2.2.0.pom
[INFO] Downloaded from central: https://repo.maven.apache.org/maven2/org/codehaus/plexus/plexus-containers/2.2.0/plexus-containers-2.2.0.pom (2.3 kB at 58 kB/s)
[INFO] Downloading from central: https://repo.maven.apache.org/maven2/org/codehaus/plexus/plexus-resources/1.3.0/plexus-resources-1.3.0.pom
[INFO] Downloaded from central: https://repo.maven.apache.org/maven2/org/codehaus/plexus/plexus-resources/1.3.0/plexus-resources-1.3.0.pom (4.0 kB at 122 kB/s)
[INFO] Downloading from central: https://repo.maven.apache.org/maven2/javax/xml/bind/jaxb-api/2.3.1/jaxb-api-2.3.1.pom
[INFO] Downloaded from central: https://repo.maven.apache.org/maven2/javax/xml/bind/jaxb-api/2.3.1/jaxb-api-2.3.1.pom (20 kB at 388 kB/s)
[INFO] Downloading from central: https://repo.maven.apache.org/maven2/javax/xml/bind/jaxb-api-parent/2.3.1/jaxb-api-parent-2.3.1.pom
[INFO] Downloaded from central: https://repo.maven.apache.org/maven2/javax/xml/bind/jaxb-api-parent/2.3.1/jaxb-api-parent-2.3.1.pom (8.1 kB at 238 kB/s)
[INFO] Downloading from central: https://repo.maven.apache.org/maven2/net/java/jvnet-parent/5/jvnet-parent-5.pom
[INFO] Downloaded from central: https://repo.maven.apache.org/maven2/net/java/jvnet-parent/5/jvnet-parent-5.pom (8.9 kB at 227 kB/s)
[INFO] Downloading from central: https://repo.maven.apache.org/maven2/javax/activation/javax.activation-api/1.2.0/javax.activation-api-1.2.0.pom
[INFO] Downloaded from central: https://repo.maven.apache.org/maven2/javax/activation/javax.activation-api/1.2.0/javax.activation-api-1.2.0.pom (4.9 kB at 102 kB/s)
[INFO] Downloading from central: https://repo.maven.apache.org/maven2/com/sun/activation/all/1.2.0/all-1.2.0.pom
[INFO] Downloaded from central: https://repo.maven.apache.org/maven2/com/sun/activation/all/1.2.0/all-1.2.0.pom (18 kB at 449 kB/s)
[INFO] Downloading from central: https://repo.maven.apache.org/maven2/net/java/jvnet-parent/1/jvnet-parent-1.pom
[INFO] Downloaded from central: https://repo.maven.apache.org/maven2/net/java/jvnet-parent/1/jvnet-parent-1.pom (4.7 kB at 124 kB/s)
[INFO] Downloading from central: https://repo.maven.apache.org/maven2/com/puppycrawl/tools/checkstyle/12.3.1/checkstyle-12.3.1.jar
[INFO] Downloaded from central: https://repo.maven.apache.org/maven2/com/puppycrawl/tools/checkstyle/12.3.1/checkstyle-12.3.1.jar (2.1 MB at 47 MB/s)
[INFO] Downloading from central: https://repo.maven.apache.org/maven2/info/picocli/picocli/4.7.7/picocli-4.7.7.jar
[INFO] Downloading from central: https://repo.maven.apache.org/maven2/commons-beanutils/commons-beanutils/1.11.0/commons-beanutils-1.11.0.jar
[INFO] Downloading from central: https://repo.maven.apache.org/maven2/commons-collections/commons-collections/3.2.2/commons-collections-3.2.2.jar
[INFO] Downloading from central: https://repo.maven.apache.org/maven2/com/google/guava/guava/33.5.0-jre/guava-33.5.0-jre.jar
[INFO] Downloading from central: https://repo.maven.apache.org/maven2/com/google/guava/failureaccess/1.0.3/failureaccess-1.0.3.jar
[INFO] Downloaded from central: https://repo.maven.apache.org/maven2/commons-beanutils/commons-beanutils/1.11.0/commons-beanutils-1.11.0.jar (247 kB at 8.5 MB/s)
[INFO] Downloading from central: https://repo.maven.apache.org/maven2/com/google/guava/listenablefuture/9999.0-empty-to-avoid-conflict-with-guava/listenablefuture-9999.0-empty-to-avoid-conflict-with-guava.jar
[INFO] Downloaded from central: https://repo.maven.apache.org/maven2/info/picocli/picocli/4.7.7/picocli-4.7.7.jar (418 kB at 12 MB/s)
[INFO] Downloading from central: https://repo.maven.apache.org/maven2/com/google/errorprone/error_prone_annotations/2.41.0/error_prone_annotations-2.41.0.jar
[INFO] Downloaded from central: https://repo.maven.apache.org/maven2/commons-collections/commons-collections/3.2.2/commons-collections-3.2.2.jar (588 kB at 14 MB/s)
[INFO] Downloading from central: https://repo.maven.apache.org/maven2/com/google/j2objc/j2objc-annotations/3.1/j2objc-annotations-3.1.jar
[INFO] Downloaded from central: https://repo.maven.apache.org/maven2/com/google/guava/guava/33.5.0-jre/guava-33.5.0-jre.jar (3.0 MB at 69 MB/s)
[INFO] Downloading from central: https://repo.maven.apache.org/maven2/org/reflections/reflections/0.10.2/reflections-0.10.2.jar
[INFO] Downloaded from central: https://repo.maven.apache.org/maven2/com/google/guava/failureaccess/1.0.3/failureaccess-1.0.3.jar (11 kB at 207 kB/s)
[INFO] Downloaded from central: https://repo.maven.apache.org/maven2/com/google/guava/listenablefuture/9999.0-empty-to-avoid-conflict-with-guava/listenablefuture-9999.0-empty-to-avoid-conflict-with-guava.jar (2.2 kB at 42 kB/s)
[INFO] Downloading from central: https://repo.maven.apache.org/maven2/org/javassist/javassist/3.28.0-GA/javassist-3.28.0-GA.jar
[INFO] Downloading from central: https://repo.maven.apache.org/maven2/com/google/code/findbugs/jsr305/3.0.2/jsr305-3.0.2.jar
[INFO] Downloaded from central: https://repo.maven.apache.org/maven2/com/google/errorprone/error_prone_annotations/2.41.0/error_prone_annotations-2.41.0.jar (20 kB at 314 kB/s)
[INFO] Downloading from central: https://repo.maven.apache.org/maven2/org/slf4j/slf4j-simple/2.0.17/slf4j-simple-2.0.17.jar
[INFO] Downloaded from central: https://repo.maven.apache.org/maven2/org/reflections/reflections/0.10.2/reflections-0.10.2.jar (130 kB at 1.9 MB/s)
[INFO] Downloading from central: https://repo.maven.apache.org/maven2/net/sf/saxon/Saxon-HE/12.9/Saxon-HE-12.9.jar
[INFO] Downloaded from central: https://repo.maven.apache.org/maven2/org/javassist/javassist/3.28.0-GA/javassist-3.28.0-GA.jar (852 kB at 11 MB/s)
[INFO] Downloaded from central: https://repo.maven.apache.org/maven2/com/google/j2objc/j2objc-annotations/3.1/j2objc-annotations-3.1.jar (17 kB at 212 kB/s)
[INFO] Downloading from central: https://repo.maven.apache.org/maven2/org/xmlresolver/xmlresolver/5.3.3/xmlresolver-5.3.3.jar
[INFO] Downloading from central: https://repo.maven.apache.org/maven2/org/xmlresolver/xmlresolver/5.3.3/xmlresolver-5.3.3-data.jar
[INFO] Downloaded from central: https://repo.maven.apache.org/maven2/com/google/code/findbugs/jsr305/3.0.2/jsr305-3.0.2.jar (20 kB at 212 kB/s)
[INFO] Downloading from central: https://repo.maven.apache.org/maven2/org/checkerframework/checker-qual/3.52.1/checker-qual-3.52.1.jar
[INFO] Downloaded from central: https://repo.maven.apache.org/maven2/org/slf4j/slf4j-simple/2.0.17/slf4j-simple-2.0.17.jar (16 kB at 165 kB/s)
[INFO] Downloading from central: https://repo.maven.apache.org/maven2/org/apache/maven/doxia/doxia-module-xdoc/1.12.0/doxia-module-xdoc-1.12.0.jar
[INFO] Downloaded from central: https://repo.maven.apache.org/maven2/org/xmlresolver/xmlresolver/5.3.3/xmlresolver-5.3.3-data.jar (1.0 MB at 8.8 MB/s)
[INFO] Downloading from central: https://repo.maven.apache.org/maven2/io/spring/nohttp/nohttp-checkstyle/0.0.11/nohttp-checkstyle-0.0.11.jar
[INFO] Downloaded from central: https://repo.maven.apache.org/maven2/org/apache/maven/doxia/doxia-module-xdoc/1.12.0/doxia-module-xdoc-1.12.0.jar (37 kB at 314 kB/s)
[INFO] Downloading from central: https://repo.maven.apache.org/maven2/io/spring/nohttp/nohttp/0.0.11/nohttp-0.0.11.jar
[INFO] Downloaded from central: https://repo.maven.apache.org/maven2/org/xmlresolver/xmlresolver/5.3.3/xmlresolver-5.3.3.jar (168 kB at 1.4 MB/s)
[INFO] Downloading from central: https://repo.maven.apache.org/maven2/ch/qos/logback/logback-classic/1.2.3/logback-classic-1.2.3.jar
[INFO] Downloaded from central: https://repo.maven.apache.org/maven2/org/checkerframework/checker-qual/3.52.1/checker-qual-3.52.1.jar (242 kB at 1.9 MB/s)
[INFO] Downloading from central: https://repo.maven.apache.org/maven2/ch/qos/logback/logback-core/1.2.3/logback-core-1.2.3.jar
[INFO] Downloaded from central: https://repo.maven.apache.org/maven2/net/sf/saxon/Saxon-HE/12.9/Saxon-HE-12.9.jar (5.8 MB at 43 MB/s)
[INFO] Downloading from central: https://repo.maven.apache.org/maven2/org/apache/maven/reporting/maven-reporting-api/4.0.0/maven-reporting-api-4.0.0.jar
[INFO] Downloaded from central: https://repo.maven.apache.org/maven2/io/spring/nohttp/nohttp-checkstyle/0.0.11/nohttp-checkstyle-0.0.11.jar (4.9 kB at 35 kB/s)
[INFO] Downloading from central: https://repo.maven.apache.org/maven2/org/apache/maven/reporting/maven-reporting-impl/4.0.0/maven-reporting-impl-4.0.0.jar
[INFO] Downloaded from central: https://repo.maven.apache.org/maven2/io/spring/nohttp/nohttp/0.0.11/nohttp-0.0.11.jar (25 kB at 170 kB/s)
[INFO] Downloading from central: https://repo.maven.apache.org/maven2/org/apache/maven/shared/maven-shared-utils/3.4.2/maven-shared-utils-3.4.2.jar
[INFO] Downloaded from central: https://repo.maven.apache.org/maven2/org/apache/maven/reporting/maven-reporting-api/4.0.0/maven-reporting-api-4.0.0.jar (9.8 kB at 63 kB/s)
[INFO] Downloading from central: https://repo.maven.apache.org/maven2/org/apache/maven/doxia/doxia-site-model/2.0.0/doxia-site-model-2.0.0.jar
[INFO] Downloaded from central: https://repo.maven.apache.org/maven2/ch/qos/logback/logback-core/1.2.3/logback-core-1.2.3.jar (472 kB at 2.9 MB/s)
[INFO] Downloading from central: https://repo.maven.apache.org/maven2/org/apache/maven/doxia/doxia-site-renderer/2.0.0/doxia-site-renderer-2.0.0.jar
[INFO] Downloaded from central: https://repo.maven.apache.org/maven2/ch/qos/logback/logback-classic/1.2.3/logback-classic-1.2.3.jar (290 kB at 1.8 MB/s)
[INFO] Downloading from central: https://repo.maven.apache.org/maven2/org/apache/maven/doxia/doxia-skin-model/2.0.0/doxia-skin-model-2.0.0.jar
[INFO] Downloaded from central: https://repo.maven.apache.org/maven2/org/apache/maven/reporting/maven-reporting-impl/4.0.0/maven-reporting-impl-4.0.0.jar (21 kB at 126 kB/s)
[INFO] Downloading from central: https://repo.maven.apache.org/maven2/org/apache/maven/doxia/doxia-module-xhtml5/2.0.0/doxia-module-xhtml5-2.0.0.jar
[INFO] Downloaded from central: https://repo.maven.apache.org/maven2/org/apache/maven/shared/maven-shared-utils/3.4.2/maven-shared-utils-3.4.2.jar (151 kB at 826 kB/s)
[INFO] Downloading from central: https://repo.maven.apache.org/maven2/org/codehaus/plexus/plexus-velocity/2.2.0/plexus-velocity-2.2.0.jar
[INFO] Downloaded from central: https://repo.maven.apache.org/maven2/org/apache/maven/doxia/doxia-skin-model/2.0.0/doxia-skin-model-2.0.0.jar (16 kB at 88 kB/s)
[INFO] Downloading from central: https://repo.maven.apache.org/maven2/org/apache/velocity/velocity-engine-core/2.4/velocity-engine-core-2.4.jar
[INFO] Downloaded from central: https://repo.maven.apache.org/maven2/org/apache/maven/doxia/doxia-site-model/2.0.0/doxia-site-model-2.0.0.jar (86 kB at 457 kB/s)
[INFO] Downloading from central: https://repo.maven.apache.org/maven2/org/apache/velocity/tools/velocity-tools-generic/3.1/velocity-tools-generic-3.1.jar
[INFO] Downloaded from central: https://repo.maven.apache.org/maven2/org/apache/maven/doxia/doxia-site-renderer/2.0.0/doxia-site-renderer-2.0.0.jar (44 kB at 232 kB/s)
[INFO] Downloading from central: https://repo.maven.apache.org/maven2/org/apache/commons/commons-digester3/3.2/commons-digester3-3.2.jar
[INFO] Downloaded from central: https://repo.maven.apache.org/maven2/org/apache/maven/doxia/doxia-module-xhtml5/2.0.0/doxia-module-xhtml5-2.0.0.jar (17 kB at 90 kB/s)
[INFO] Downloading from central: https://repo.maven.apache.org/maven2/commons-logging/commons-logging/1.1.1/commons-logging-1.1.1.jar
[INFO] Downloaded from central: https://repo.maven.apache.org/maven2/commons-logging/commons-logging/1.1.1/commons-logging-1.1.1.jar (61 kB at 285 kB/s)
[INFO] Downloading from central: https://repo.maven.apache.org/maven2/com/github/cliftonlabs/json-simple/3.0.2/json-simple-3.0.2.jar
[INFO] Downloaded from central: https://repo.maven.apache.org/maven2/org/apache/velocity/velocity-engine-core/2.4/velocity-engine-core-2.4.jar (510 kB at 2.4 MB/s)
[INFO] Downloading from central: https://repo.maven.apache.org/maven2/org/apache/maven/doxia/doxia-module-apt/2.0.0/doxia-module-apt-2.0.0.jar
[INFO] Downloaded from central: https://repo.maven.apache.org/maven2/org/apache/velocity/tools/velocity-tools-generic/3.1/velocity-tools-generic-3.1.jar (217 kB at 995 kB/s)
[INFO] Downloading from central: https://repo.maven.apache.org/maven2/org/apache/maven/maven-archiver/3.6.2/maven-archiver-3.6.2.jar
[INFO] Downloaded from central: https://repo.maven.apache.org/maven2/org/apache/commons/commons-digester3/3.2/commons-digester3-3.2.jar (242 kB at 1.1 MB/s)
[INFO] Downloading from central: https://repo.maven.apache.org/maven2/org/codehaus/plexus/plexus-archiver/4.9.2/plexus-archiver-4.9.2.jar
[INFO] Downloaded from central: https://repo.maven.apache.org/maven2/org/codehaus/plexus/plexus-velocity/2.2.0/plexus-velocity-2.2.0.jar (5.7 kB at 25 kB/s)
[INFO] Downloading from central: https://repo.maven.apache.org/maven2/org/codehaus/plexus/plexus-io/3.4.2/plexus-io-3.4.2.jar
[INFO] Downloaded from central: https://repo.maven.apache.org/maven2/com/github/cliftonlabs/json-simple/3.0.2/json-simple-3.0.2.jar (35 kB at 147 kB/s)
[INFO] Downloading from central: https://repo.maven.apache.org/maven2/org/apache/commons/commons-compress/1.26.1/commons-compress-1.26.1.jar
[INFO] Downloaded from central: https://repo.maven.apache.org/maven2/org/apache/maven/doxia/doxia-module-apt/2.0.0/doxia-module-apt-2.0.0.jar (54 kB at 224 kB/s)
[INFO] Downloading from central: https://repo.maven.apache.org/maven2/commons-codec/commons-codec/1.16.1/commons-codec-1.16.1.jar
[INFO] Downloaded from central: https://repo.maven.apache.org/maven2/org/apache/maven/maven-archiver/3.6.2/maven-archiver-3.6.2.jar (27 kB at 109 kB/s)
[INFO] Downloading from central: https://repo.maven.apache.org/maven2/org/iq80/snappy/snappy/0.4/snappy-0.4.jar
[INFO] Downloaded from central: https://repo.maven.apache.org/maven2/org/codehaus/plexus/plexus-io/3.4.2/plexus-io-3.4.2.jar (79 kB at 312 kB/s)
[INFO] Downloading from central: https://repo.maven.apache.org/maven2/org/tukaani/xz/1.9/xz-1.9.jar
[INFO] Downloaded from central: https://repo.maven.apache.org/maven2/org/codehaus/plexus/plexus-archiver/4.9.2/plexus-archiver-4.9.2.jar (225 kB at 878 kB/s)
[INFO] Downloading from central: https://repo.maven.apache.org/maven2/com/github/luben/zstd-jni/1.5.5-11/zstd-jni-1.5.5-11.jar
[INFO] Downloaded from central: https://repo.maven.apache.org/maven2/org/apache/commons/commons-compress/1.26.1/commons-compress-1.26.1.jar (1.1 MB at 4.1 MB/s)
[INFO] Downloading from central: https://repo.maven.apache.org/maven2/org/eclipse/sisu/org.eclipse.sisu.plexus/0.9.0.M3/org.eclipse.sisu.plexus-0.9.0.M3.jar
[INFO] Downloaded from central: https://repo.maven.apache.org/maven2/commons-codec/commons-codec/1.16.1/commons-codec-1.16.1.jar (365 kB at 1.4 MB/s)
[INFO] Downloading from central: https://repo.maven.apache.org/maven2/org/eclipse/sisu/org.eclipse.sisu.inject/0.9.0.M3/org.eclipse.sisu.inject-0.9.0.M3.jar
[INFO] Downloaded from central: https://repo.maven.apache.org/maven2/org/iq80/snappy/snappy/0.4/snappy-0.4.jar (58 kB at 211 kB/s)
[INFO] Downloading from central: https://repo.maven.apache.org/maven2/org/codehaus/plexus/plexus-classworlds/2.6.0/plexus-classworlds-2.6.0.jar
[INFO] Downloaded from central: https://repo.maven.apache.org/maven2/org/tukaani/xz/1.9/xz-1.9.jar (116 kB at 417 kB/s)
[INFO] Downloading from central: https://repo.maven.apache.org/maven2/org/apache/maven/doxia/doxia-sink-api/2.0.0/doxia-sink-api-2.0.0.jar
[INFO] Downloaded from central: https://repo.maven.apache.org/maven2/org/eclipse/sisu/org.eclipse.sisu.plexus/0.9.0.M3/org.eclipse.sisu.plexus-0.9.0.M3.jar (216 kB at 746 kB/s)
[INFO] Downloading from central: https://repo.maven.apache.org/maven2/org/apache/maven/doxia/doxia-core/2.0.0/doxia-core-2.0.0.jar
[INFO] Downloaded from central: https://repo.maven.apache.org/maven2/org/eclipse/sisu/org.eclipse.sisu.inject/0.9.0.M3/org.eclipse.sisu.inject-0.9.0.M3.jar (434 kB at 1.5 MB/s)
[INFO] Downloading from central: https://repo.maven.apache.org/maven2/javax/inject/javax.inject/1/javax.inject-1.jar
[INFO] Downloaded from central: https://repo.maven.apache.org/maven2/org/apache/maven/doxia/doxia-sink-api/2.0.0/doxia-sink-api-2.0.0.jar (11 kB at 37 kB/s)
[INFO] Downloading from central: https://repo.maven.apache.org/maven2/commons-io/commons-io/2.17.0/commons-io-2.17.0.jar
[INFO] Downloaded from central: https://repo.maven.apache.org/maven2/org/codehaus/plexus/plexus-classworlds/2.6.0/plexus-classworlds-2.6.0.jar (53 kB at 171 kB/s)
[INFO] Downloading from central: https://repo.maven.apache.org/maven2/org/apache/commons/commons-text/1.12.0/commons-text-1.12.0.jar
[INFO] Downloaded from central: https://repo.maven.apache.org/maven2/com/github/luben/zstd-jni/1.5.5-11/zstd-jni-1.5.5-11.jar (6.8 MB at 21 MB/s)
[INFO] Downloading from central: https://repo.maven.apache.org/maven2/org/apache/maven/doxia/doxia-integration-tools/2.0.0/doxia-integration-tools-2.0.0.jar
[INFO] Downloaded from central: https://repo.maven.apache.org/maven2/org/apache/maven/doxia/doxia-core/2.0.0/doxia-core-2.0.0.jar (168 kB at 522 kB/s)
[INFO] Downloading from central: https://repo.maven.apache.org/maven2/org/codehaus/plexus/plexus-interpolation/1.27/plexus-interpolation-1.27.jar
[INFO] Downloaded from central: https://repo.maven.apache.org/maven2/javax/inject/javax.inject/1/javax.inject-1.jar (2.5 kB at 7.7 kB/s)
[INFO] Downloading from central: https://repo.maven.apache.org/maven2/org/codehaus/plexus/plexus-component-annotations/2.2.0/plexus-component-annotations-2.2.0.jar
[INFO] Downloaded from central: https://repo.maven.apache.org/maven2/commons-io/commons-io/2.17.0/commons-io-2.17.0.jar (516 kB at 1.6 MB/s)
[INFO] Downloading from central: https://repo.maven.apache.org/maven2/org/codehaus/plexus/plexus-resources/1.3.0/plexus-resources-1.3.0.jar
[INFO] Downloaded from central: https://repo.maven.apache.org/maven2/org/apache/commons/commons-text/1.12.0/commons-text-1.12.0.jar (251 kB at 735 kB/s)
[INFO] Downloading from central: https://repo.maven.apache.org/maven2/org/codehaus/plexus/plexus-utils/4.0.1/plexus-utils-4.0.1.jar
[INFO] Downloaded from central: https://repo.maven.apache.org/maven2/org/apache/maven/doxia/doxia-integration-tools/2.0.0/doxia-integration-tools-2.0.0.jar (50 kB at 146 kB/s)
[INFO] Downloading from central: https://repo.maven.apache.org/maven2/org/codehaus/plexus/plexus-i18n/1.0-beta-10/plexus-i18n-1.0-beta-10.jar
[INFO] Downloaded from central: https://repo.maven.apache.org/maven2/org/codehaus/plexus/plexus-interpolation/1.27/plexus-interpolation-1.27.jar (86 kB at 246 kB/s)
[INFO] Downloading from central: https://repo.maven.apache.org/maven2/javax/xml/bind/jaxb-api/2.3.1/jaxb-api-2.3.1.jar
[INFO] Downloaded from central: https://repo.maven.apache.org/maven2/org/codehaus/plexus/plexus-resources/1.3.0/plexus-resources-1.3.0.jar (23 kB at 65 kB/s)
[INFO] Downloading from central: https://repo.maven.apache.org/maven2/javax/activation/javax.activation-api/1.2.0/javax.activation-api-1.2.0.jar
[INFO] Downloaded from central: https://repo.maven.apache.org/maven2/org/codehaus/plexus/plexus-component-annotations/2.2.0/plexus-component-annotations-2.2.0.jar (4.2 kB at 12 kB/s)
[INFO] Downloaded from central: https://repo.maven.apache.org/maven2/org/codehaus/plexus/plexus-utils/4.0.1/plexus-utils-4.0.1.jar (193 kB at 515 kB/s)
[INFO] Downloaded from central: https://repo.maven.apache.org/maven2/javax/xml/bind/jaxb-api/2.3.1/jaxb-api-2.3.1.jar (128 kB at 341 kB/s)
[INFO] Downloaded from central: https://repo.maven.apache.org/maven2/javax/activation/javax.activation-api/1.2.0/javax.activation-api-1.2.0.jar (57 kB at 150 kB/s)
[INFO] Downloaded from central: https://repo.maven.apache.org/maven2/org/codehaus/plexus/plexus-i18n/1.0-beta-10/plexus-i18n-1.0-beta-10.jar (12 kB at 31 kB/s)
[INFO] You have 0 Checkstyle violations.
[INFO] 
[INFO] --- jacoco:0.8.15:prepare-agent (default) @ spring-petclinic ---
[INFO] Downloading from central: https://repo.maven.apache.org/maven2/org/apache/maven/shared/file-management/3.2.0/file-management-3.2.0.pom
[INFO] Downloaded from central: https://repo.maven.apache.org/maven2/org/apache/maven/shared/file-management/3.2.0/file-management-3.2.0.pom (4.5 kB at 155 kB/s)
[INFO] Downloading from central: https://repo.maven.apache.org/maven2/org/apache/maven/shared/maven-shared-components/44/maven-shared-components-44.pom
[INFO] Downloaded from central: https://repo.maven.apache.org/maven2/org/apache/maven/shared/maven-shared-components/44/maven-shared-components-44.pom (3.8 kB at 146 kB/s)
[INFO] Downloading from central: https://repo.maven.apache.org/maven2/commons-io/commons-io/2.19.0/commons-io-2.19.0.pom
[INFO] Downloaded from central: https://repo.maven.apache.org/maven2/commons-io/commons-io/2.19.0/commons-io-2.19.0.pom (21 kB at 529 kB/s)
[INFO] Downloading from central: https://repo.maven.apache.org/maven2/org/apache/commons/commons-parent/81/commons-parent-81.pom
[INFO] Downloaded from central: https://repo.maven.apache.org/maven2/org/apache/commons/commons-parent/81/commons-parent-81.pom (78 kB at 2.4 MB/s)
[INFO] Downloading from central: https://repo.maven.apache.org/maven2/org/junit/junit-bom/5.11.4/junit-bom-5.11.4.pom
[INFO] Downloaded from central: https://repo.maven.apache.org/maven2/org/junit/junit-bom/5.11.4/junit-bom-5.11.4.pom (5.6 kB at 171 kB/s)
[INFO] Downloading from central: https://repo.maven.apache.org/maven2/org/apache/maven/reporting/maven-reporting-api/3.0/maven-reporting-api-3.0.pom
[INFO] Downloaded from central: https://repo.maven.apache.org/maven2/org/apache/maven/reporting/maven-reporting-api/3.0/maven-reporting-api-3.0.pom (2.4 kB at 59 kB/s)
[INFO] Downloading from central: https://repo.maven.apache.org/maven2/org/apache/maven/shared/maven-shared-components/15/maven-shared-components-15.pom
[INFO] Downloaded from central: https://repo.maven.apache.org/maven2/org/apache/maven/shared/maven-shared-components/15/maven-shared-components-15.pom (9.3 kB at 373 kB/s)
[INFO] Downloading from central: https://repo.maven.apache.org/maven2/org/apache/maven/maven-parent/16/maven-parent-16.pom
[INFO] Downloaded from central: https://repo.maven.apache.org/maven2/org/apache/maven/maven-parent/16/maven-parent-16.pom (23 kB at 705 kB/s)
[INFO] Downloading from central: https://repo.maven.apache.org/maven2/org/apache/maven/doxia/doxia-sink-api/1.0/doxia-sink-api-1.0.pom
[INFO] Downloaded from central: https://repo.maven.apache.org/maven2/org/apache/maven/doxia/doxia-sink-api/1.0/doxia-sink-api-1.0.pom (1.4 kB at 55 kB/s)
[INFO] Downloading from central: https://repo.maven.apache.org/maven2/org/apache/maven/doxia/doxia/1.0/doxia-1.0.pom
[INFO] Downloaded from central: https://repo.maven.apache.org/maven2/org/apache/maven/doxia/doxia/1.0/doxia-1.0.pom (9.6 kB at 402 kB/s)
[INFO] Downloading from central: https://repo.maven.apache.org/maven2/org/apache/maven/maven-parent/10/maven-parent-10.pom
[INFO] Downloaded from central: https://repo.maven.apache.org/maven2/org/apache/maven/maven-parent/10/maven-parent-10.pom (32 kB at 703 kB/s)
[INFO] Downloading from central: https://repo.maven.apache.org/maven2/org/jacoco/org.jacoco.agent/0.8.15/org.jacoco.agent-0.8.15.pom
[INFO] Downloaded from central: https://repo.maven.apache.org/maven2/org/jacoco/org.jacoco.agent/0.8.15/org.jacoco.agent-0.8.15.pom (4.3 kB at 108 kB/s)
[INFO] Downloading from central: https://repo.maven.apache.org/maven2/org/jacoco/org.jacoco.core/0.8.15/org.jacoco.core-0.8.15.pom
[INFO] Downloaded from central: https://repo.maven.apache.org/maven2/org/jacoco/org.jacoco.core/0.8.15/org.jacoco.core-0.8.15.pom (2.1 kB at 67 kB/s)
[INFO] Downloading from central: https://repo.maven.apache.org/maven2/org/ow2/asm/asm/9.10.1/asm-9.10.1.pom
[INFO] Downloaded from central: https://repo.maven.apache.org/maven2/org/ow2/asm/asm/9.10.1/asm-9.10.1.pom (2.4 kB at 66 kB/s)
[INFO] Downloading from central: https://repo.maven.apache.org/maven2/org/ow2/asm/asm-commons/9.10.1/asm-commons-9.10.1.pom
[INFO] Downloaded from central: https://repo.maven.apache.org/maven2/org/ow2/asm/asm-commons/9.10.1/asm-commons-9.10.1.pom (2.8 kB at 117 kB/s)
[INFO] Downloading from central: https://repo.maven.apache.org/maven2/org/ow2/asm/asm-tree/9.10.1/asm-tree-9.10.1.pom
[INFO] Downloaded from central: https://repo.maven.apache.org/maven2/org/ow2/asm/asm-tree/9.10.1/asm-tree-9.10.1.pom (2.6 kB at 100 kB/s)
[INFO] Downloading from central: https://repo.maven.apache.org/maven2/org/jacoco/org.jacoco.report/0.8.15/org.jacoco.report-0.8.15.pom
[INFO] Downloaded from central: https://repo.maven.apache.org/maven2/org/jacoco/org.jacoco.report/0.8.15/org.jacoco.report-0.8.15.pom (1.9 kB at 65 kB/s)
[INFO] Downloading from central: https://repo.maven.apache.org/maven2/org/apache/maven/shared/file-management/3.2.0/file-management-3.2.0.jar
[INFO] Downloaded from central: https://repo.maven.apache.org/maven2/org/apache/maven/shared/file-management/3.2.0/file-management-3.2.0.jar (26 kB at 617 kB/s)
[INFO] Downloading from central: https://repo.maven.apache.org/maven2/commons-io/commons-io/2.19.0/commons-io-2.19.0.jar
[INFO] Downloading from central: https://repo.maven.apache.org/maven2/org/apache/maven/reporting/maven-reporting-api/3.0/maven-reporting-api-3.0.jar
[INFO] Downloading from central: https://repo.maven.apache.org/maven2/org/apache/maven/doxia/doxia-sink-api/1.0/doxia-sink-api-1.0.jar
[INFO] Downloading from central: https://repo.maven.apache.org/maven2/org/jacoco/org.jacoco.agent/0.8.15/org.jacoco.agent-0.8.15-runtime.jar
[INFO] Downloading from central: https://repo.maven.apache.org/maven2/org/jacoco/org.jacoco.core/0.8.15/org.jacoco.core-0.8.15.jar
[INFO] Downloaded from central: https://repo.maven.apache.org/maven2/org/apache/maven/doxia/doxia-sink-api/1.0/doxia-sink-api-1.0.jar (10 kB at 420 kB/s)
[INFO] Downloading from central: https://repo.maven.apache.org/maven2/org/ow2/asm/asm/9.10.1/asm-9.10.1.jar
[INFO] Downloaded from central: https://repo.maven.apache.org/maven2/commons-io/commons-io/2.19.0/commons-io-2.19.0.jar (556 kB at 21 MB/s)
[INFO] Downloading from central: https://repo.maven.apache.org/maven2/org/ow2/asm/asm-commons/9.10.1/asm-commons-9.10.1.jar
[INFO] Downloaded from central: https://repo.maven.apache.org/maven2/org/jacoco/org.jacoco.core/0.8.15/org.jacoco.core-0.8.15.jar (235 kB at 7.3 MB/s)
[INFO] Downloading from central: https://repo.maven.apache.org/maven2/org/ow2/asm/asm-tree/9.10.1/asm-tree-9.10.1.jar
[INFO] Downloaded from central: https://repo.maven.apache.org/maven2/org/apache/maven/reporting/maven-reporting-api/3.0/maven-reporting-api-3.0.jar (11 kB at 322 kB/s)
[INFO] Downloading from central: https://repo.maven.apache.org/maven2/org/jacoco/org.jacoco.report/0.8.15/org.jacoco.report-0.8.15.jar
[INFO] Downloaded from central: https://repo.maven.apache.org/maven2/org/jacoco/org.jacoco.agent/0.8.15/org.jacoco.agent-0.8.15-runtime.jar (308 kB at 6.7 MB/s)
[INFO] Downloaded from central: https://repo.maven.apache.org/maven2/org/ow2/asm/asm/9.10.1/asm-9.10.1.jar (126 kB at 2.6 MB/s)
[INFO] Downloaded from central: https://repo.maven.apache.org/maven2/org/ow2/asm/asm-commons/9.10.1/asm-commons-9.10.1.jar (75 kB at 1.4 MB/s)
[INFO] Downloaded from central: https://repo.maven.apache.org/maven2/org/jacoco/org.jacoco.report/0.8.15/org.jacoco.report-0.8.15.jar (131 kB at 2.3 MB/s)
[INFO] Downloaded from central: https://repo.maven.apache.org/maven2/org/ow2/asm/asm-tree/9.10.1/asm-tree-9.10.1.jar (52 kB at 881 kB/s)
[INFO] argLine set to -javaagent:/tmp/mse-cache/m2/repository/org/jacoco/org.jacoco.agent/0.8.15/org.jacoco.agent-0.8.15-runtime.jar=destfile=/workspaces/maven-slimming-experiment/work/petclinic/target/jacoco.exec
[INFO] 
[INFO] --- git-commit-id:9.2.0:revision (default) @ spring-petclinic ---
[INFO] Downloading from central: https://repo.maven.apache.org/maven2/io/github/git-commit-id/git-commit-id-plugin-core/6.2.0/git-commit-id-plugin-core-6.2.0.pom
[INFO] Downloaded from central: https://repo.maven.apache.org/maven2/io/github/git-commit-id/git-commit-id-plugin-core/6.2.0/git-commit-id-plugin-core-6.2.0.pom (20 kB at 690 kB/s)
[INFO] Downloading from central: https://repo.maven.apache.org/maven2/org/eclipse/jgit/org.eclipse.jgit/6.10.1.202505221210-r/org.eclipse.jgit-6.10.1.202505221210-r.pom
[INFO] Downloaded from central: https://repo.maven.apache.org/maven2/org/eclipse/jgit/org.eclipse.jgit/6.10.1.202505221210-r/org.eclipse.jgit-6.10.1.202505221210-r.pom (7.7 kB at 197 kB/s)
[INFO] Downloading from central: https://repo.maven.apache.org/maven2/org/eclipse/jgit/org.eclipse.jgit-parent/6.10.1.202505221210-r/org.eclipse.jgit-parent-6.10.1.202505221210-r.pom
[INFO] Downloaded from central: https://repo.maven.apache.org/maven2/org/eclipse/jgit/org.eclipse.jgit-parent/6.10.1.202505221210-r/org.eclipse.jgit-parent-6.10.1.202505221210-r.pom (42 kB at 910 kB/s)
[INFO] Downloading from central: https://repo.maven.apache.org/maven2/com/googlecode/javaewah/JavaEWAH/1.2.3/JavaEWAH-1.2.3.pom
[INFO] Downloaded from central: https://repo.maven.apache.org/maven2/com/googlecode/javaewah/JavaEWAH/1.2.3/JavaEWAH-1.2.3.pom (6.2 kB at 247 kB/s)
[INFO] Downloading from central: https://repo.maven.apache.org/maven2/org/sonatype/oss/oss-parent/5/oss-parent-5.pom
[INFO] Downloaded from central: https://repo.maven.apache.org/maven2/org/sonatype/oss/oss-parent/5/oss-parent-5.pom (4.1 kB at 132 kB/s)
[INFO] Downloading from central: https://repo.maven.apache.org/maven2/commons-codec/commons-codec/1.17.0/commons-codec-1.17.0.pom
[INFO] Downloaded from central: https://repo.maven.apache.org/maven2/commons-codec/commons-codec/1.17.0/commons-codec-1.17.0.pom (18 kB at 745 kB/s)
[INFO] Downloading from central: https://repo.maven.apache.org/maven2/org/eclipse/jgit/org.eclipse.jgit.ssh.apache/6.10.1.202505221210-r/org.eclipse.jgit.ssh.apache-6.10.1.202505221210-r.pom
[INFO] Downloaded from central: https://repo.maven.apache.org/maven2/org/eclipse/jgit/org.eclipse.jgit.ssh.apache/6.10.1.202505221210-r/org.eclipse.jgit.ssh.apache-6.10.1.202505221210-r.pom (8.1 kB at 224 kB/s)
[INFO] Downloading from central: https://repo.maven.apache.org/maven2/org/apache/sshd/sshd-osgi/2.14.0/sshd-osgi-2.14.0.pom
[INFO] Downloaded from central: https://repo.maven.apache.org/maven2/org/apache/sshd/sshd-osgi/2.14.0/sshd-osgi-2.14.0.pom (17 kB at 663 kB/s)
[INFO] Downloading from central: https://repo.maven.apache.org/maven2/org/slf4j/jcl-over-slf4j/1.7.36/jcl-over-slf4j-1.7.36.pom
[INFO] Downloaded from central: https://repo.maven.apache.org/maven2/org/slf4j/jcl-over-slf4j/1.7.36/jcl-over-slf4j-1.7.36.pom (1.2 kB at 51 kB/s)
[INFO] Downloading from central: https://repo.maven.apache.org/maven2/org/apache/sshd/sshd-sftp/2.14.0/sshd-sftp-2.14.0.pom
[INFO] Downloaded from central: https://repo.maven.apache.org/maven2/org/apache/sshd/sshd-sftp/2.14.0/sshd-sftp-2.14.0.pom (28 kB at 750 kB/s)
[INFO] Downloading from central: https://repo.maven.apache.org/maven2/net/i2p/crypto/eddsa/0.3.0/eddsa-0.3.0.pom
[INFO] Downloaded from central: https://repo.maven.apache.org/maven2/net/i2p/crypto/eddsa/0.3.0/eddsa-0.3.0.pom (6.8 kB at 251 kB/s)
[INFO] Downloading from central: https://repo.maven.apache.org/maven2/org/bouncycastle/bcpkix-jdk18on/1.81/bcpkix-jdk18on-1.81.pom
[INFO] Downloaded from central: https://repo.maven.apache.org/maven2/org/bouncycastle/bcpkix-jdk18on/1.81/bcpkix-jdk18on-1.81.pom (1.5 kB at 42 kB/s)
[INFO] Downloading from central: https://repo.maven.apache.org/maven2/org/bouncycastle/bcutil-jdk18on/maven-metadata.xml
[INFO] Downloaded from central: https://repo.maven.apache.org/maven2/org/bouncycastle/bcutil-jdk18on/maven-metadata.xml (912 B at 36 kB/s)
[INFO] Downloading from central: https://repo.maven.apache.org/maven2/org/bouncycastle/bcutil-jdk18on/1.81/bcutil-jdk18on-1.81.pom
[INFO] Downloaded from central: https://repo.maven.apache.org/maven2/org/bouncycastle/bcutil-jdk18on/1.81/bcutil-jdk18on-1.81.pom (1.3 kB at 56 kB/s)
[INFO] Downloading from central: https://repo.maven.apache.org/maven2/org/bouncycastle/bcprov-jdk18on/maven-metadata.xml
[INFO] Downloaded from central: https://repo.maven.apache.org/maven2/org/bouncycastle/bcprov-jdk18on/maven-metadata.xml (944 B at 38 kB/s)
[INFO] Downloading from central: https://repo.maven.apache.org/maven2/org/bouncycastle/bcprov-jdk18on/1.81/bcprov-jdk18on-1.81.pom
[INFO] Downloaded from central: https://repo.maven.apache.org/maven2/org/bouncycastle/bcprov-jdk18on/1.81/bcprov-jdk18on-1.81.pom (1.2 kB at 35 kB/s)
[INFO] Downloading from central: https://repo.maven.apache.org/maven2/org/bouncycastle/bcprov-jdk18on/1.81.1/bcprov-jdk18on-1.81.1.pom
[INFO] Downloaded from central: https://repo.maven.apache.org/maven2/org/bouncycastle/bcprov-jdk18on/1.81.1/bcprov-jdk18on-1.81.1.pom (1.2 kB at 40 kB/s)
[INFO] Downloading from central: https://repo.maven.apache.org/maven2/org/bouncycastle/bcutil-jdk18on/1.81.1/bcutil-jdk18on-1.81.1.pom
[INFO] Downloaded from central: https://repo.maven.apache.org/maven2/org/bouncycastle/bcutil-jdk18on/1.81.1/bcutil-jdk18on-1.81.1.pom (1.3 kB at 56 kB/s)
[INFO] Downloading from central: https://repo.maven.apache.org/maven2/nu/studer/java-ordered-properties/1.0.4/java-ordered-properties-1.0.4.pom
[INFO] Downloaded from central: https://repo.maven.apache.org/maven2/nu/studer/java-ordered-properties/1.0.4/java-ordered-properties-1.0.4.pom (1.4 kB at 53 kB/s)
[INFO] Downloading from central: https://repo.maven.apache.org/maven2/jakarta/json/jakarta.json-api/2.1.3/jakarta.json-api-2.1.3.pom
[INFO] Downloaded from central: https://repo.maven.apache.org/maven2/jakarta/json/jakarta.json-api/2.1.3/jakarta.json-api-2.1.3.pom (19 kB at 478 kB/s)
[INFO] Downloading from central: https://repo.maven.apache.org/maven2/org/eclipse/ee4j/project/1.0.8/project-1.0.8.pom
[INFO] Downloaded from central: https://repo.maven.apache.org/maven2/org/eclipse/ee4j/project/1.0.8/project-1.0.8.pom (15 kB at 521 kB/s)
[INFO] Downloading from central: https://repo.maven.apache.org/maven2/org/eclipse/parsson/parsson/1.1.7/parsson-1.1.7.pom
[INFO] Downloaded from central: https://repo.maven.apache.org/maven2/org/eclipse/parsson/parsson/1.1.7/parsson-1.1.7.pom (4.6 kB at 137 kB/s)
[INFO] Downloading from central: https://repo.maven.apache.org/maven2/org/eclipse/parsson/project/1.1.7/project-1.1.7.pom
[INFO] Downloaded from central: https://repo.maven.apache.org/maven2/org/eclipse/parsson/project/1.1.7/project-1.1.7.pom (22 kB at 640 kB/s)
[INFO] Downloading from central: https://repo.maven.apache.org/maven2/org/codehaus/plexus/plexus-build-api/1.2.0/plexus-build-api-1.2.0.pom
[INFO] Downloaded from central: https://repo.maven.apache.org/maven2/org/codehaus/plexus/plexus-build-api/1.2.0/plexus-build-api-1.2.0.pom (4.7 kB at 131 kB/s)
[INFO] Downloading from central: https://repo.maven.apache.org/maven2/org/codehaus/plexus/plexus/13/plexus-13.pom
[INFO] Downloaded from central: https://repo.maven.apache.org/maven2/org/codehaus/plexus/plexus/13/plexus-13.pom (27 kB at 944 kB/s)
[INFO] Downloading from central: https://repo.maven.apache.org/maven2/org/junit/junit-bom/5.9.3/junit-bom-5.9.3.pom
[INFO] Downloaded from central: https://repo.maven.apache.org/maven2/org/junit/junit-bom/5.9.3/junit-bom-5.9.3.pom (5.6 kB at 148 kB/s)
[INFO] Downloading from central: https://repo.maven.apache.org/maven2/org/codehaus/plexus/plexus-utils/4.0.0/plexus-utils-4.0.0.pom
[INFO] Downloaded from central: https://repo.maven.apache.org/maven2/org/codehaus/plexus/plexus-utils/4.0.0/plexus-utils-4.0.0.pom (8.7 kB at 321 kB/s)
[INFO] Downloading from central: https://repo.maven.apache.org/maven2/org/sonatype/plexus/plexus-build-api/0.0.7/plexus-build-api-0.0.7.pom
[INFO] Downloaded from central: https://repo.maven.apache.org/maven2/org/sonatype/plexus/plexus-build-api/0.0.7/plexus-build-api-0.0.7.pom (3.2 kB at 76 kB/s)
[INFO] Downloading from central: https://repo.maven.apache.org/maven2/org/sonatype/spice/spice-parent/15/spice-parent-15.pom
[INFO] Downloaded from central: https://repo.maven.apache.org/maven2/org/sonatype/spice/spice-parent/15/spice-parent-15.pom (8.4 kB at 321 kB/s)
[INFO] Downloading from central: https://repo.maven.apache.org/maven2/org/sonatype/forge/forge-parent/5/forge-parent-5.pom
[INFO] Downloaded from central: https://repo.maven.apache.org/maven2/org/sonatype/forge/forge-parent/5/forge-parent-5.pom (8.4 kB at 174 kB/s)
[INFO] Downloading from central: https://repo.maven.apache.org/maven2/org/eclipse/sisu/org.eclipse.sisu.plexus/0.9.0.M2/org.eclipse.sisu.plexus-0.9.0.M2.pom
[INFO] Downloaded from central: https://repo.maven.apache.org/maven2/org/eclipse/sisu/org.eclipse.sisu.plexus/0.9.0.M2/org.eclipse.sisu.plexus-0.9.0.M2.pom (15 kB at 554 kB/s)
[INFO] Downloading from central: https://repo.maven.apache.org/maven2/org/eclipse/sisu/sisu-plexus/0.9.0.M2/sisu-plexus-0.9.0.M2.pom
[INFO] Downloaded from central: https://repo.maven.apache.org/maven2/org/eclipse/sisu/sisu-plexus/0.9.0.M2/sisu-plexus-0.9.0.M2.pom (15 kB at 604 kB/s)
[INFO] Downloading from central: https://repo.maven.apache.org/maven2/io/github/git-commit-id/git-commit-id-plugin-core/6.2.0/git-commit-id-plugin-core-6.2.0.jar
[INFO] Downloaded from central: https://repo.maven.apache.org/maven2/io/github/git-commit-id/git-commit-id-plugin-core/6.2.0/git-commit-id-plugin-core-6.2.0.jar (114 kB at 3.1 MB/s)
[INFO] Downloading from central: https://repo.maven.apache.org/maven2/org/eclipse/jgit/org.eclipse.jgit/6.10.1.202505221210-r/org.eclipse.jgit-6.10.1.202505221210-r.jar
[INFO] Downloading from central: https://repo.maven.apache.org/maven2/com/googlecode/javaewah/JavaEWAH/1.2.3/JavaEWAH-1.2.3.jar
[INFO] Downloading from central: https://repo.maven.apache.org/maven2/commons-codec/commons-codec/1.17.0/commons-codec-1.17.0.jar
[INFO] Downloading from central: https://repo.maven.apache.org/maven2/org/eclipse/jgit/org.eclipse.jgit.ssh.apache/6.10.1.202505221210-r/org.eclipse.jgit.ssh.apache-6.10.1.202505221210-r.jar
[INFO] Downloading from central: https://repo.maven.apache.org/maven2/org/apache/sshd/sshd-osgi/2.14.0/sshd-osgi-2.14.0.jar
[INFO] Downloaded from central: https://repo.maven.apache.org/maven2/org/eclipse/jgit/org.eclipse.jgit.ssh.apache/6.10.1.202505221210-r/org.eclipse.jgit.ssh.apache-6.10.1.202505221210-r.jar (238 kB at 9.1 MB/s)
[INFO] Downloading from central: https://repo.maven.apache.org/maven2/org/slf4j/jcl-over-slf4j/1.7.36/jcl-over-slf4j-1.7.36.jar
[INFO] Downloaded from central: https://repo.maven.apache.org/maven2/commons-codec/commons-codec/1.17.0/commons-codec-1.17.0.jar (373 kB at 9.3 MB/s)
[INFO] Downloading from central: https://repo.maven.apache.org/maven2/org/apache/sshd/sshd-sftp/2.14.0/sshd-sftp-2.14.0.jar
[INFO] Downloaded from central: https://repo.maven.apache.org/maven2/com/googlecode/javaewah/JavaEWAH/1.2.3/JavaEWAH-1.2.3.jar (171 kB at 3.9 MB/s)
[INFO] Downloading from central: https://repo.maven.apache.org/maven2/net/i2p/crypto/eddsa/0.3.0/eddsa-0.3.0.jar
[INFO] Downloaded from central: https://repo.maven.apache.org/maven2/org/slf4j/jcl-over-slf4j/1.7.36/jcl-over-slf4j-1.7.36.jar (17 kB at 345 kB/s)
[INFO] Downloading from central: https://repo.maven.apache.org/maven2/org/bouncycastle/bcpkix-jdk18on/1.81/bcpkix-jdk18on-1.81.jar
[INFO] Downloaded from central: https://repo.maven.apache.org/maven2/org/apache/sshd/sshd-osgi/2.14.0/sshd-osgi-2.14.0.jar (1.9 MB at 34 MB/s)
[INFO] Downloaded from central: https://repo.maven.apache.org/maven2/org/eclipse/jgit/org.eclipse.jgit/6.10.1.202505221210-r/org.eclipse.jgit-6.10.1.202505221210-r.jar (3.2 MB at 56 MB/s)
[INFO] Downloading from central: https://repo.maven.apache.org/maven2/org/bouncycastle/bcutil-jdk18on/1.81.1/bcutil-jdk18on-1.81.1.jar
[INFO] Downloading from central: https://repo.maven.apache.org/maven2/org/bouncycastle/bcprov-jdk18on/1.81.1/bcprov-jdk18on-1.81.1.jar
[INFO] Downloaded from central: https://repo.maven.apache.org/maven2/org/apache/sshd/sshd-sftp/2.14.0/sshd-sftp-2.14.0.jar (389 kB at 5.8 MB/s)
[INFO] Downloading from central: https://repo.maven.apache.org/maven2/nu/studer/java-ordered-properties/1.0.4/java-ordered-properties-1.0.4.jar
[INFO] Downloaded from central: https://repo.maven.apache.org/maven2/org/bouncycastle/bcpkix-jdk18on/1.81/bcpkix-jdk18on-1.81.jar (1.1 MB at 15 MB/s)
[INFO] Downloading from central: https://repo.maven.apache.org/maven2/jakarta/json/jakarta.json-api/2.1.3/jakarta.json-api-2.1.3.jar
[INFO] Downloaded from central: https://repo.maven.apache.org/maven2/net/i2p/crypto/eddsa/0.3.0/eddsa-0.3.0.jar (63 kB at 801 kB/s)
[INFO] Downloading from central: https://repo.maven.apache.org/maven2/org/eclipse/parsson/parsson/1.1.7/parsson-1.1.7.jar
[INFO] Downloaded from central: https://repo.maven.apache.org/maven2/org/bouncycastle/bcutil-jdk18on/1.81.1/bcutil-jdk18on-1.81.1.jar (706 kB at 8.5 MB/s)
[INFO] Downloading from central: https://repo.maven.apache.org/maven2/org/codehaus/plexus/plexus-build-api/1.2.0/plexus-build-api-1.2.0.jar
[INFO] Downloaded from central: https://repo.maven.apache.org/maven2/nu/studer/java-ordered-properties/1.0.4/java-ordered-properties-1.0.4.jar (8.9 kB at 91 kB/s)
[INFO] Downloading from central: https://repo.maven.apache.org/maven2/org/codehaus/plexus/plexus-utils/4.0.0/plexus-utils-4.0.0.jar
[INFO] Downloaded from central: https://repo.maven.apache.org/maven2/jakarta/json/jakarta.json-api/2.1.3/jakarta.json-api-2.1.3.jar (49 kB at 496 kB/s)
[INFO] Downloading from central: https://repo.maven.apache.org/maven2/org/sonatype/plexus/plexus-build-api/0.0.7/plexus-build-api-0.0.7.jar
[INFO] Downloaded from central: https://repo.maven.apache.org/maven2/org/eclipse/parsson/parsson/1.1.7/parsson-1.1.7.jar (126 kB at 1.2 MB/s)
[INFO] Downloading from central: https://repo.maven.apache.org/maven2/org/eclipse/sisu/org.eclipse.sisu.plexus/0.9.0.M2/org.eclipse.sisu.plexus-0.9.0.M2.jar
[INFO] Downloaded from central: https://repo.maven.apache.org/maven2/org/codehaus/plexus/plexus-build-api/1.2.0/plexus-build-api-1.2.0.jar (6.6 kB at 55 kB/s)
[INFO] Downloaded from central: https://repo.maven.apache.org/maven2/org/codehaus/plexus/plexus-utils/4.0.0/plexus-utils-4.0.0.jar (192 kB at 1.6 MB/s)
[INFO] Downloaded from central: https://repo.maven.apache.org/maven2/org/sonatype/plexus/plexus-build-api/0.0.7/plexus-build-api-0.0.7.jar (8.5 kB at 69 kB/s)
[INFO] Downloaded from central: https://repo.maven.apache.org/maven2/org/eclipse/sisu/org.eclipse.sisu.plexus/0.9.0.M2/org.eclipse.sisu.plexus-0.9.0.M2.jar (210 kB at 1.6 MB/s)
[INFO] Downloaded from central: https://repo.maven.apache.org/maven2/org/bouncycastle/bcprov-jdk18on/1.81.1/bcprov-jdk18on-1.81.1.jar (9.0 MB at 64 MB/s)
[INFO] dotGitDirectory '/workspaces/maven-slimming-experiment/work/petclinic/.git'
[INFO] Collected git.build.user.name with value srajsava-cpu
[INFO] Collected git.build.user.email with value sraj.sava@gmail.com
[INFO] Collected git.branch with value 500158f732419217507c7656904b8e6aa1bcc0d6
[INFO] Collected git.commit.id.describe with value 500158f
[INFO] Collected git.commit.id.describe-short with value 500158f
[INFO] Collected git.commit.id with value 500158f732419217507c7656904b8e6aa1bcc0d6
[INFO] Collected git.commit.id.abbrev with value 500158f
[INFO] Collected git.dirty with value false
[INFO] Collected git.commit.user.name with value Pedro Arthur Hartmann
[INFO] Collected git.commit.user.email with value pedroaphartmann@gmail.com
[INFO] Collected git.commit.message.full with value added redirection to the page when the user types a page that is out of bounds

Signed-off-by: Pedro Arthur Hartmann <pedroaphartmann@gmail.com>
[INFO] Collected git.commit.message.short with value added redirection to the page when the user types a page that is out of bounds
[INFO] Collected git.commit.time with value 2026-09-29T15:37:54Z
[INFO] Collected git.commit.author.time with value 2026-09-29T14:36:27Z
[INFO] Collected git.commit.committer.time with value 2026-09-29T15:37:54Z
[INFO] Collected git.remote.origin.url with value https://github.com/spring-projects/spring-petclinic.git
[INFO] Collected git.tags with value 
[INFO] Collected git.tag with value 
[INFO] Collected git.closest.tag.name with value 
[INFO] Collected git.closest.tag.commit.count with value 
[INFO] Collected git.total.commit.count with value 1047
[INFO] Collected git.local.branch.ahead with value NO_REMOTE
[INFO] Collected git.local.branch.behind with value NO_REMOTE
[INFO] Collected git.build.time with value 2024-11-28T14:37:52Z
[INFO] Collected git.build.version with value 4.0.0-SNAPSHOT
[INFO] Collected git.build.host with value codespaces-802a35
[INFO] including property 'git.tags' in results
[INFO] including property 'git.build.version' in results
[INFO] including property 'git.branch' in results
[INFO] including property 'git.build.host' in results
[INFO] including property 'git.commit.id' in results
[INFO] including property 'git.commit.user.email' in results
[INFO] including property 'git.local.branch.behind' in results
[INFO] including property 'git.commit.author.time' in results
[INFO] including property 'git.build.user.name' in results
[INFO] including property 'git.dirty' in results
[INFO] including property 'git.closest.tag.commit.count' in results
[INFO] including property 'git.commit.user.name' in results
[INFO] including property 'git.commit.id.abbrev' in results
[INFO] including property 'git.commit.id.describe-short' in results
[INFO] including property 'git.total.commit.count' in results
[INFO] including property 'git.commit.id.describe' in results
[INFO] including property 'git.build.user.email' in results
[INFO] including property 'git.commit.message.short' in results
[INFO] including property 'git.commit.committer.time' in results
[INFO] including property 'git.tag' in results
[INFO] including property 'git.closest.tag.name' in results
[INFO] including property 'git.local.branch.ahead' in results
[INFO] including property 'git.commit.time' in results
[INFO] including property 'git.build.time' in results
[INFO] including property 'git.commit.message.full' in results
[INFO] including property 'git.remote.origin.url' in results
[INFO] Writing properties file [/workspaces/maven-slimming-experiment/work/petclinic/target/classes/git.properties] (for project petclinic)...
[INFO] 
[INFO] --- spring-boot:4.1.0:build-info (default) @ spring-petclinic ---
[INFO] Downloading from central: https://repo.maven.apache.org/maven2/org/springframework/boot/spring-boot-buildpack-platform/4.1.0/spring-boot-buildpack-platform-4.1.0.pom
[INFO] Downloaded from central: https://repo.maven.apache.org/maven2/org/springframework/boot/spring-boot-buildpack-platform/4.1.0/spring-boot-buildpack-platform-4.1.0.pom (3.0 kB at 81 kB/s)
[INFO] Downloading from central: https://repo.maven.apache.org/maven2/net/java/dev/jna/jna-platform/5.17.0/jna-platform-5.17.0.pom
[INFO] Downloaded from central: https://repo.maven.apache.org/maven2/net/java/dev/jna/jna-platform/5.17.0/jna-platform-5.17.0.pom (2.3 kB at 61 kB/s)
[INFO] Downloading from central: https://repo.maven.apache.org/maven2/net/java/dev/jna/jna/5.17.0/jna-5.17.0.pom
[INFO] Downloaded from central: https://repo.maven.apache.org/maven2/net/java/dev/jna/jna/5.17.0/jna-5.17.0.pom (2.0 kB at 52 kB/s)
[INFO] Downloading from central: https://repo.maven.apache.org/maven2/org/apache/commons/commons-compress/1.27.1/commons-compress-1.27.1.pom
[INFO] Downloaded from central: https://repo.maven.apache.org/maven2/org/apache/commons/commons-compress/1.27.1/commons-compress-1.27.1.pom (23 kB at 623 kB/s)
[INFO] Downloading from central: https://repo.maven.apache.org/maven2/org/apache/commons/commons-parent/72/commons-parent-72.pom
[INFO] Downloaded from central: https://repo.maven.apache.org/maven2/org/apache/commons/commons-parent/72/commons-parent-72.pom (78 kB at 1.6 MB/s)
[INFO] Downloading from central: https://repo.maven.apache.org/maven2/org/apache/commons/commons-lang3/3.16.0/commons-lang3-3.16.0.pom
[INFO] Downloaded from central: https://repo.maven.apache.org/maven2/org/apache/commons/commons-lang3/3.16.0/commons-lang3-3.16.0.pom (31 kB at 638 kB/s)
[INFO] Downloading from central: https://repo.maven.apache.org/maven2/org/apache/httpcomponents/client5/httpclient5/5.6.1/httpclient5-5.6.1.pom
[INFO] Downloaded from central: https://repo.maven.apache.org/maven2/org/apache/httpcomponents/client5/httpclient5/5.6.1/httpclient5-5.6.1.pom (6.7 kB at 137 kB/s)
[INFO] Downloading from central: https://repo.maven.apache.org/maven2/org/apache/httpcomponents/client5/httpclient5-parent/5.6.1/httpclient5-parent-5.6.1.pom
[INFO] Downloaded from central: https://repo.maven.apache.org/maven2/org/apache/httpcomponents/client5/httpclient5-parent/5.6.1/httpclient5-parent-5.6.1.pom (20 kB at 348 kB/s)
[INFO] Downloading from central: https://repo.maven.apache.org/maven2/org/apache/httpcomponents/httpcomponents-parent/14/httpcomponents-parent-14.pom
[INFO] Downloaded from central: https://repo.maven.apache.org/maven2/org/apache/httpcomponents/httpcomponents-parent/14/httpcomponents-parent-14.pom (30 kB at 595 kB/s)
[INFO] Downloading from central: https://repo.maven.apache.org/maven2/org/apache/apache/27/apache-27.pom
[INFO] Downloaded from central: https://repo.maven.apache.org/maven2/org/apache/apache/27/apache-27.pom (20 kB at 509 kB/s)
[INFO] Downloading from central: https://repo.maven.apache.org/maven2/org/junit/junit-bom/5.13.3/junit-bom-5.13.3.pom
[INFO] Downloaded from central: https://repo.maven.apache.org/maven2/org/junit/junit-bom/5.13.3/junit-bom-5.13.3.pom (5.7 kB at 129 kB/s)
[INFO] Downloading from central: https://repo.maven.apache.org/maven2/io/opentelemetry/opentelemetry-bom/1.49.0/opentelemetry-bom-1.49.0.pom
[INFO] Downloaded from central: https://repo.maven.apache.org/maven2/io/opentelemetry/opentelemetry-bom/1.49.0/opentelemetry-bom-1.49.0.pom (5.9 kB at 147 kB/s)
[INFO] Downloading from central: https://repo.maven.apache.org/maven2/org/apache/httpcomponents/core5/httpcore5/5.4/httpcore5-5.4.pom
[INFO] Downloaded from central: https://repo.maven.apache.org/maven2/org/apache/httpcomponents/core5/httpcore5/5.4/httpcore5-5.4.pom (3.9 kB at 79 kB/s)
[INFO] Downloading from central: https://repo.maven.apache.org/maven2/org/apache/httpcomponents/core5/httpcore5-parent/5.4/httpcore5-parent-5.4.pom
[INFO] Downloaded from central: https://repo.maven.apache.org/maven2/org/apache/httpcomponents/core5/httpcore5-parent/5.4/httpcore5-parent-5.4.pom (15 kB at 331 kB/s)
[INFO] Downloading from central: https://repo.maven.apache.org/maven2/org/apache/httpcomponents/core5/httpcore5-h2/5.4/httpcore5-h2-5.4.pom
[INFO] Downloaded from central: https://repo.maven.apache.org/maven2/org/apache/httpcomponents/core5/httpcore5-h2/5.4/httpcore5-h2-5.4.pom (3.6 kB at 86 kB/s)
[INFO] Downloading from central: https://repo.maven.apache.org/maven2/commons-logging/commons-logging/1.3.5/commons-logging-1.3.5.pom
[INFO] Downloaded from central: https://repo.maven.apache.org/maven2/commons-logging/commons-logging/1.3.5/commons-logging-1.3.5.pom (32 kB at 848 kB/s)
[INFO] Downloading from central: https://repo.maven.apache.org/maven2/org/tomlj/tomlj/1.0.0/tomlj-1.0.0.pom
[INFO] Downloaded from central: https://repo.maven.apache.org/maven2/org/tomlj/tomlj/1.0.0/tomlj-1.0.0.pom (2.8 kB at 69 kB/s)
[INFO] Downloading from central: https://repo.maven.apache.org/maven2/org/antlr/antlr4-runtime/4.7.2/antlr4-runtime-4.7.2.pom
[INFO] Downloaded from central: https://repo.maven.apache.org/maven2/org/antlr/antlr4-runtime/4.7.2/antlr4-runtime-4.7.2.pom (3.6 kB at 98 kB/s)
[INFO] Downloading from central: https://repo.maven.apache.org/maven2/org/antlr/antlr4-master/4.7.2/antlr4-master-4.7.2.pom
[INFO] Downloaded from central: https://repo.maven.apache.org/maven2/org/antlr/antlr4-master/4.7.2/antlr4-master-4.7.2.pom (4.4 kB at 126 kB/s)
[INFO] Downloading from central: https://repo.maven.apache.org/maven2/org/springframework/boot/spring-boot-loader-tools/4.1.0/spring-boot-loader-tools-4.1.0.pom
[INFO] Downloaded from central: https://repo.maven.apache.org/maven2/org/springframework/boot/spring-boot-loader-tools/4.1.0/spring-boot-loader-tools-4.1.0.pom (2.2 kB at 61 kB/s)
[INFO] Downloading from central: https://repo.maven.apache.org/maven2/org/apache/maven/shared/maven-common-artifact-filters/3.4.0/maven-common-artifact-filters-3.4.0.pom
[INFO] Downloaded from central: https://repo.maven.apache.org/maven2/org/apache/maven/shared/maven-common-artifact-filters/3.4.0/maven-common-artifact-filters-3.4.0.pom (5.4 kB at 134 kB/s)
[INFO] Downloading from central: https://repo.maven.apache.org/maven2/io/micrometer/micrometer-observation/1.16.6/micrometer-observation-1.16.6.pom
[INFO] Downloaded from central: https://repo.maven.apache.org/maven2/io/micrometer/micrometer-observation/1.16.6/micrometer-observation-1.16.6.pom (3.8 kB at 119 kB/s)
[INFO] Downloading from central: https://repo.maven.apache.org/maven2/io/micrometer/micrometer-commons/1.16.6/micrometer-commons-1.16.6.pom
[INFO] Downloaded from central: https://repo.maven.apache.org/maven2/io/micrometer/micrometer-commons/1.16.6/micrometer-commons-1.16.6.pom (3.6 kB at 100 kB/s)
[INFO] Downloading from central: https://repo.maven.apache.org/maven2/org/apache/maven/plugins/maven-shade-plugin/3.6.0/maven-shade-plugin-3.6.0.pom
[INFO] Downloaded from central: https://repo.maven.apache.org/maven2/org/apache/maven/plugins/maven-shade-plugin/3.6.0/maven-shade-plugin-3.6.0.pom (12 kB at 314 kB/s)
[INFO] Downloading from central: https://repo.maven.apache.org/maven2/org/apache/maven/plugins/maven-plugins/42/maven-plugins-42.pom
[INFO] Downloaded from central: https://repo.maven.apache.org/maven2/org/apache/maven/plugins/maven-plugins/42/maven-plugins-42.pom (7.7 kB at 220 kB/s)
[INFO] Downloading from central: https://repo.maven.apache.org/maven2/org/ow2/asm/asm-commons/9.7/asm-commons-9.7.pom
[INFO] Downloaded from central: https://repo.maven.apache.org/maven2/org/ow2/asm/asm-commons/9.7/asm-commons-9.7.pom (2.8 kB at 73 kB/s)
[INFO] Downloading from central: https://repo.maven.apache.org/maven2/org/ow2/asm/asm-tree/9.7/asm-tree-9.7.pom
[INFO] Downloaded from central: https://repo.maven.apache.org/maven2/org/ow2/asm/asm-tree/9.7/asm-tree-9.7.pom (2.6 kB at 66 kB/s)
[INFO] Downloading from central: https://repo.maven.apache.org/maven2/org/jdom/jdom2/2.0.6.1/jdom2-2.0.6.1.pom
[INFO] Downloaded from central: https://repo.maven.apache.org/maven2/org/jdom/jdom2/2.0.6.1/jdom2-2.0.6.1.pom (4.6 kB at 107 kB/s)
[INFO] Downloading from central: https://repo.maven.apache.org/maven2/org/apache/commons/commons-compress/1.26.2/commons-compress-1.26.2.pom
[INFO] Downloaded from central: https://repo.maven.apache.org/maven2/org/apache/commons/commons-compress/1.26.2/commons-compress-1.26.2.pom (23 kB at 604 kB/s)
[INFO] Downloading from central: https://repo.maven.apache.org/maven2/org/vafer/jdependency/2.10/jdependency-2.10.pom
[INFO] Downloaded from central: https://repo.maven.apache.org/maven2/org/vafer/jdependency/2.10/jdependency-2.10.pom (14 kB at 319 kB/s)
[INFO] Downloading from central: https://repo.maven.apache.org/maven2/org/springframework/boot/spring-boot-buildpack-platform/4.1.0/spring-boot-buildpack-platform-4.1.0.jar
[INFO] Downloaded from central: https://repo.maven.apache.org/maven2/org/springframework/boot/spring-boot-buildpack-platform/4.1.0/spring-boot-buildpack-platform-4.1.0.jar (333 kB at 9.8 MB/s)
[INFO] Downloading from central: https://repo.maven.apache.org/maven2/net/java/dev/jna/jna-platform/5.17.0/jna-platform-5.17.0.jar
[INFO] Downloading from central: https://repo.maven.apache.org/maven2/org/apache/commons/commons-compress/1.27.1/commons-compress-1.27.1.jar
[INFO] Downloading from central: https://repo.maven.apache.org/maven2/org/apache/commons/commons-lang3/3.16.0/commons-lang3-3.16.0.jar
[INFO] Downloading from central: https://repo.maven.apache.org/maven2/net/java/dev/jna/jna/5.17.0/jna-5.17.0.jar
[INFO] Downloading from central: https://repo.maven.apache.org/maven2/org/apache/httpcomponents/client5/httpclient5/5.6.1/httpclient5-5.6.1.jar
[INFO] Downloaded from central: https://repo.maven.apache.org/maven2/org/apache/commons/commons-compress/1.27.1/commons-compress-1.27.1.jar (1.1 MB at 30 MB/s)
[INFO] Downloading from central: https://repo.maven.apache.org/maven2/org/apache/httpcomponents/core5/httpcore5/5.4/httpcore5-5.4.jar
[INFO] Downloaded from central: https://repo.maven.apache.org/maven2/net/java/dev/jna/jna-platform/5.17.0/jna-platform-5.17.0.jar (1.4 MB at 34 MB/s)
[INFO] Downloading from central: https://repo.maven.apache.org/maven2/org/apache/httpcomponents/core5/httpcore5-h2/5.4/httpcore5-h2-5.4.jar
[INFO] Downloaded from central: https://repo.maven.apache.org/maven2/net/java/dev/jna/jna/5.17.0/jna-5.17.0.jar (2.0 MB at 46 MB/s)
[INFO] Downloading from central: https://repo.maven.apache.org/maven2/org/tomlj/tomlj/1.0.0/tomlj-1.0.0.jar
[INFO] Downloaded from central: https://repo.maven.apache.org/maven2/org/apache/commons/commons-lang3/3.16.0/commons-lang3-3.16.0.jar (674 kB at 16 MB/s)
[INFO] Downloading from central: https://repo.maven.apache.org/maven2/org/antlr/antlr4-runtime/4.7.2/antlr4-runtime-4.7.2.jar
[INFO] Downloaded from central: https://repo.maven.apache.org/maven2/org/apache/httpcomponents/client5/httpclient5/5.6.1/httpclient5-5.6.1.jar (1.1 MB at 25 MB/s)
[INFO] Downloading from central: https://repo.maven.apache.org/maven2/org/springframework/boot/spring-boot-loader-tools/4.1.0/spring-boot-loader-tools-4.1.0.jar
[INFO] Downloaded from central: https://repo.maven.apache.org/maven2/org/tomlj/tomlj/1.0.0/tomlj-1.0.0.jar (157 kB at 2.6 MB/s)
[INFO] Downloading from central: https://repo.maven.apache.org/maven2/org/apache/maven/shared/maven-common-artifact-filters/3.4.0/maven-common-artifact-filters-3.4.0.jar
[INFO] Downloaded from central: https://repo.maven.apache.org/maven2/org/apache/httpcomponents/core5/httpcore5-h2/5.4/httpcore5-h2-5.4.jar (263 kB at 4.1 MB/s)
[INFO] Downloading from central: https://repo.maven.apache.org/maven2/commons-logging/commons-logging/1.3.5/commons-logging-1.3.5.jar
[INFO] Downloaded from central: https://repo.maven.apache.org/maven2/org/antlr/antlr4-runtime/4.7.2/antlr4-runtime-4.7.2.jar (338 kB at 5.3 MB/s)
[INFO] Downloading from central: https://repo.maven.apache.org/maven2/io/micrometer/micrometer-observation/1.16.6/micrometer-observation-1.16.6.jar
[INFO] Downloaded from central: https://repo.maven.apache.org/maven2/org/apache/httpcomponents/core5/httpcore5/5.4/httpcore5-5.4.jar (953 kB at 13 MB/s)
[INFO] Downloading from central: https://repo.maven.apache.org/maven2/io/micrometer/micrometer-commons/1.16.6/micrometer-commons-1.16.6.jar
[INFO] Downloaded from central: https://repo.maven.apache.org/maven2/org/springframework/boot/spring-boot-loader-tools/4.1.0/spring-boot-loader-tools-4.1.0.jar (342 kB at 4.4 MB/s)
[INFO] Downloading from central: https://repo.maven.apache.org/maven2/org/apache/maven/plugins/maven-shade-plugin/3.6.0/maven-shade-plugin-3.6.0.jar
[INFO] Downloaded from central: https://repo.maven.apache.org/maven2/commons-logging/commons-logging/1.3.5/commons-logging-1.3.5.jar (74 kB at 857 kB/s)
[INFO] Downloading from central: https://repo.maven.apache.org/maven2/org/ow2/asm/asm-commons/9.7/asm-commons-9.7.jar
[INFO] Downloaded from central: https://repo.maven.apache.org/maven2/org/apache/maven/shared/maven-common-artifact-filters/3.4.0/maven-common-artifact-filters-3.4.0.jar (58 kB at 650 kB/s)
[INFO] Downloading from central: https://repo.maven.apache.org/maven2/org/ow2/asm/asm-tree/9.7/asm-tree-9.7.jar
[INFO] Downloaded from central: https://repo.maven.apache.org/maven2/io/micrometer/micrometer-observation/1.16.6/micrometer-observation-1.16.6.jar (84 kB at 902 kB/s)
[INFO] Downloading from central: https://repo.maven.apache.org/maven2/org/jdom/jdom2/2.0.6.1/jdom2-2.0.6.1.jar
[INFO] Downloaded from central: https://repo.maven.apache.org/maven2/io/micrometer/micrometer-commons/1.16.6/micrometer-commons-1.16.6.jar (52 kB at 488 kB/s)
[INFO] Downloading from central: https://repo.maven.apache.org/maven2/org/vafer/jdependency/2.10/jdependency-2.10.jar
[INFO] Downloaded from central: https://repo.maven.apache.org/maven2/org/ow2/asm/asm-commons/9.7/asm-commons-9.7.jar (73 kB at 674 kB/s)
[INFO] Downloaded from central: https://repo.maven.apache.org/maven2/org/ow2/asm/asm-tree/9.7/asm-tree-9.7.jar (52 kB at 468 kB/s)
[INFO] Downloaded from central: https://repo.maven.apache.org/maven2/org/jdom/jdom2/2.0.6.1/jdom2-2.0.6.1.jar (328 kB at 2.8 MB/s)
[INFO] Downloaded from central: https://repo.maven.apache.org/maven2/org/apache/maven/plugins/maven-shade-plugin/3.6.0/maven-shade-plugin-3.6.0.jar (150 kB at 1.3 MB/s)
[INFO] Downloaded from central: https://repo.maven.apache.org/maven2/org/vafer/jdependency/2.10/jdependency-2.10.jar (416 kB at 3.0 MB/s)
[INFO] 
[INFO] --- cyclonedx:2.9.1:makeAggregateBom (default) @ spring-petclinic ---
[INFO] CycloneDX: Resolving Dependencies
[INFO] CycloneDX: Creating BOM version 1.6 with 106 component(s)
[INFO] CycloneDX: Writing and validating BOM (JSON): /workspaces/maven-slimming-experiment/work/petclinic/target/classes/META-INF/sbom/application.cdx.json
[WARNING] Unknown keyword meta:enum - you should define your own Meta Schema. If the keyword is irrelevant for validation, just use a NonValidationKeyword or if it should generate annotations AnnotationKeyword
[WARNING] Unknown keyword deprecated - you should define your own Meta Schema. If the keyword is irrelevant for validation, just use a NonValidationKeyword or if it should generate annotations AnnotationKeyword
[INFO]            attaching as spring-petclinic-4.0.0-SNAPSHOT-cyclonedx.json
[INFO] 
[INFO] --- resources:3.5.0:resources (default-resources) @ spring-petclinic ---
[INFO] Downloading from central: https://repo.maven.apache.org/maven2/org/apache/maven/shared/maven-filtering/3.5.0/maven-filtering-3.5.0.pom
[INFO] Downloaded from central: https://repo.maven.apache.org/maven2/org/apache/maven/shared/maven-filtering/3.5.0/maven-filtering-3.5.0.pom (6.2 kB at 193 kB/s)
[INFO] Downloading from central: https://repo.maven.apache.org/maven2/org/apache/maven/shared/maven-shared-components/47/maven-shared-components-47.pom
[INFO] Downloaded from central: https://repo.maven.apache.org/maven2/org/apache/maven/shared/maven-shared-components/47/maven-shared-components-47.pom (3.8 kB at 112 kB/s)
[INFO] Downloading from central: https://repo.maven.apache.org/maven2/org/codehaus/plexus/plexus-utils/3.6.0/plexus-utils-3.6.0.pom
[INFO] Downloaded from central: https://repo.maven.apache.org/maven2/org/codehaus/plexus/plexus-utils/3.6.0/plexus-utils-3.6.0.pom (7.6 kB at 246 kB/s)
[INFO] Downloading from central: https://repo.maven.apache.org/maven2/org/eclipse/sisu/org.eclipse.sisu.plexus/0.9.0.M4/org.eclipse.sisu.plexus-0.9.0.M4.pom
[INFO] Downloaded from central: https://repo.maven.apache.org/maven2/org/eclipse/sisu/org.eclipse.sisu.plexus/0.9.0.M4/org.eclipse.sisu.plexus-0.9.0.M4.pom (17 kB at 620 kB/s)
[INFO] Downloading from central: https://repo.maven.apache.org/maven2/org/eclipse/sisu/sisu-inject/0.9.0.M4/sisu-inject-0.9.0.M4.pom
[INFO] Downloaded from central: https://repo.maven.apache.org/maven2/org/eclipse/sisu/sisu-inject/0.9.0.M4/sisu-inject-0.9.0.M4.pom (25 kB at 845 kB/s)
[INFO] Downloading from central: https://repo.maven.apache.org/maven2/org/codehaus/plexus/plexus-interpolation/1.29/plexus-interpolation-1.29.pom
[INFO] Downloaded from central: https://repo.maven.apache.org/maven2/org/codehaus/plexus/plexus-interpolation/1.29/plexus-interpolation-1.29.pom (4.7 kB at 157 kB/s)
[INFO] Downloading from central: https://repo.maven.apache.org/maven2/org/codehaus/plexus/plexus/24/plexus-24.pom
[INFO] Downloaded from central: https://repo.maven.apache.org/maven2/org/codehaus/plexus/plexus/24/plexus-24.pom (31 kB at 1.0 MB/s)
[INFO] Downloading from central: https://repo.maven.apache.org/maven2/org/apache/maven/shared/maven-filtering/3.5.0/maven-filtering-3.5.0.jar
[INFO] Downloaded from central: https://repo.maven.apache.org/maven2/org/apache/maven/shared/maven-filtering/3.5.0/maven-filtering-3.5.0.jar (61 kB at 2.1 MB/s)
[INFO] Downloading from central: https://repo.maven.apache.org/maven2/org/eclipse/sisu/org.eclipse.sisu.plexus/0.9.0.M4/org.eclipse.sisu.plexus-0.9.0.M4.jar
[INFO] Downloading from central: https://repo.maven.apache.org/maven2/org/codehaus/plexus/plexus-interpolation/1.29/plexus-interpolation-1.29.jar
[INFO] Downloading from central: https://repo.maven.apache.org/maven2/org/codehaus/plexus/plexus-utils/3.6.0/plexus-utils-3.6.0.jar
[INFO] Downloaded from central: https://repo.maven.apache.org/maven2/org/codehaus/plexus/plexus-utils/3.6.0/plexus-utils-3.6.0.jar (272 kB at 9.7 MB/s)
[INFO] Downloaded from central: https://repo.maven.apache.org/maven2/org/codehaus/plexus/plexus-interpolation/1.29/plexus-interpolation-1.29.jar (88 kB at 3.1 MB/s)
[INFO] Downloaded from central: https://repo.maven.apache.org/maven2/org/eclipse/sisu/org.eclipse.sisu.plexus/0.9.0.M4/org.eclipse.sisu.plexus-0.9.0.M4.jar (216 kB at 7.4 MB/s)
[INFO] Copying 3 resources from src/main/resources to target/classes
[INFO] Copying 47 resources from src/main/resources to target/classes
[INFO] 
[INFO] --- compiler:3.15.0:compile (default-compile) @ spring-petclinic ---
[INFO] Downloading from central: https://repo.maven.apache.org/maven2/org/ow2/asm/asm/9.9.1/asm-9.9.1.pom
[INFO] Downloaded from central: https://repo.maven.apache.org/maven2/org/ow2/asm/asm/9.9.1/asm-9.9.1.pom (2.4 kB at 79 kB/s)
[INFO] Downloading from central: https://repo.maven.apache.org/maven2/org/apache/maven/shared/maven-shared-incremental/1.1/maven-shared-incremental-1.1.pom
[INFO] Downloaded from central: https://repo.maven.apache.org/maven2/org/apache/maven/shared/maven-shared-incremental/1.1/maven-shared-incremental-1.1.pom (4.7 kB at 128 kB/s)
[INFO] Downloading from central: https://repo.maven.apache.org/maven2/org/apache/maven/shared/maven-shared-components/19/maven-shared-components-19.pom
[INFO] Downloaded from central: https://repo.maven.apache.org/maven2/org/apache/maven/shared/maven-shared-components/19/maven-shared-components-19.pom (6.4 kB at 205 kB/s)
[INFO] Downloading from central: https://repo.maven.apache.org/maven2/org/apache/maven/maven-parent/23/maven-parent-23.pom
[INFO] Downloaded from central: https://repo.maven.apache.org/maven2/org/apache/maven/maven-parent/23/maven-parent-23.pom (33 kB at 1.1 MB/s)
[INFO] Downloading from central: https://repo.maven.apache.org/maven2/org/codehaus/plexus/plexus-java/1.5.2/plexus-java-1.5.2.pom
[INFO] Downloaded from central: https://repo.maven.apache.org/maven2/org/codehaus/plexus/plexus-java/1.5.2/plexus-java-1.5.2.pom (4.1 kB at 141 kB/s)
[INFO] Downloading from central: https://repo.maven.apache.org/maven2/org/codehaus/plexus/plexus-languages/1.5.2/plexus-languages-1.5.2.pom
[INFO] Downloaded from central: https://repo.maven.apache.org/maven2/org/codehaus/plexus/plexus-languages/1.5.2/plexus-languages-1.5.2.pom (3.9 kB at 129 kB/s)
[INFO] Downloading from central: https://repo.maven.apache.org/maven2/com/thoughtworks/qdox/qdox/2.2.0/qdox-2.2.0.pom
[INFO] Downloaded from central: https://repo.maven.apache.org/maven2/com/thoughtworks/qdox/qdox/2.2.0/qdox-2.2.0.pom (18 kB at 504 kB/s)
[INFO] Downloading from central: https://repo.maven.apache.org/maven2/org/codehaus/plexus/plexus-compiler-api/2.16.2/plexus-compiler-api-2.16.2.pom
[INFO] Downloaded from central: https://repo.maven.apache.org/maven2/org/codehaus/plexus/plexus-compiler-api/2.16.2/plexus-compiler-api-2.16.2.pom (1.4 kB at 40 kB/s)
[INFO] Downloading from central: https://repo.maven.apache.org/maven2/org/codehaus/plexus/plexus-compiler/2.16.2/plexus-compiler-2.16.2.pom
[INFO] Downloaded from central: https://repo.maven.apache.org/maven2/org/codehaus/plexus/plexus-compiler/2.16.2/plexus-compiler-2.16.2.pom (7.5 kB at 222 kB/s)
[INFO] Downloading from central: https://repo.maven.apache.org/maven2/org/codehaus/plexus/plexus-compiler-manager/2.16.2/plexus-compiler-manager-2.16.2.pom
[INFO] Downloaded from central: https://repo.maven.apache.org/maven2/org/codehaus/plexus/plexus-compiler-manager/2.16.2/plexus-compiler-manager-2.16.2.pom (1.3 kB at 41 kB/s)
[INFO] Downloading from central: https://repo.maven.apache.org/maven2/org/codehaus/plexus/plexus-compiler-javac/2.16.2/plexus-compiler-javac-2.16.2.pom
[INFO] Downloaded from central: https://repo.maven.apache.org/maven2/org/codehaus/plexus/plexus-compiler-javac/2.16.2/plexus-compiler-javac-2.16.2.pom (1.3 kB at 35 kB/s)
[INFO] Downloading from central: https://repo.maven.apache.org/maven2/org/codehaus/plexus/plexus-compilers/2.16.2/plexus-compilers-2.16.2.pom
[INFO] Downloaded from central: https://repo.maven.apache.org/maven2/org/codehaus/plexus/plexus-compilers/2.16.2/plexus-compilers-2.16.2.pom (1.6 kB at 54 kB/s)
[INFO] Downloading from central: https://repo.maven.apache.org/maven2/org/ow2/asm/asm/9.9.1/asm-9.9.1.jar
[INFO] Downloaded from central: https://repo.maven.apache.org/maven2/org/ow2/asm/asm/9.9.1/asm-9.9.1.jar (126 kB at 3.2 MB/s)
[INFO] Downloading from central: https://repo.maven.apache.org/maven2/commons-io/commons-io/2.11.0/commons-io-2.11.0.jar
[INFO] Downloading from central: https://repo.maven.apache.org/maven2/org/apache/maven/shared/maven-shared-incremental/1.1/maven-shared-incremental-1.1.jar
[INFO] Downloading from central: https://repo.maven.apache.org/maven2/org/codehaus/plexus/plexus-java/1.5.2/plexus-java-1.5.2.jar
[INFO] Downloading from central: https://repo.maven.apache.org/maven2/com/thoughtworks/qdox/qdox/2.2.0/qdox-2.2.0.jar
[INFO] Downloading from central: https://repo.maven.apache.org/maven2/org/codehaus/plexus/plexus-compiler-api/2.16.2/plexus-compiler-api-2.16.2.jar
[INFO] Downloaded from central: https://repo.maven.apache.org/maven2/org/apache/maven/shared/maven-shared-incremental/1.1/maven-shared-incremental-1.1.jar (14 kB at 589 kB/s)
[INFO] Downloading from central: https://repo.maven.apache.org/maven2/org/codehaus/plexus/plexus-compiler-manager/2.16.2/plexus-compiler-manager-2.16.2.jar
[INFO] Downloaded from central: https://repo.maven.apache.org/maven2/commons-io/commons-io/2.11.0/commons-io-2.11.0.jar (327 kB at 12 MB/s)
[INFO] Downloading from central: https://repo.maven.apache.org/maven2/org/codehaus/plexus/plexus-compiler-javac/2.16.2/plexus-compiler-javac-2.16.2.jar
[INFO] Downloaded from central: https://repo.maven.apache.org/maven2/org/codehaus/plexus/plexus-java/1.5.2/plexus-java-1.5.2.jar (57 kB at 2.0 MB/s)
[INFO] Downloaded from central: https://repo.maven.apache.org/maven2/org/codehaus/plexus/plexus-compiler-api/2.16.2/plexus-compiler-api-2.16.2.jar (29 kB at 1.0 MB/s)
[INFO] Downloaded from central: https://repo.maven.apache.org/maven2/com/thoughtworks/qdox/qdox/2.2.0/qdox-2.2.0.jar (353 kB at 9.3 MB/s)
[INFO] Downloaded from central: https://repo.maven.apache.org/maven2/org/codehaus/plexus/plexus-compiler-manager/2.16.2/plexus-compiler-manager-2.16.2.jar (5.2 kB at 95 kB/s)
[INFO] Downloaded from central: https://repo.maven.apache.org/maven2/org/codehaus/plexus/plexus-compiler-javac/2.16.2/plexus-compiler-javac-2.16.2.jar (30 kB at 467 kB/s)
[INFO] Recompiling the module because of changed source code.
[INFO] Compiling 30 source files with javac [debug parameters release 17] to target/classes
[INFO] 
[INFO] --- resources:3.5.0:testResources (default-testResources) @ spring-petclinic ---
[INFO] skip non existing resourceDirectory /workspaces/maven-slimming-experiment/work/petclinic/src/test/resources
[INFO] 
[INFO] --- compiler:3.15.0:testCompile (default-testCompile) @ spring-petclinic ---
[INFO] Recompiling the module because of changed dependency.
[INFO] Compiling 20 source files with javac [debug parameters release 17] to target/test-classes
[INFO] 
[INFO] --- surefire:3.5.6:test (default-test) @ spring-petclinic ---
[INFO] Downloading from central: https://repo.maven.apache.org/maven2/org/apache/maven/surefire/surefire-api/3.5.6/surefire-api-3.5.6.pom
[INFO] Downloaded from central: https://repo.maven.apache.org/maven2/org/apache/maven/surefire/surefire-api/3.5.6/surefire-api-3.5.6.pom (3.7 kB at 100 kB/s)
[INFO] Downloading from central: https://repo.maven.apache.org/maven2/org/apache/maven/surefire/surefire-logger-api/3.5.6/surefire-logger-api-3.5.6.pom
[INFO] Downloaded from central: https://repo.maven.apache.org/maven2/org/apache/maven/surefire/surefire-logger-api/3.5.6/surefire-logger-api-3.5.6.pom (3.5 kB at 100 kB/s)
[INFO] Downloading from central: https://repo.maven.apache.org/maven2/org/apache/maven/surefire/surefire-shared-utils/3.5.6/surefire-shared-utils-3.5.6.pom
[INFO] Downloaded from central: https://repo.maven.apache.org/maven2/org/apache/maven/surefire/surefire-shared-utils/3.5.6/surefire-shared-utils-3.5.6.pom (4.0 kB at 116 kB/s)
[INFO] Downloading from central: https://repo.maven.apache.org/maven2/org/apache/maven/surefire/surefire-extensions-api/3.5.6/surefire-extensions-api-3.5.6.pom
[INFO] Downloaded from central: https://repo.maven.apache.org/maven2/org/apache/maven/surefire/surefire-extensions-api/3.5.6/surefire-extensions-api-3.5.6.pom (3.6 kB at 102 kB/s)
[INFO] Downloading from central: https://repo.maven.apache.org/maven2/org/apache/maven/surefire/maven-surefire-common/3.5.6/maven-surefire-common-3.5.6.pom
[INFO] Downloaded from central: https://repo.maven.apache.org/maven2/org/apache/maven/surefire/maven-surefire-common/3.5.6/maven-surefire-common-3.5.6.pom (7.3 kB at 220 kB/s)
[INFO] Downloading from central: https://repo.maven.apache.org/maven2/org/apache/maven/surefire/surefire-booter/3.5.6/surefire-booter-3.5.6.pom
[INFO] Downloaded from central: https://repo.maven.apache.org/maven2/org/apache/maven/surefire/surefire-booter/3.5.6/surefire-booter-3.5.6.pom (5.1 kB at 142 kB/s)
[INFO] Downloading from central: https://repo.maven.apache.org/maven2/org/apache/maven/surefire/surefire-extensions-spi/3.5.6/surefire-extensions-spi-3.5.6.pom
[INFO] Downloaded from central: https://repo.maven.apache.org/maven2/org/apache/maven/surefire/surefire-extensions-spi/3.5.6/surefire-extensions-spi-3.5.6.pom (1.7 kB at 50 kB/s)
[INFO] Downloading from central: https://repo.maven.apache.org/maven2/org/apache/maven/surefire/surefire-api/3.5.6/surefire-api-3.5.6.jar
[INFO] Downloaded from central: https://repo.maven.apache.org/maven2/org/apache/maven/surefire/surefire-api/3.5.6/surefire-api-3.5.6.jar (174 kB at 4.6 MB/s)
[INFO] Downloading from central: https://repo.maven.apache.org/maven2/org/apache/maven/surefire/surefire-logger-api/3.5.6/surefire-logger-api-3.5.6.jar
[INFO] Downloading from central: https://repo.maven.apache.org/maven2/org/apache/maven/surefire/surefire-shared-utils/3.5.6/surefire-shared-utils-3.5.6.jar
[INFO] Downloading from central: https://repo.maven.apache.org/maven2/org/apache/maven/surefire/surefire-extensions-api/3.5.6/surefire-extensions-api-3.5.6.jar
[INFO] Downloading from central: https://repo.maven.apache.org/maven2/org/apache/maven/surefire/maven-surefire-common/3.5.6/maven-surefire-common-3.5.6.jar
[INFO] Downloading from central: https://repo.maven.apache.org/maven2/org/apache/maven/surefire/surefire-booter/3.5.6/surefire-booter-3.5.6.jar
[INFO] Downloaded from central: https://repo.maven.apache.org/maven2/org/apache/maven/surefire/surefire-booter/3.5.6/surefire-booter-3.5.6.jar (123 kB at 4.4 MB/s)
[INFO] Downloading from central: https://repo.maven.apache.org/maven2/org/apache/maven/surefire/surefire-extensions-spi/3.5.6/surefire-extensions-spi-3.5.6.jar
[INFO] Downloaded from central: https://repo.maven.apache.org/maven2/org/apache/maven/surefire/maven-surefire-common/3.5.6/maven-surefire-common-3.5.6.jar (317 kB at 11 MB/s)
[INFO] Downloaded from central: https://repo.maven.apache.org/maven2/org/apache/maven/surefire/surefire-logger-api/3.5.6/surefire-logger-api-3.5.6.jar (14 kB at 424 kB/s)
[INFO] Downloaded from central: https://repo.maven.apache.org/maven2/org/apache/maven/surefire/surefire-extensions-api/3.5.6/surefire-extensions-api-3.5.6.jar (26 kB at 806 kB/s)
[INFO] Downloaded from central: https://repo.maven.apache.org/maven2/org/apache/maven/surefire/surefire-shared-utils/3.5.6/surefire-shared-utils-3.5.6.jar (3.0 MB at 70 MB/s)
[INFO] Downloaded from central: https://repo.maven.apache.org/maven2/org/apache/maven/surefire/surefire-extensions-spi/3.5.6/surefire-extensions-spi-3.5.6.jar (8.2 kB at 132 kB/s)
[WARNING]  Parameter 'systemProperties' is deprecated: use systemPropertyVariables instead
[INFO] Using auto detected provider org.apache.maven.surefire.junitplatform.JUnitPlatformProvider
[INFO] Downloading from central: https://repo.maven.apache.org/maven2/org/apache/maven/surefire/surefire-junit-platform/3.5.6/surefire-junit-platform-3.5.6.pom
[INFO] Downloaded from central: https://repo.maven.apache.org/maven2/org/apache/maven/surefire/surefire-junit-platform/3.5.6/surefire-junit-platform-3.5.6.pom (5.2 kB at 126 kB/s)
[INFO] Downloading from central: https://repo.maven.apache.org/maven2/org/apache/maven/surefire/surefire-providers/3.5.6/surefire-providers-3.5.6.pom
[INFO] Downloaded from central: https://repo.maven.apache.org/maven2/org/apache/maven/surefire/surefire-providers/3.5.6/surefire-providers-3.5.6.pom (2.5 kB at 98 kB/s)
[INFO] Downloading from central: https://repo.maven.apache.org/maven2/org/apache/maven/surefire/common-java5/3.5.6/common-java5-3.5.6.pom
[INFO] Downloaded from central: https://repo.maven.apache.org/maven2/org/apache/maven/surefire/common-java5/3.5.6/common-java5-3.5.6.pom (3.1 kB at 80 kB/s)
[INFO] Downloading from central: https://repo.maven.apache.org/maven2/org/junit/platform/junit-platform-engine/1.12.2/junit-platform-engine-1.12.2.pom
[INFO] Downloaded from central: https://repo.maven.apache.org/maven2/org/junit/platform/junit-platform-engine/1.12.2/junit-platform-engine-1.12.2.pom (3.2 kB at 134 kB/s)
[INFO] Downloading from central: https://repo.maven.apache.org/maven2/org/junit/platform/junit-platform-commons/1.12.2/junit-platform-commons-1.12.2.pom
[INFO] Downloaded from central: https://repo.maven.apache.org/maven2/org/junit/platform/junit-platform-commons/1.12.2/junit-platform-commons-1.12.2.pom (2.8 kB at 79 kB/s)
[INFO] Downloading from central: https://repo.maven.apache.org/maven2/org/junit/platform/junit-platform-launcher/1.12.2/junit-platform-launcher-1.12.2.pom
[INFO] Downloaded from central: https://repo.maven.apache.org/maven2/org/junit/platform/junit-platform-launcher/1.12.2/junit-platform-launcher-1.12.2.pom (3.0 kB at 121 kB/s)
[INFO] Downloading from central: https://repo.maven.apache.org/maven2/org/apache/maven/surefire/surefire-junit-platform/3.5.6/surefire-junit-platform-3.5.6.jar
[INFO] Downloaded from central: https://repo.maven.apache.org/maven2/org/apache/maven/surefire/surefire-junit-platform/3.5.6/surefire-junit-platform-3.5.6.jar (35 kB at 1.5 MB/s)
[INFO] Downloading from central: https://repo.maven.apache.org/maven2/org/apache/maven/surefire/common-java5/3.5.6/common-java5-3.5.6.jar
[INFO] Downloading from central: https://repo.maven.apache.org/maven2/org/junit/platform/junit-platform-engine/1.12.2/junit-platform-engine-1.12.2.jar
[INFO] Downloading from central: https://repo.maven.apache.org/maven2/org/junit/platform/junit-platform-commons/1.12.2/junit-platform-commons-1.12.2.jar
[INFO] Downloading from central: https://repo.maven.apache.org/maven2/org/junit/platform/junit-platform-launcher/1.12.2/junit-platform-launcher-1.12.2.jar
[INFO] Downloaded from central: https://repo.maven.apache.org/maven2/org/junit/platform/junit-platform-launcher/1.12.2/junit-platform-launcher-1.12.2.jar (208 kB at 8.3 MB/s)
[INFO] Downloaded from central: https://repo.maven.apache.org/maven2/org/junit/platform/junit-platform-engine/1.12.2/junit-platform-engine-1.12.2.jar (256 kB at 9.1 MB/s)
[INFO] Downloaded from central: https://repo.maven.apache.org/maven2/org/junit/platform/junit-platform-commons/1.12.2/junit-platform-commons-1.12.2.jar (152 kB at 4.3 MB/s)
[INFO] Downloaded from central: https://repo.maven.apache.org/maven2/org/apache/maven/surefire/common-java5/3.5.6/common-java5-3.5.6.jar (18 kB at 464 kB/s)
[INFO] Downloading from central: https://repo.maven.apache.org/maven2/org/junit/platform/junit-platform-launcher/6.0.3/junit-platform-launcher-6.0.3.pom
[INFO] Downloaded from central: https://repo.maven.apache.org/maven2/org/junit/platform/junit-platform-launcher/6.0.3/junit-platform-launcher-6.0.3.pom (3.2 kB at 124 kB/s)
[INFO] Downloading from central: https://repo.maven.apache.org/maven2/org/junit/platform/junit-platform-launcher/6.0.3/junit-platform-launcher-6.0.3.jar
[INFO] Downloaded from central: https://repo.maven.apache.org/maven2/org/junit/platform/junit-platform-launcher/6.0.3/junit-platform-launcher-6.0.3.jar (246 kB at 6.7 MB/s)
[INFO] 
[INFO] -------------------------------------------------------
[INFO]  T E S T S
[INFO] -------------------------------------------------------
[INFO] Running org.springframework.samples.petclinic.vet.VetTests
[INFO] Tests run: 1, Failures: 0, Errors: 0, Skipped: 0, Time elapsed: 0.241 s -- in org.springframework.samples.petclinic.vet.VetTests
[INFO] Running org.springframework.samples.petclinic.vet.VetControllerTests
22:40:52.123 [main] INFO org.springframework.test.context.support.AnnotationConfigContextLoaderUtils -- Could not detect default configuration classes for test class [org.springframework.samples.petclinic.vet.VetControllerTests]: VetControllerTests does not declare any static, non-private, non-final, nested classes annotated with @Configuration.
22:40:52.432 [main] INFO org.springframework.boot.test.context.SpringBootTestContextBootstrapper -- Found @SpringBootConfiguration org.springframework.samples.petclinic.PetClinicApplication for test class org.springframework.samples.petclinic.vet.VetControllerTests
22:40:52.437 [main] INFO org.springframework.test.context.support.AnnotationConfigContextLoaderUtils -- Could not detect default configuration classes for test class [org.springframework.samples.petclinic.vet.VetControllerTests]: VetControllerTests does not declare any static, non-private, non-final, nested classes annotated with @Configuration.
22:40:52.451 [main] INFO org.springframework.boot.test.context.SpringBootTestContextBootstrapper -- Found @SpringBootConfiguration org.springframework.samples.petclinic.PetClinicApplication for test class org.springframework.samples.petclinic.vet.VetControllerTests
22:40:52.578 [main] INFO org.springframework.boot.devtools.restart.RestartApplicationListener -- Restart disabled due to context in which it is running


              |\      _,,,--,,_
             /,`.-'`'   ._  \-;;,_
  _______ __|,4-  ) )_   .;.(__`'-'__     ___ __    _ ___ _______
 |       | '---''(_/._)-'(_\_)   |   |   |   |  |  | |   |       |
 |    _  |    ___|_     _|       |   |   |   |   |_| |   |       | __ _ _
 |   |_| |   |___  |   | |       |   |   |   |       |   |       | \ \ \ \
 |    ___|    ___| |   | |      _|   |___|   |  _    |   |      _|  \ \ \ \
 |   |   |   |___  |   | |     |_|       |   | | |   |   |     |_    ) ) ) )
 |___|   |_______| |___| |_______|_______|___|_|  |__|___|_______|  / / / /
 ==================================================================/_/_/_/

:: Built with Spring Boot :: 4.1.0


2026-10-03T22:40:53.261Z  INFO 16338 --- [           main] o.s.s.petclinic.vet.VetControllerTests   : Starting VetControllerTests using Java 17.0.20.1 with PID 16338 (started by codespace in /workspaces/maven-slimming-experiment/work/petclinic)
2026-10-03T22:40:53.264Z  INFO 16338 --- [           main] o.s.s.petclinic.vet.VetControllerTests   : No active profile set, falling back to 1 default profile: "default"
OpenJDK 64-Bit Server VM warning: Sharing is only supported for boot loader classes because bootstrap classpath has been appended
2026-10-03T22:40:57.249Z  INFO 16338 --- [           main] o.s.b.t.m.w.SpringBootMockServletContext : Initializing Spring TestDispatcherServlet ''
2026-10-03T22:40:57.250Z  INFO 16338 --- [           main] o.s.t.web.servlet.TestDispatcherServlet  : Initializing Servlet ''
2026-10-03T22:40:57.253Z  INFO 16338 --- [           main] o.s.t.web.servlet.TestDispatcherServlet  : Completed initialization in 3 ms
2026-10-03T22:40:57.340Z  INFO 16338 --- [           main] o.s.s.petclinic.vet.VetControllerTests   : Started VetControllerTests in 4.786 seconds (process running for 7.395)
[INFO] Tests run: 3, Failures: 0, Errors: 0, Skipped: 0, Time elapsed: 7.639 s -- in org.springframework.samples.petclinic.vet.VetControllerTests
[INFO] Running org.springframework.samples.petclinic.PetClinicConcurrencyTests
2026-10-03T22:40:59.377Z  INFO 16338 --- [           main] t.c.s.AnnotationConfigContextLoaderUtils : Could not detect default configuration classes for test class [org.springframework.samples.petclinic.PetClinicConcurrencyTests]: PetClinicConcurrencyTests does not declare any static, non-private, non-final, nested classes annotated with @Configuration.
2026-10-03T22:40:59.394Z  INFO 16338 --- [           main] .b.t.c.SpringBootTestContextBootstrapper : Found @SpringBootConfiguration org.springframework.samples.petclinic.PetClinicApplication for test class org.springframework.samples.petclinic.PetClinicConcurrencyTests
2026-10-03T22:40:59.400Z  INFO 16338 --- [           main] t.c.s.AnnotationConfigContextLoaderUtils : Could not detect default configuration classes for test class [org.springframework.samples.petclinic.PetClinicConcurrencyTests]: PetClinicConcurrencyTests does not declare any static, non-private, non-final, nested classes annotated with @Configuration.
2026-10-03T22:40:59.410Z  INFO 16338 --- [           main] .b.t.c.SpringBootTestContextBootstrapper : Found @SpringBootConfiguration org.springframework.samples.petclinic.PetClinicApplication for test class org.springframework.samples.petclinic.PetClinicConcurrencyTests
2026-10-03T22:40:59.428Z  INFO 16338 --- [           main] o.s.b.d.r.RestartApplicationListener     : Restart disabled due to context in which it is running


              |\      _,,,--,,_
             /,`.-'`'   ._  \-;;,_
  _______ __|,4-  ) )_   .;.(__`'-'__     ___ __    _ ___ _______
 |       | '---''(_/._)-'(_\_)   |   |   |   |  |  | |   |       |
 |    _  |    ___|_     _|       |   |   |   |   |_| |   |       | __ _ _
 |   |_| |   |___  |   | |       |   |   |   |       |   |       | \ \ \ \
 |    ___|    ___| |   | |      _|   |___|   |  _    |   |      _|  \ \ \ \
 |   |   |   |___  |   | |     |_|       |   | | |   |   |     |_    ) ) ) )
 |___|   |_______| |___| |_______|_______|___|_|  |__|___|_______|  / / / /
 ==================================================================/_/_/_/

:: Built with Spring Boot :: 4.1.0


2026-10-03T22:40:59.531Z  INFO 16338 --- [           main] o.s.s.p.PetClinicConcurrencyTests        : Starting PetClinicConcurrencyTests using Java 17.0.20.1 with PID 16338 (started by codespace in /workspaces/maven-slimming-experiment/work/petclinic)
2026-10-03T22:40:59.531Z  INFO 16338 --- [           main] o.s.s.p.PetClinicConcurrencyTests        : No active profile set, falling back to 1 default profile: "default"
2026-10-03T22:41:00.323Z  INFO 16338 --- [           main] .s.d.r.c.RepositoryConfigurationDelegate : Bootstrapping Spring Data JPA repositories in DEFAULT mode.
2026-10-03T22:41:00.406Z  INFO 16338 --- [           main] .s.d.r.c.RepositoryConfigurationDelegate : Finished Spring Data repository scanning in 65 ms. Found 3 JPA repository interfaces.
2026-10-03T22:41:01.308Z  INFO 16338 --- [           main] o.s.boot.tomcat.TomcatWebServer          : Tomcat initialized with port 0 (http)
2026-10-03T22:41:01.338Z  INFO 16338 --- [           main] o.apache.catalina.core.StandardService   : Starting service [Tomcat]
2026-10-03T22:41:01.339Z  INFO 16338 --- [           main] o.apache.catalina.core.StandardEngine    : Starting Servlet engine: [Apache Tomcat/11.0.22]
2026-10-03T22:41:01.488Z  INFO 16338 --- [           main] b.w.c.s.WebApplicationContextInitializer : Root WebApplicationContext: initialization completed in 1941 ms
2026-10-03T22:41:01.995Z  INFO 16338 --- [           main] com.zaxxer.hikari.HikariDataSource       : HikariPool-1 - Starting...
2026-10-03T22:41:02.509Z  INFO 16338 --- [           main] com.zaxxer.hikari.pool.HikariPool        : HikariPool-1 - Added connection conn0: url=jdbc:h2:mem:ad74923b-ccfb-4c57-a80c-c07f113767df user=SA
2026-10-03T22:41:02.512Z  INFO 16338 --- [           main] com.zaxxer.hikari.HikariDataSource       : HikariPool-1 - Start completed.
2026-10-03T22:41:02.843Z  INFO 16338 --- [           main] org.hibernate.orm.jpa                    : HHH008540: Processing PersistenceUnitInfo [name: default]
2026-10-03T22:41:02.949Z  INFO 16338 --- [           main] org.hibernate.orm.core                   : HHH000001: Hibernate ORM core version 7.4.1.Final
2026-10-03T22:41:03.483Z  INFO 16338 --- [           main] o.s.o.j.p.SpringPersistenceUnitInfo      : No LoadTimeWeaver setup: ignoring JPA class transformer
2026-10-03T22:41:03.655Z  INFO 16338 --- [           main] org.hibernate.orm.connections.pooling    : HHH10001005: Database info:
	Database JDBC URL [jdbc:h2:mem:ad74923b-ccfb-4c57-a80c-c07f113767df]
	Database driver: H2 JDBC Driver
	Database dialect: H2Dialect
	Database version: 2.4.240
	Default catalog/schema: AD74923B-CCFB-4C57-A80C-C07F113767DF/PUBLIC
	Autocommit mode: undefined/unknown
	Isolation level: READ_COMMITTED [default READ_COMMITTED]
	JDBC fetch size: 100
	Pool: DataSourceConnectionProvider
	Minimum pool size: undefined/unknown
	Maximum pool size: undefined/unknown
2026-10-03T22:41:05.839Z  INFO 16338 --- [           main] org.hibernate.orm.core                   : HHH000489: No JTA platform available (set 'hibernate.transaction.jta.platform' to enable JTA platform integration)
2026-10-03T22:41:05.857Z  INFO 16338 --- [           main] j.LocalContainerEntityManagerFactoryBean : Initialized JPA EntityManagerFactory for persistence unit 'default'
2026-10-03T22:41:06.038Z  INFO 16338 --- [           main] o.s.d.j.r.query.QueryEnhancerFactories   : Hibernate is in classpath; If applicable, HQL parser will be used.
2026-10-03T22:41:08.161Z  INFO 16338 --- [           main] o.s.b.a.e.web.EndpointLinksResolver      : Exposing 13 endpoints beneath base path '/actuator'
2026-10-03T22:41:08.313Z  INFO 16338 --- [           main] o.s.boot.tomcat.TomcatWebServer          : Tomcat started on port 43901 (http) with context path '/'
2026-10-03T22:41:08.326Z  INFO 16338 --- [           main] o.s.s.p.PetClinicConcurrencyTests        : Started PetClinicConcurrencyTests in 8.898 seconds (process running for 18.381)
2026-10-03T22:41:09.224Z  INFO 16338 --- [o-auto-1-exec-3] o.a.c.c.C.[Tomcat].[localhost].[/]       : Initializing Spring DispatcherServlet 'dispatcherServlet'
2026-10-03T22:41:09.225Z  INFO 16338 --- [o-auto-1-exec-3] o.s.web.servlet.DispatcherServlet        : Initializing Servlet 'dispatcherServlet'
2026-10-03T22:41:09.231Z  INFO 16338 --- [o-auto-1-exec-3] o.s.web.servlet.DispatcherServlet        : Completed initialization in 6 ms
2026-10-03T22:41:09.612Z  WARN 16338 --- [o-auto-1-exec-3] org.hibernate.orm.jdbc.error             : HHH000247: ErrorCode: 23505, SQLState: 23505
2026-10-03T22:41:09.612Z  WARN 16338 --- [o-auto-1-exec-3] org.hibernate.orm.jdbc.error             : Unique index or primary key violation: "PUBLIC.UNIQUE_OWNER_PET_NAME INDEX PUBLIC.UNIQUE_OWNER_PET_NAME_INDEX_2 ON PUBLIC.PETS(OWNER_ID NULLS FIRST, NAME NULLS FIRST) VALUES ( /* key:15 */ 1, CAST('ConcurrencyTestPet' AS VARCHAR_IGNORECASE(18)))"; SQL statement:
update pets set owner_id=? where id=? [23505-240]
--- Concurrency Test Assertions ---
Successful additions: 1
Failed additions: 1
Original Pet Count: 1
Final Pet Count: 2
[INFO] Tests run: 1, Failures: 0, Errors: 0, Skipped: 0, Time elapsed: 10.67 s -- in org.springframework.samples.petclinic.PetClinicConcurrencyTests
[INFO] Running org.springframework.samples.petclinic.service.ClinicServiceTests
2026-10-03T22:41:10.096Z  INFO 16338 --- [           main] t.c.s.AnnotationConfigContextLoaderUtils : Could not detect default configuration classes for test class [org.springframework.samples.petclinic.service.ClinicServiceTests]: ClinicServiceTests does not declare any static, non-private, non-final, nested classes annotated with @Configuration.
2026-10-03T22:41:10.146Z  INFO 16338 --- [           main] .b.t.c.SpringBootTestContextBootstrapper : Found @SpringBootConfiguration org.springframework.samples.petclinic.PetClinicApplication for test class org.springframework.samples.petclinic.service.ClinicServiceTests
2026-10-03T22:41:10.148Z  INFO 16338 --- [           main] t.c.s.AnnotationConfigContextLoaderUtils : Could not detect default configuration classes for test class [org.springframework.samples.petclinic.service.ClinicServiceTests]: ClinicServiceTests does not declare any static, non-private, non-final, nested classes annotated with @Configuration.
2026-10-03T22:41:10.207Z  INFO 16338 --- [           main] .b.t.c.SpringBootTestContextBootstrapper : Found @SpringBootConfiguration org.springframework.samples.petclinic.PetClinicApplication for test class org.springframework.samples.petclinic.service.ClinicServiceTests
2026-10-03T22:41:10.220Z  INFO 16338 --- [           main] o.s.b.d.r.RestartApplicationListener     : Restart disabled due to context in which it is running


              |\      _,,,--,,_
             /,`.-'`'   ._  \-;;,_
  _______ __|,4-  ) )_   .;.(__`'-'__     ___ __    _ ___ _______
 |       | '---''(_/._)-'(_\_)   |   |   |   |  |  | |   |       |
 |    _  |    ___|_     _|       |   |   |   |   |_| |   |       | __ _ _
 |   |_| |   |___  |   | |       |   |   |   |       |   |       | \ \ \ \
 |    ___|    ___| |   | |      _|   |___|   |  _    |   |      _|  \ \ \ \
 |   |   |   |___  |   | |     |_|       |   | | |   |   |     |_    ) ) ) )
 |___|   |_______| |___| |_______|_______|___|_|  |__|___|_______|  / / / /
 ==================================================================/_/_/_/

:: Built with Spring Boot :: 4.1.0


2026-10-03T22:41:10.271Z  INFO 16338 --- [           main] o.s.s.p.service.ClinicServiceTests       : Starting ClinicServiceTests using Java 17.0.20.1 with PID 16338 (started by codespace in /workspaces/maven-slimming-experiment/work/petclinic)
2026-10-03T22:41:10.272Z  INFO 16338 --- [           main] o.s.s.p.service.ClinicServiceTests       : No active profile set, falling back to 1 default profile: "default"
2026-10-03T22:41:10.392Z  INFO 16338 --- [           main] .s.d.r.c.RepositoryConfigurationDelegate : Bootstrapping Spring Data JPA repositories in DEFAULT mode.
2026-10-03T22:41:10.426Z  INFO 16338 --- [           main] .s.d.r.c.RepositoryConfigurationDelegate : Finished Spring Data repository scanning in 27 ms. Found 3 JPA repository interfaces.
2026-10-03T22:41:10.509Z  INFO 16338 --- [           main] com.zaxxer.hikari.HikariDataSource       : HikariPool-2 - Starting...
2026-10-03T22:41:10.515Z  INFO 16338 --- [           main] com.zaxxer.hikari.pool.HikariPool        : HikariPool-2 - Added connection conn10: url=jdbc:h2:mem:f00d125b-4490-4f56-ac2b-4ba8ad81d73a user=SA
2026-10-03T22:41:10.515Z  INFO 16338 --- [           main] com.zaxxer.hikari.HikariDataSource       : HikariPool-2 - Start completed.
2026-10-03T22:41:10.671Z  INFO 16338 --- [           main] org.hibernate.orm.jpa                    : HHH008540: Processing PersistenceUnitInfo [name: default]
2026-10-03T22:41:10.732Z  INFO 16338 --- [           main] o.s.o.j.p.SpringPersistenceUnitInfo      : No LoadTimeWeaver setup: ignoring JPA class transformer
2026-10-03T22:41:10.738Z  INFO 16338 --- [           main] org.hibernate.orm.connections.pooling    : HHH10001005: Database info:
	Database JDBC URL [jdbc:h2:mem:f00d125b-4490-4f56-ac2b-4ba8ad81d73a]
	Database driver: H2 JDBC Driver
	Database dialect: H2Dialect
	Database version: 2.4.240
	Default catalog/schema: F00D125B-4490-4F56-AC2B-4BA8AD81D73A/PUBLIC
	Autocommit mode: undefined/unknown
	Isolation level: READ_COMMITTED [default READ_COMMITTED]
	JDBC fetch size: 100
	Pool: DataSourceConnectionProvider
	Minimum pool size: undefined/unknown
	Maximum pool size: undefined/unknown
2026-10-03T22:41:10.846Z  INFO 16338 --- [           main] org.hibernate.orm.core                   : HHH000489: No JTA platform available (set 'hibernate.transaction.jta.platform' to enable JTA platform integration)
2026-10-03T22:41:10.847Z  INFO 16338 --- [           main] j.LocalContainerEntityManagerFactoryBean : Initialized JPA EntityManagerFactory for persistence unit 'default'
2026-10-03T22:41:10.958Z  INFO 16338 --- [           main] o.s.s.p.service.ClinicServiceTests       : Started ClinicServiceTests in 0.738 seconds (process running for 21.013)
Hibernate: select v1_0.id,v1_0.first_name,v1_0.last_name from vets v1_0
Hibernate: select s1_0.vet_id,s1_1.id,s1_1.name from vet_specialties s1_0 join specialties s1_1 on s1_1.id=s1_0.specialty_id where s1_0.vet_id in (?,?,?,?,?,?,?,?,?,?,?,?,?,?,?,?)
Hibernate: select o1_0.id,o1_0.address,o1_0.city,o1_0.first_name,o1_0.last_name,o1_0.telephone from owners o1_0 where o1_0.last_name like ? escape '\'
Hibernate: select p1_0.owner_id,p1_0.id,p1_0.birth_date,p1_0.name,t1_0.id,t1_0.name from pets p1_0 left join types t1_0 on t1_0.id=p1_0.type_id where p1_0.owner_id in (?,?,?,?,?,?,?,?,?,?,?,?,?,?,?,?) order by p1_0.name
Hibernate: select v1_0.pet_id,v1_0.id,v1_0.visit_date,v1_0.description from visits v1_0 where v1_0.pet_id in (?,?,?,?,?,?,?,?,?,?,?,?,?,?,?,?) order by v1_0.visit_date
Hibernate: select o1_0.id,o1_0.address,o1_0.city,o1_0.first_name,o1_0.last_name,o1_0.telephone from owners o1_0 where o1_0.last_name like ? escape '\'
Hibernate: select o1_0.id,o1_0.address,o1_0.city,o1_0.first_name,o1_0.last_name,o1_0.telephone,p1_0.owner_id,p1_0.id,p1_0.birth_date,p1_0.name,t1_0.id,t1_0.name from owners o1_0 left join pets p1_0 on o1_0.id=p1_0.owner_id left join types t1_0 on t1_0.id=p1_0.type_id where o1_0.id=? order by p1_0.name
Hibernate: select v1_0.pet_id,v1_0.id,v1_0.visit_date,v1_0.description from visits v1_0 where v1_0.pet_id=? order by v1_0.visit_date
Hibernate: select pt1_0.id,pt1_0.name from types pt1_0 order by pt1_0.name
Hibernate: insert into pets (birth_date,name,type_id,id) values (?,?,?,default)
Hibernate: update pets set owner_id=? where id=?
Hibernate: insert into pets (birth_date,name,type_id,id) values (?,?,?,default)
Hibernate: update pets set owner_id=? where id=?
2026-10-03T22:41:11.254Z  WARN 16338 --- [           main] org.hibernate.orm.jdbc.error             : HHH000247: ErrorCode: 23505, SQLState: 23505
2026-10-03T22:41:11.255Z  WARN 16338 --- [           main] org.hibernate.orm.jdbc.error             : Unique index or primary key violation: "PUBLIC.UNIQUE_OWNER_PET_NAME INDEX PUBLIC.UNIQUE_OWNER_PET_NAME_INDEX_2 ON PUBLIC.PETS(OWNER_ID NULLS FIRST, NAME NULLS FIRST) VALUES ( /* key:14 */ 1, CAST('DuplicatePetName' AS VARCHAR_IGNORECASE(16)))"; SQL statement:
update pets set owner_id=? where id=? [23505-240]
Hibernate: select o1_0.id,o1_0.address,o1_0.city,o1_0.first_name,o1_0.last_name,o1_0.telephone,p1_0.owner_id,p1_0.id,p1_0.birth_date,p1_0.name,t1_0.id,t1_0.name from owners o1_0 left join pets p1_0 on o1_0.id=p1_0.owner_id left join types t1_0 on t1_0.id=p1_0.type_id where o1_0.id=? order by p1_0.name
Hibernate: select v1_0.pet_id,v1_0.id,v1_0.visit_date,v1_0.description from visits v1_0 where v1_0.pet_id in (?,?,?,?,?,?,?,?,?,?,?,?,?,?,?,?) order by v1_0.visit_date
Hibernate: insert into visits (visit_date,description,id) values (?,?,default)
Hibernate: select o1_0.id,o1_0.address,o1_0.city,o1_0.first_name,o1_0.last_name,o1_0.telephone,p1_0.owner_id,p1_0.id,p1_0.birth_date,p1_0.name,t1_0.id,t1_0.name from owners o1_0 left join pets p1_0 on o1_0.id=p1_0.owner_id left join types t1_0 on t1_0.id=p1_0.type_id where o1_0.id=? order by p1_0.name
Hibernate: select v1_0.pet_id,v1_0.id,v1_0.visit_date,v1_0.description from visits v1_0 where v1_0.pet_id=? order by v1_0.visit_date
Hibernate: select o1_0.id,o1_0.address,o1_0.city,o1_0.first_name,o1_0.last_name,o1_0.telephone,p1_0.owner_id,p1_0.id,p1_0.birth_date,p1_0.name,t1_0.id,t1_0.name from owners o1_0 left join pets p1_0 on o1_0.id=p1_0.owner_id left join types t1_0 on t1_0.id=p1_0.type_id where o1_0.id=? order by p1_0.name
Hibernate: select v1_0.pet_id,v1_0.id,v1_0.visit_date,v1_0.description from visits v1_0 where v1_0.pet_id in (?,?,?,?,?,?,?,?,?,?,?,?,?,?,?,?) order by v1_0.visit_date
Hibernate: select o1_0.id,o1_0.address,o1_0.city,o1_0.first_name,o1_0.last_name,o1_0.telephone,p1_0.owner_id,p1_0.id,p1_0.birth_date,p1_0.name,t1_0.id,t1_0.name from owners o1_0 left join pets p1_0 on o1_0.id=p1_0.owner_id left join types t1_0 on t1_0.id=p1_0.type_id where o1_0.id=? order by p1_0.name
Hibernate: select v1_0.pet_id,v1_0.id,v1_0.visit_date,v1_0.description from visits v1_0 where v1_0.pet_id in (?,?,?,?,?,?,?,?,?,?,?,?,?,?,?,?) order by v1_0.visit_date
Hibernate: select pt1_0.id,pt1_0.name from types pt1_0 order by pt1_0.name
Hibernate: insert into pets (birth_date,name,type_id,id) values (?,?,?,default)
Hibernate: select o1_0.id,o1_0.address,o1_0.city,o1_0.first_name,o1_0.last_name,o1_0.telephone from owners o1_0 where o1_0.last_name like ? escape '\'
Hibernate: insert into owners (address,city,first_name,last_name,telephone,id) values (?,?,?,?,?,default)
Hibernate: select o1_0.id,o1_0.address,o1_0.city,o1_0.first_name,o1_0.last_name,o1_0.telephone from owners o1_0 where o1_0.last_name like ? escape '\'
Hibernate: select o1_0.id,o1_0.address,o1_0.city,o1_0.first_name,o1_0.last_name,o1_0.telephone,p1_0.owner_id,p1_0.id,p1_0.birth_date,p1_0.name,t1_0.id,t1_0.name from owners o1_0 left join pets p1_0 on o1_0.id=p1_0.owner_id left join types t1_0 on t1_0.id=p1_0.type_id where o1_0.id=? order by p1_0.name
Hibernate: select v1_0.pet_id,v1_0.id,v1_0.visit_date,v1_0.description from visits v1_0 where v1_0.pet_id=? order by v1_0.visit_date
Hibernate: select o1_0.id,o1_0.address,o1_0.city,o1_0.first_name,o1_0.last_name,o1_0.telephone,p1_0.owner_id,p1_0.id,p1_0.birth_date,p1_0.name,t1_0.id,t1_0.name from owners o1_0 left join pets p1_0 on o1_0.id=p1_0.owner_id left join types t1_0 on t1_0.id=p1_0.type_id where o1_0.id=? order by p1_0.name
Hibernate: select v1_0.pet_id,v1_0.id,v1_0.visit_date,v1_0.description from visits v1_0 where v1_0.pet_id in (?,?,?,?,?,?,?,?,?,?,?,?,?,?,?,?) order by v1_0.visit_date
Hibernate: select pt1_0.id,pt1_0.name from types pt1_0 order by pt1_0.name
Hibernate: select pt1_0.id,pt1_0.name from types pt1_0 order by pt1_0.name
Hibernate: select o1_0.id,o1_0.address,o1_0.city,o1_0.first_name,o1_0.last_name,o1_0.telephone,p1_0.owner_id,p1_0.id,p1_0.birth_date,p1_0.name,t1_0.id,t1_0.name from owners o1_0 left join pets p1_0 on o1_0.id=p1_0.owner_id left join types t1_0 on t1_0.id=p1_0.type_id where o1_0.id=? order by p1_0.name
Hibernate: select v1_0.pet_id,v1_0.id,v1_0.visit_date,v1_0.description from visits v1_0 where v1_0.pet_id=? order by v1_0.visit_date
Hibernate: insert into pets (birth_date,name,type_id,id) values (?,?,?,default)
Hibernate: update pets set owner_id=? where id=?
Hibernate: select o1_0.id,o1_0.address,o1_0.city,o1_0.first_name,o1_0.last_name,o1_0.telephone,p1_0.owner_id,p1_0.id,p1_0.birth_date,p1_0.name,t1_0.id,t1_0.name from owners o1_0 left join pets p1_0 on o1_0.id=p1_0.owner_id left join types t1_0 on t1_0.id=p1_0.type_id where o1_0.id=? order by p1_0.name
Hibernate: select v1_0.pet_id,v1_0.id,v1_0.visit_date,v1_0.description from visits v1_0 where v1_0.pet_id=? order by v1_0.visit_date
Hibernate: insert into pets (birth_date,name,type_id,id) values (?,?,?,default)
Hibernate: update pets set owner_id=? where id=?
[INFO] Tests run: 12, Failures: 0, Errors: 0, Skipped: 0, Time elapsed: 1.477 s -- in org.springframework.samples.petclinic.service.ClinicServiceTests
[INFO] Running org.springframework.samples.petclinic.system.I18nPropertiesSyncTest
[INFO] Tests run: 2, Failures: 0, Errors: 0, Skipped: 0, Time elapsed: 0.057 s -- in org.springframework.samples.petclinic.system.I18nPropertiesSyncTest
[INFO] Running org.springframework.samples.petclinic.system.CrashControllerIntegrationTests
2026-10-03T22:41:11.671Z  INFO 16338 --- [           main] o.s.b.d.r.RestartApplicationListener     : Restart disabled due to context in which it is running


              |\      _,,,--,,_
             /,`.-'`'   ._  \-;;,_
  _______ __|,4-  ) )_   .;.(__`'-'__     ___ __    _ ___ _______
 |       | '---''(_/._)-'(_\_)   |   |   |   |  |  | |   |       |
 |    _  |    ___|_     _|       |   |   |   |   |_| |   |       | __ _ _
 |   |_| |   |___  |   | |       |   |   |   |       |   |       | \ \ \ \
 |    ___|    ___| |   | |      _|   |___|   |  _    |   |      _|  \ \ \ \
 |   |   |   |___  |   | |     |_|       |   | | |   |   |     |_    ) ) ) )
 |___|   |_______| |___| |_______|_______|___|_|  |__|___|_______|  / / / /
 ==================================================================/_/_/_/

:: Built with Spring Boot :: 4.1.0


2026-10-03T22:41:11.740Z  INFO 16338 --- [           main] .s.s.p.s.CrashControllerIntegrationTests : Starting CrashControllerIntegrationTests using Java 17.0.20.1 with PID 16338 (started by codespace in /workspaces/maven-slimming-experiment/work/petclinic)
2026-10-03T22:41:11.741Z  INFO 16338 --- [           main] .s.s.p.s.CrashControllerIntegrationTests : No active profile set, falling back to 1 default profile: "default"
2026-10-03T22:41:12.261Z  INFO 16338 --- [           main] o.s.boot.tomcat.TomcatWebServer          : Tomcat initialized with port 0 (http)
2026-10-03T22:41:12.263Z  INFO 16338 --- [           main] o.apache.catalina.core.StandardService   : Starting service [Tomcat]
2026-10-03T22:41:12.263Z  INFO 16338 --- [           main] o.apache.catalina.core.StandardEngine    : Starting Servlet engine: [Apache Tomcat/11.0.22]
2026-10-03T22:41:12.285Z  INFO 16338 --- [           main] b.w.c.s.WebApplicationContextInitializer : Root WebApplicationContext: initialization completed in 538 ms
2026-10-03T22:41:12.801Z  INFO 16338 --- [           main] o.s.b.a.e.web.EndpointLinksResolver      : Exposing 0 endpoints beneath base path '/actuator'
2026-10-03T22:41:12.844Z  INFO 16338 --- [           main] o.s.boot.tomcat.TomcatWebServer          : Tomcat started on port 39587 (http) with context path '/'
2026-10-03T22:41:12.857Z  INFO 16338 --- [           main] .s.s.p.s.CrashControllerIntegrationTests : Started CrashControllerIntegrationTests in 1.192 seconds (process running for 22.912)
2026-10-03T22:41:12.880Z  INFO 16338 --- [o-auto-2-exec-2] o.a.c.c.C.[Tomcat-1].[localhost].[/]     : Initializing Spring DispatcherServlet 'dispatcherServlet'
2026-10-03T22:41:12.881Z  INFO 16338 --- [o-auto-2-exec-2] o.s.web.servlet.DispatcherServlet        : Initializing Servlet 'dispatcherServlet'
2026-10-03T22:41:12.884Z  INFO 16338 --- [o-auto-2-exec-2] o.s.web.servlet.DispatcherServlet        : Completed initialization in 3 ms
2026-10-03T22:41:12.893Z ERROR 16338 --- [o-auto-2-exec-2] o.a.c.c.C.[.[.[/].[dispatcherServlet]    : Servlet.service() for servlet [dispatcherServlet] in context with path [] threw exception [Request processing failed: java.lang.RuntimeException: Expected: controller used to showcase what happens when an exception is thrown] with root cause

java.lang.RuntimeException: Expected: controller used to showcase what happens when an exception is thrown
	at org.springframework.samples.petclinic.system.CrashController.triggerException(CrashController.java:33) ~[classes/:na]
	at java.base/jdk.internal.reflect.NativeMethodAccessorImpl.invoke0(Native Method) ~[na:na]
	at java.base/jdk.internal.reflect.NativeMethodAccessorImpl.invoke(NativeMethodAccessorImpl.java:77) ~[na:na]
	at java.base/jdk.internal.reflect.DelegatingMethodAccessorImpl.invoke(DelegatingMethodAccessorImpl.java:43) ~[na:na]
	at java.base/java.lang.reflect.Method.invoke(Method.java:569) ~[na:na]
	at org.springframework.web.method.support.InvocableHandlerMethod.doInvoke(InvocableHandlerMethod.java:252) ~[spring-web-7.0.8.jar:7.0.8]
	at org.springframework.web.method.support.InvocableHandlerMethod.invokeForRequest(InvocableHandlerMethod.java:184) ~[spring-web-7.0.8.jar:7.0.8]
	at org.springframework.web.servlet.mvc.method.annotation.ServletInvocableHandlerMethod.invokeAndHandle(ServletInvocableHandlerMethod.java:117) ~[spring-webmvc-7.0.8.jar:7.0.8]
	at org.springframework.web.servlet.mvc.method.annotation.RequestMappingHandlerAdapter.invokeHandlerMethod(RequestMappingHandlerAdapter.java:934) ~[spring-webmvc-7.0.8.jar:7.0.8]
	at org.springframework.web.servlet.mvc.method.annotation.RequestMappingHandlerAdapter.handleInternal(RequestMappingHandlerAdapter.java:853) ~[spring-webmvc-7.0.8.jar:7.0.8]
	at org.springframework.web.servlet.mvc.method.AbstractHandlerMethodAdapter.handle(AbstractHandlerMethodAdapter.java:86) ~[spring-webmvc-7.0.8.jar:7.0.8]
	at org.springframework.web.servlet.DispatcherServlet.doDispatch(DispatcherServlet.java:963) ~[spring-webmvc-7.0.8.jar:7.0.8]
	at org.springframework.web.servlet.DispatcherServlet.doService(DispatcherServlet.java:866) ~[spring-webmvc-7.0.8.jar:7.0.8]
	at org.springframework.web.servlet.FrameworkServlet.processRequest(FrameworkServlet.java:1000) ~[spring-webmvc-7.0.8.jar:7.0.8]
	at org.springframework.web.servlet.FrameworkServlet.doGet(FrameworkServlet.java:892) ~[spring-webmvc-7.0.8.jar:7.0.8]
	at jakarta.servlet.http.HttpServlet.service(HttpServlet.java:622) ~[tomcat-embed-core-11.0.22.jar:6.1]
	at org.springframework.web.servlet.FrameworkServlet.service(FrameworkServlet.java:874) ~[spring-webmvc-7.0.8.jar:7.0.8]
	at jakarta.servlet.http.HttpServlet.service(HttpServlet.java:710) ~[tomcat-embed-core-11.0.22.jar:6.1]
	at org.apache.catalina.core.ApplicationFilterChain.doFilter(ApplicationFilterChain.java:128) ~[tomcat-embed-core-11.0.22.jar:11.0.22]
	at org.apache.tomcat.websocket.server.WsFilter.doFilter(WsFilter.java:53) ~[tomcat-embed-websocket-11.0.22.jar:11.0.22]
	at org.apache.catalina.core.ApplicationFilterChain.doFilter(ApplicationFilterChain.java:107) ~[tomcat-embed-core-11.0.22.jar:11.0.22]
	at org.springframework.web.servlet.resource.ResourceUrlEncodingFilter.doFilter(ResourceUrlEncodingFilter.java:66) ~[spring-webmvc-7.0.8.jar:7.0.8]
	at org.apache.catalina.core.ApplicationFilterChain.doFilter(ApplicationFilterChain.java:107) ~[tomcat-embed-core-11.0.22.jar:11.0.22]
	at org.springframework.web.filter.RequestContextFilter.doFilterInternal(RequestContextFilter.java:100) ~[spring-web-7.0.8.jar:7.0.8]
	at org.springframework.web.filter.OncePerRequestFilter.doFilter(OncePerRequestFilter.java:116) ~[spring-web-7.0.8.jar:7.0.8]
	at org.apache.catalina.core.ApplicationFilterChain.doFilter(ApplicationFilterChain.java:107) ~[tomcat-embed-core-11.0.22.jar:11.0.22]
	at org.springframework.web.filter.FormContentFilter.doFilterInternal(FormContentFilter.java:93) ~[spring-web-7.0.8.jar:7.0.8]
	at org.springframework.web.filter.OncePerRequestFilter.doFilter(OncePerRequestFilter.java:116) ~[spring-web-7.0.8.jar:7.0.8]
	at org.apache.catalina.core.ApplicationFilterChain.doFilter(ApplicationFilterChain.java:107) ~[tomcat-embed-core-11.0.22.jar:11.0.22]
	at org.springframework.web.filter.ServerHttpObservationFilter.doFilterInternal(ServerHttpObservationFilter.java:110) ~[spring-web-7.0.8.jar:7.0.8]
	at org.springframework.web.filter.OncePerRequestFilter.doFilter(OncePerRequestFilter.java:116) ~[spring-web-7.0.8.jar:7.0.8]
	at org.apache.catalina.core.ApplicationFilterChain.doFilter(ApplicationFilterChain.java:107) ~[tomcat-embed-core-11.0.22.jar:11.0.22]
	at org.springframework.web.filter.CharacterEncodingFilter.doFilterInternal(CharacterEncodingFilter.java:199) ~[spring-web-7.0.8.jar:7.0.8]
	at org.springframework.web.filter.OncePerRequestFilter.doFilter(OncePerRequestFilter.java:116) ~[spring-web-7.0.8.jar:7.0.8]
	at org.apache.catalina.core.ApplicationFilterChain.doFilter(ApplicationFilterChain.java:107) ~[tomcat-embed-core-11.0.22.jar:11.0.22]
	at org.apache.catalina.core.StandardWrapperValve.invoke(StandardWrapperValve.java:165) ~[tomcat-embed-core-11.0.22.jar:11.0.22]
	at org.apache.catalina.core.StandardContextValve.invoke(StandardContextValve.java:77) ~[tomcat-embed-core-11.0.22.jar:11.0.22]
	at org.apache.catalina.authenticator.AuthenticatorBase.invoke(AuthenticatorBase.java:492) ~[tomcat-embed-core-11.0.22.jar:11.0.22]
	at org.apache.catalina.core.StandardHostValve.invoke(StandardHostValve.java:113) ~[tomcat-embed-core-11.0.22.jar:11.0.22]
	at org.apache.catalina.valves.ErrorReportValve.invoke(ErrorReportValve.java:83) ~[tomcat-embed-core-11.0.22.jar:11.0.22]
	at org.apache.catalina.core.StandardEngineValve.invoke(StandardEngineValve.java:72) ~[tomcat-embed-core-11.0.22.jar:11.0.22]
	at org.apache.catalina.connector.CoyoteAdapter.service(CoyoteAdapter.java:341) ~[tomcat-embed-core-11.0.22.jar:11.0.22]
	at org.apache.coyote.http11.Http11Processor.service(Http11Processor.java:397) ~[tomcat-embed-core-11.0.22.jar:11.0.22]
	at org.apache.coyote.AbstractProcessorLight.process(AbstractProcessorLight.java:63) ~[tomcat-embed-core-11.0.22.jar:11.0.22]
	at org.apache.coyote.AbstractProtocol$ConnectionHandler.process(AbstractProtocol.java:1272) ~[tomcat-embed-core-11.0.22.jar:11.0.22]
	at org.apache.tomcat.util.net.NioEndpoint$SocketProcessor.doRun(NioEndpoint.java:1801) ~[tomcat-embed-core-11.0.22.jar:11.0.22]
	at org.apache.tomcat.util.net.SocketProcessorBase.run(SocketProcessorBase.java:52) ~[tomcat-embed-core-11.0.22.jar:11.0.22]
	at org.apache.tomcat.util.threads.ThreadPoolExecutor.runWorker(ThreadPoolExecutor.java:946) ~[tomcat-embed-core-11.0.22.jar:11.0.22]
	at org.apache.tomcat.util.threads.ThreadPoolExecutor$Worker.run(ThreadPoolExecutor.java:480) ~[tomcat-embed-core-11.0.22.jar:11.0.22]
	at org.apache.tomcat.util.threads.TaskThread$WrappingRunnable.run(TaskThread.java:57) ~[tomcat-embed-core-11.0.22.jar:11.0.22]
	at java.base/java.lang.Thread.run(Thread.java:840) ~[na:na]

2026-10-03T22:41:13.047Z ERROR 16338 --- [o-auto-2-exec-1] o.a.c.c.C.[.[.[/].[dispatcherServlet]    : Servlet.service() for servlet [dispatcherServlet] in context with path [] threw exception [Request processing failed: java.lang.RuntimeException: Expected: controller used to showcase what happens when an exception is thrown] with root cause

java.lang.RuntimeException: Expected: controller used to showcase what happens when an exception is thrown
	at org.springframework.samples.petclinic.system.CrashController.triggerException(CrashController.java:33) ~[classes/:na]
	at java.base/jdk.internal.reflect.NativeMethodAccessorImpl.invoke0(Native Method) ~[na:na]
	at java.base/jdk.internal.reflect.NativeMethodAccessorImpl.invoke(NativeMethodAccessorImpl.java:77) ~[na:na]
	at java.base/jdk.internal.reflect.DelegatingMethodAccessorImpl.invoke(DelegatingMethodAccessorImpl.java:43) ~[na:na]
	at java.base/java.lang.reflect.Method.invoke(Method.java:569) ~[na:na]
	at org.springframework.web.method.support.InvocableHandlerMethod.doInvoke(InvocableHandlerMethod.java:252) ~[spring-web-7.0.8.jar:7.0.8]
	at org.springframework.web.method.support.InvocableHandlerMethod.invokeForRequest(InvocableHandlerMethod.java:184) ~[spring-web-7.0.8.jar:7.0.8]
	at org.springframework.web.servlet.mvc.method.annotation.ServletInvocableHandlerMethod.invokeAndHandle(ServletInvocableHandlerMethod.java:117) ~[spring-webmvc-7.0.8.jar:7.0.8]
	at org.springframework.web.servlet.mvc.method.annotation.RequestMappingHandlerAdapter.invokeHandlerMethod(RequestMappingHandlerAdapter.java:934) ~[spring-webmvc-7.0.8.jar:7.0.8]
	at org.springframework.web.servlet.mvc.method.annotation.RequestMappingHandlerAdapter.handleInternal(RequestMappingHandlerAdapter.java:853) ~[spring-webmvc-7.0.8.jar:7.0.8]
	at org.springframework.web.servlet.mvc.method.AbstractHandlerMethodAdapter.handle(AbstractHandlerMethodAdapter.java:86) ~[spring-webmvc-7.0.8.jar:7.0.8]
	at org.springframework.web.servlet.DispatcherServlet.doDispatch(DispatcherServlet.java:963) ~[spring-webmvc-7.0.8.jar:7.0.8]
	at org.springframework.web.servlet.DispatcherServlet.doService(DispatcherServlet.java:866) ~[spring-webmvc-7.0.8.jar:7.0.8]
	at org.springframework.web.servlet.FrameworkServlet.processRequest(FrameworkServlet.java:1000) ~[spring-webmvc-7.0.8.jar:7.0.8]
	at org.springframework.web.servlet.FrameworkServlet.doGet(FrameworkServlet.java:892) ~[spring-webmvc-7.0.8.jar:7.0.8]
	at jakarta.servlet.http.HttpServlet.service(HttpServlet.java:622) ~[tomcat-embed-core-11.0.22.jar:6.1]
	at org.springframework.web.servlet.FrameworkServlet.service(FrameworkServlet.java:874) ~[spring-webmvc-7.0.8.jar:7.0.8]
	at jakarta.servlet.http.HttpServlet.service(HttpServlet.java:710) ~[tomcat-embed-core-11.0.22.jar:6.1]
	at org.apache.catalina.core.ApplicationFilterChain.doFilter(ApplicationFilterChain.java:128) ~[tomcat-embed-core-11.0.22.jar:11.0.22]
	at org.apache.tomcat.websocket.server.WsFilter.doFilter(WsFilter.java:53) ~[tomcat-embed-websocket-11.0.22.jar:11.0.22]
	at org.apache.catalina.core.ApplicationFilterChain.doFilter(ApplicationFilterChain.java:107) ~[tomcat-embed-core-11.0.22.jar:11.0.22]
	at org.springframework.web.servlet.resource.ResourceUrlEncodingFilter.doFilter(ResourceUrlEncodingFilter.java:66) ~[spring-webmvc-7.0.8.jar:7.0.8]
	at org.apache.catalina.core.ApplicationFilterChain.doFilter(ApplicationFilterChain.java:107) ~[tomcat-embed-core-11.0.22.jar:11.0.22]
	at org.springframework.web.filter.RequestContextFilter.doFilterInternal(RequestContextFilter.java:100) ~[spring-web-7.0.8.jar:7.0.8]
	at org.springframework.web.filter.OncePerRequestFilter.doFilter(OncePerRequestFilter.java:116) ~[spring-web-7.0.8.jar:7.0.8]
	at org.apache.catalina.core.ApplicationFilterChain.doFilter(ApplicationFilterChain.java:107) ~[tomcat-embed-core-11.0.22.jar:11.0.22]
	at org.springframework.web.filter.FormContentFilter.doFilterInternal(FormContentFilter.java:93) ~[spring-web-7.0.8.jar:7.0.8]
	at org.springframework.web.filter.OncePerRequestFilter.doFilter(OncePerRequestFilter.java:116) ~[spring-web-7.0.8.jar:7.0.8]
	at org.apache.catalina.core.ApplicationFilterChain.doFilter(ApplicationFilterChain.java:107) ~[tomcat-embed-core-11.0.22.jar:11.0.22]
	at org.springframework.web.filter.ServerHttpObservationFilter.doFilterInternal(ServerHttpObservationFilter.java:110) ~[spring-web-7.0.8.jar:7.0.8]
	at org.springframework.web.filter.OncePerRequestFilter.doFilter(OncePerRequestFilter.java:116) ~[spring-web-7.0.8.jar:7.0.8]
	at org.apache.catalina.core.ApplicationFilterChain.doFilter(ApplicationFilterChain.java:107) ~[tomcat-embed-core-11.0.22.jar:11.0.22]
	at org.springframework.web.filter.CharacterEncodingFilter.doFilterInternal(CharacterEncodingFilter.java:199) ~[spring-web-7.0.8.jar:7.0.8]
	at org.springframework.web.filter.OncePerRequestFilter.doFilter(OncePerRequestFilter.java:116) ~[spring-web-7.0.8.jar:7.0.8]
	at org.apache.catalina.core.ApplicationFilterChain.doFilter(ApplicationFilterChain.java:107) ~[tomcat-embed-core-11.0.22.jar:11.0.22]
	at org.apache.catalina.core.StandardWrapperValve.invoke(StandardWrapperValve.java:165) ~[tomcat-embed-core-11.0.22.jar:11.0.22]
	at org.apache.catalina.core.StandardContextValve.invoke(StandardContextValve.java:77) ~[tomcat-embed-core-11.0.22.jar:11.0.22]
	at org.apache.catalina.authenticator.AuthenticatorBase.invoke(AuthenticatorBase.java:492) ~[tomcat-embed-core-11.0.22.jar:11.0.22]
	at org.apache.catalina.core.StandardHostValve.invoke(StandardHostValve.java:113) ~[tomcat-embed-core-11.0.22.jar:11.0.22]
	at org.apache.catalina.valves.ErrorReportValve.invoke(ErrorReportValve.java:83) ~[tomcat-embed-core-11.0.22.jar:11.0.22]
	at org.apache.catalina.core.StandardEngineValve.invoke(StandardEngineValve.java:72) ~[tomcat-embed-core-11.0.22.jar:11.0.22]
	at org.apache.catalina.connector.CoyoteAdapter.service(CoyoteAdapter.java:341) ~[tomcat-embed-core-11.0.22.jar:11.0.22]
	at org.apache.coyote.http11.Http11Processor.service(Http11Processor.java:397) ~[tomcat-embed-core-11.0.22.jar:11.0.22]
	at org.apache.coyote.AbstractProcessorLight.process(AbstractProcessorLight.java:63) ~[tomcat-embed-core-11.0.22.jar:11.0.22]
	at org.apache.coyote.AbstractProtocol$ConnectionHandler.process(AbstractProtocol.java:1272) ~[tomcat-embed-core-11.0.22.jar:11.0.22]
	at org.apache.tomcat.util.net.NioEndpoint$SocketProcessor.doRun(NioEndpoint.java:1801) ~[tomcat-embed-core-11.0.22.jar:11.0.22]
	at org.apache.tomcat.util.net.SocketProcessorBase.run(SocketProcessorBase.java:52) ~[tomcat-embed-core-11.0.22.jar:11.0.22]
	at org.apache.tomcat.util.threads.ThreadPoolExecutor.runWorker(ThreadPoolExecutor.java:946) ~[tomcat-embed-core-11.0.22.jar:11.0.22]
	at org.apache.tomcat.util.threads.ThreadPoolExecutor$Worker.run(ThreadPoolExecutor.java:480) ~[tomcat-embed-core-11.0.22.jar:11.0.22]
	at org.apache.tomcat.util.threads.TaskThread$WrappingRunnable.run(TaskThread.java:57) ~[tomcat-embed-core-11.0.22.jar:11.0.22]
	at java.base/java.lang.Thread.run(Thread.java:840) ~[na:na]

[INFO] Tests run: 2, Failures: 0, Errors: 0, Skipped: 0, Time elapsed: 1.489 s -- in org.springframework.samples.petclinic.system.CrashControllerIntegrationTests
[INFO] Running org.springframework.samples.petclinic.system.CrashControllerTests
[INFO] Tests run: 1, Failures: 0, Errors: 0, Skipped: 0, Time elapsed: 0.011 s -- in org.springframework.samples.petclinic.system.CrashControllerTests
[INFO] Running org.springframework.samples.petclinic.system.WelcomeControllerTests
2026-10-03T22:41:13.123Z  INFO 16338 --- [           main] t.c.s.AnnotationConfigContextLoaderUtils : Could not detect default configuration classes for test class [org.springframework.samples.petclinic.system.WelcomeControllerTests]: WelcomeControllerTests does not declare any static, non-private, non-final, nested classes annotated with @Configuration.
2026-10-03T22:41:13.148Z  INFO 16338 --- [           main] .b.t.c.SpringBootTestContextBootstrapper : Found @SpringBootConfiguration org.springframework.samples.petclinic.system.CrashControllerIntegrationTests$TestConfiguration for test class org.springframework.samples.petclinic.system.WelcomeControllerTests
2026-10-03T22:41:13.151Z  INFO 16338 --- [           main] t.c.s.AnnotationConfigContextLoaderUtils : Could not detect default configuration classes for test class [org.springframework.samples.petclinic.system.WelcomeControllerTests]: WelcomeControllerTests does not declare any static, non-private, non-final, nested classes annotated with @Configuration.
2026-10-03T22:41:13.159Z  INFO 16338 --- [           main] .b.t.c.SpringBootTestContextBootstrapper : Found @SpringBootConfiguration org.springframework.samples.petclinic.system.CrashControllerIntegrationTests$TestConfiguration for test class org.springframework.samples.petclinic.system.WelcomeControllerTests
2026-10-03T22:41:13.166Z  INFO 16338 --- [           main] o.s.b.d.r.RestartApplicationListener     : Restart disabled due to context in which it is running


              |\      _,,,--,,_
             /,`.-'`'   ._  \-;;,_
  _______ __|,4-  ) )_   .;.(__`'-'__     ___ __    _ ___ _______
 |       | '---''(_/._)-'(_\_)   |   |   |   |  |  | |   |       |
 |    _  |    ___|_     _|       |   |   |   |   |_| |   |       | __ _ _
 |   |_| |   |___  |   | |       |   |   |   |       |   |       | \ \ \ \
 |    ___|    ___| |   | |      _|   |___|   |  _    |   |      _|  \ \ \ \
 |   |   |   |___  |   | |     |_|       |   | | |   |   |     |_    ) ) ) )
 |___|   |_______| |___| |_______|_______|___|_|  |__|___|_______|  / / / /
 ==================================================================/_/_/_/

:: Built with Spring Boot :: 4.1.0


2026-10-03T22:41:13.207Z  INFO 16338 --- [           main] o.s.s.p.system.WelcomeControllerTests    : Starting WelcomeControllerTests using Java 17.0.20.1 with PID 16338 (started by codespace in /workspaces/maven-slimming-experiment/work/petclinic)
2026-10-03T22:41:13.208Z  INFO 16338 --- [           main] o.s.s.p.system.WelcomeControllerTests    : No active profile set, falling back to 1 default profile: "default"
2026-10-03T22:41:13.462Z  INFO 16338 --- [           main] o.s.b.t.m.w.SpringBootMockServletContext : Initializing Spring TestDispatcherServlet ''
2026-10-03T22:41:13.463Z  INFO 16338 --- [           main] o.s.t.web.servlet.TestDispatcherServlet  : Initializing Servlet ''
2026-10-03T22:41:13.465Z  INFO 16338 --- [           main] o.s.t.web.servlet.TestDispatcherServlet  : Completed initialization in 1 ms
2026-10-03T22:41:13.476Z  INFO 16338 --- [           main] o.s.s.p.system.WelcomeControllerTests    : Started WelcomeControllerTests in 0.31 seconds (process running for 23.532)
[INFO] Tests run: 1, Failures: 0, Errors: 0, Skipped: 0, Time elapsed: 0.450 s -- in org.springframework.samples.petclinic.system.WelcomeControllerTests
[INFO] Running org.springframework.samples.petclinic.PostgresIntegrationTests
2026-10-03T22:41:13.580Z  INFO 16338 --- [           main] t.c.s.AnnotationConfigContextLoaderUtils : Could not detect default configuration classes for test class [org.springframework.samples.petclinic.PostgresIntegrationTests]: PostgresIntegrationTests does not declare any static, non-private, non-final, nested classes annotated with @Configuration.
2026-10-03T22:41:13.585Z  INFO 16338 --- [           main] .b.t.c.SpringBootTestContextBootstrapper : Found @SpringBootConfiguration org.springframework.samples.petclinic.PetClinicApplication for test class org.springframework.samples.petclinic.PostgresIntegrationTests
2026-10-03T22:41:13.586Z  INFO 16338 --- [           main] t.c.s.AnnotationConfigContextLoaderUtils : Could not detect default configuration classes for test class [org.springframework.samples.petclinic.PostgresIntegrationTests]: PostgresIntegrationTests does not declare any static, non-private, non-final, nested classes annotated with @Configuration.
2026-10-03T22:41:13.593Z  INFO 16338 --- [           main] .b.t.c.SpringBootTestContextBootstrapper : Found @SpringBootConfiguration org.springframework.samples.petclinic.PetClinicApplication for test class org.springframework.samples.petclinic.PostgresIntegrationTests
2026-10-03T22:41:13.617Z  INFO 16338 --- [           main] org.testcontainers.DockerClientFactory   : Testcontainers version: 2.0.5
2026-10-03T22:41:15.129Z  INFO 16338 --- [           main] o.t.d.DockerClientProviderStrategy       : Found Docker environment with local Unix socket (unix:///var/run/docker.sock)
2026-10-03T22:41:15.181Z  INFO 16338 --- [           main] org.testcontainers.DockerClientFactory   : Docker host IP address is 172.17.0.1
2026-10-03T22:41:15.211Z  INFO 16338 --- [           main] org.testcontainers.DockerClientFactory   : Connected to docker: 
  Server Version: 29.8.0-1
  API Version: 1.56
  Operating System: Ubuntu 24.04.5 LTS (containerized)
  Total Memory: 15993 MB
2026-10-03T22:41:15.233Z  INFO 16338 --- [           main] org.testcontainers.images.PullPolicy     : Image pull policy will be performed by: DefaultPullPolicy()
2026-10-03T22:41:15.237Z  INFO 16338 --- [           main] o.t.utility.ImageNameSubstitutor         : Image name substitution will be performed by: DefaultImageNameSubstitutor (composite of 'ConfigurationFileImageNameSubstitutor' and 'PrefixingImageNameSubstitutor')
2026-10-03T22:41:15.351Z  INFO 16338 --- [           main] tc.testcontainers/ryuk:0.14.0            : Pulling docker image: testcontainers/ryuk:0.14.0. Please be patient; this may take some time but only needs to be done once.
2026-10-03T22:41:15.975Z  INFO 16338 --- [eam--1298661866] tc.testcontainers/ryuk:0.14.0            : Starting to pull image
2026-10-03T22:41:16.008Z  INFO 16338 --- [eam--1298661866] tc.testcontainers/ryuk:0.14.0            : Pulling image layers:  0 pending,  0 downloaded,  0 extracted, (0 bytes/0 bytes)
2026-10-03T22:41:16.329Z  INFO 16338 --- [eam--1298661866] tc.testcontainers/ryuk:0.14.0            : Pulling image layers:  1 pending,  1 downloaded,  0 extracted, (0 bytes/? MB)
2026-10-03T22:41:16.379Z  INFO 16338 --- [eam--1298661866] tc.testcontainers/ryuk:0.14.0            : Pulling image layers:  0 pending,  2 downloaded,  0 extracted, (0 bytes/0 bytes)
2026-10-03T22:41:16.380Z  INFO 16338 --- [eam--1298661866] tc.testcontainers/ryuk:0.14.0            : Pulling image layers:  0 pending,  2 downloaded,  1 extracted, (0 bytes/0 bytes)
2026-10-03T22:41:16.382Z  INFO 16338 --- [eam--1298661866] tc.testcontainers/ryuk:0.14.0            : Pulling image layers:  0 pending,  2 downloaded,  2 extracted, (0 bytes/0 bytes)
2026-10-03T22:41:16.386Z  INFO 16338 --- [           main] tc.testcontainers/ryuk:0.14.0            : Image testcontainers/ryuk:0.14.0 pull took PT1.03475802S
2026-10-03T22:41:16.452Z  INFO 16338 --- [           main] tc.testcontainers/ryuk:0.14.0            : Creating container for image: testcontainers/ryuk:0.14.0
2026-10-03T22:41:16.700Z  INFO 16338 --- [           main] tc.testcontainers/ryuk:0.14.0            : Container testcontainers/ryuk:0.14.0 is starting: ace258e8cc416902c04baef579919f9e204c93cd49d7527a0c4784d96976dcd9
2026-10-03T22:41:17.129Z  INFO 16338 --- [           main] tc.testcontainers/ryuk:0.14.0            : Container testcontainers/ryuk:0.14.0 started in PT0.676454222S
2026-10-03T22:41:17.132Z  INFO 16338 --- [           main] o.t.utility.RyukResourceReaper           : Ryuk started - will monitor and terminate Testcontainers containers on JVM exit
2026-10-03T22:41:17.133Z  INFO 16338 --- [           main] org.testcontainers.DockerClientFactory   : Checking the system...
2026-10-03T22:41:17.133Z  INFO 16338 --- [           main] org.testcontainers.DockerClientFactory   : ✔︎ Docker server version should be at least 1.6.0
2026-10-03T22:41:17.141Z  INFO 16338 --- [           main] o.s.b.d.r.RestartApplicationListener     : Restart disabled due to context in which it is running


              |\      _,,,--,,_
             /,`.-'`'   ._  \-;;,_
  _______ __|,4-  ) )_   .;.(__`'-'__     ___ __    _ ___ _______
 |       | '---''(_/._)-'(_\_)   |   |   |   |  |  | |   |       |
 |    _  |    ___|_     _|       |   |   |   |   |_| |   |       | __ _ _
 |   |_| |   |___  |   | |       |   |   |   |       |   |       | \ \ \ \
 |    ___|    ___| |   | |      _|   |___|   |  _    |   |      _|  \ \ \ \
 |   |   |   |___  |   | |     |_|       |   | | |   |   |     |_    ) ) ) )
 |___|   |_______| |___| |_______|_______|___|_|  |__|___|_______|  / / / /
 ==================================================================/_/_/_/

:: Built with Spring Boot :: 4.1.0


2026-10-03T22:41:17.176Z  INFO 16338 --- [           main] o.s.s.p.PostgresIntegrationTests         : Starting PostgresIntegrationTests using Java 17.0.20.1 with PID 16338 (started by codespace in /workspaces/maven-slimming-experiment/work/petclinic)
2026-10-03T22:41:17.176Z  INFO 16338 --- [           main] o.s.s.p.PostgresIntegrationTests         : The following 1 profile is active: "postgres"
2026-10-03T22:41:17.184Z  INFO 16338 --- [           main] .s.b.d.c.l.DockerComposeLifecycleManager : Using Docker Compose file /workspaces/maven-slimming-experiment/work/petclinic/docker-compose.yml
2026-10-03T22:41:17.836Z  INFO 16338 --- [utReader-stderr] o.s.boot.docker.compose.core.DockerCli   :  Image postgres:18.4 Pulling 
2026-10-03T22:41:18.603Z  INFO 16338 --- [utReader-stderr] o.s.boot.docker.compose.core.DockerCli   :  f90dd111f2e5 Pulling fs layer 0B
2026-10-03T22:41:18.603Z  INFO 16338 --- [utReader-stderr] o.s.boot.docker.compose.core.DockerCli   :  d1052e262c2e Pulling fs layer 0B
2026-10-03T22:41:18.603Z  INFO 16338 --- [utReader-stderr] o.s.boot.docker.compose.core.DockerCli   :  39762d0b4bb2 Pulling fs layer 0B
2026-10-03T22:41:18.604Z  INFO 16338 --- [utReader-stderr] o.s.boot.docker.compose.core.DockerCli   :  8241f4a14319 Pulling fs layer 0B
2026-10-03T22:41:18.604Z  INFO 16338 --- [utReader-stderr] o.s.boot.docker.compose.core.DockerCli   :  a4dcdc0137d7 Pulling fs layer 0B
2026-10-03T22:41:18.604Z  INFO 16338 --- [utReader-stderr] o.s.boot.docker.compose.core.DockerCli   :  4e6c52c74256 Pulling fs layer 0B
2026-10-03T22:41:18.604Z  INFO 16338 --- [utReader-stderr] o.s.boot.docker.compose.core.DockerCli   :  f7d54729e84b Pulling fs layer 0B
2026-10-03T22:41:18.604Z  INFO 16338 --- [utReader-stderr] o.s.boot.docker.compose.core.DockerCli   :  26c307b5e35a Pulling fs layer 0B
2026-10-03T22:41:18.604Z  INFO 16338 --- [utReader-stderr] o.s.boot.docker.compose.core.DockerCli   :  f51baa0c6c0d Pulling fs layer 0B
2026-10-03T22:41:18.604Z  INFO 16338 --- [utReader-stderr] o.s.boot.docker.compose.core.DockerCli   :  130549402290 Pulling fs layer 0B
2026-10-03T22:41:18.605Z  INFO 16338 --- [utReader-stderr] o.s.boot.docker.compose.core.DockerCli   :  88bb22edda9b Pulling fs layer 0B
2026-10-03T22:41:18.605Z  INFO 16338 --- [utReader-stderr] o.s.boot.docker.compose.core.DockerCli   :  5db2b7edf527 Pulling fs layer 0B
2026-10-03T22:41:18.605Z  INFO 16338 --- [utReader-stderr] o.s.boot.docker.compose.core.DockerCli   :  38639b9be6a6 Pulling fs layer 0B
2026-10-03T22:41:18.743Z  INFO 16338 --- [utReader-stderr] o.s.boot.docker.compose.core.DockerCli   :  f90dd111f2e5 Download complete 0B
2026-10-03T22:41:18.842Z  INFO 16338 --- [utReader-stderr] o.s.boot.docker.compose.core.DockerCli   :  39762d0b4bb2 Download complete 0B
2026-10-03T22:41:18.842Z  INFO 16338 --- [utReader-stderr] o.s.boot.docker.compose.core.DockerCli   :  f7d54729e84b Download complete 0B
2026-10-03T22:41:18.843Z  INFO 16338 --- [utReader-stderr] o.s.boot.docker.compose.core.DockerCli   :  38639b9be6a6 Download complete 0B
2026-10-03T22:41:18.843Z  INFO 16338 --- [utReader-stderr] o.s.boot.docker.compose.core.DockerCli   :  d1052e262c2e Download complete 0B
2026-10-03T22:41:18.846Z  INFO 16338 --- [utReader-stderr] o.s.boot.docker.compose.core.DockerCli   :  8241f4a14319 Download complete 0B
2026-10-03T22:41:18.944Z  INFO 16338 --- [utReader-stderr] o.s.boot.docker.compose.core.DockerCli   :  130549402290 Downloading 6.291MB
2026-10-03T22:41:18.948Z  INFO 16338 --- [utReader-stderr] o.s.boot.docker.compose.core.DockerCli   :  4e6c52c74256 Downloading 9.437MB
2026-10-03T22:41:18.950Z  INFO 16338 --- [utReader-stderr] o.s.boot.docker.compose.core.DockerCli   :  26c307b5e35a Downloading 7.34MB
2026-10-03T22:41:19.051Z  INFO 16338 --- [utReader-stderr] o.s.boot.docker.compose.core.DockerCli   :  4e6c52c74256 Downloading 17.83MB
2026-10-03T22:41:19.052Z  INFO 16338 --- [utReader-stderr] o.s.boot.docker.compose.core.DockerCli   :  26c307b5e35a Downloading 19.92MB
2026-10-03T22:41:19.052Z  INFO 16338 --- [utReader-stderr] o.s.boot.docker.compose.core.DockerCli   :  f51baa0c6c0d Downloading 19.32kB
2026-10-03T22:41:19.144Z  INFO 16338 --- [utReader-stderr] o.s.boot.docker.compose.core.DockerCli   :  130549402290 Download complete 0B
2026-10-03T22:41:19.145Z  INFO 16338 --- [utReader-stderr] o.s.boot.docker.compose.core.DockerCli   :  4e6c52c74256 Downloading 33.55MB
2026-10-03T22:41:19.145Z  INFO 16338 --- [utReader-stderr] o.s.boot.docker.compose.core.DockerCli   :  26c307b5e35a Downloading 29.78MB
2026-10-03T22:41:19.147Z  INFO 16338 --- [utReader-stderr] o.s.boot.docker.compose.core.DockerCli   :  f51baa0c6c0d Download complete 0B
2026-10-03T22:41:19.147Z  INFO 16338 --- [utReader-stderr] o.s.boot.docker.compose.core.DockerCli   :  88bb22edda9b Download complete 0B
2026-10-03T22:41:19.148Z  INFO 16338 --- [utReader-stderr] o.s.boot.docker.compose.core.DockerCli   :  5db2b7edf527 Downloading 1.17kB
2026-10-03T22:41:19.244Z  INFO 16338 --- [utReader-stderr] o.s.boot.docker.compose.core.DockerCli   :  a4dcdc0137d7 Downloading 7.791MB
2026-10-03T22:41:19.245Z  INFO 16338 --- [utReader-stderr] o.s.boot.docker.compose.core.DockerCli   :  5db2b7edf527 Downloading 1.17kB
2026-10-03T22:41:19.245Z  INFO 16338 --- [utReader-stderr] o.s.boot.docker.compose.core.DockerCli   :  4e6c52c74256 Downloading 48.23MB
2026-10-03T22:41:19.245Z  INFO 16338 --- [utReader-stderr] o.s.boot.docker.compose.core.DockerCli   :  26c307b5e35a Downloading 29.78MB
2026-10-03T22:41:19.342Z  INFO 16338 --- [utReader-stderr] o.s.boot.docker.compose.core.DockerCli   :  5db2b7edf527 Downloading 1.17kB
2026-10-03T22:41:19.342Z  INFO 16338 --- [utReader-stderr] o.s.boot.docker.compose.core.DockerCli   :  4e6c52c74256 Downloading 67.11MB
2026-10-03T22:41:19.342Z  INFO 16338 --- [utReader-stderr] o.s.boot.docker.compose.core.DockerCli   :  26c307b5e35a Downloading 29.78MB
2026-10-03T22:41:19.342Z  INFO 16338 --- [utReader-stderr] o.s.boot.docker.compose.core.DockerCli   :  a4dcdc0137d7 Downloading 8.204MB
2026-10-03T22:41:19.441Z  INFO 16338 --- [utReader-stderr] o.s.boot.docker.compose.core.DockerCli   :  a4dcdc0137d7 Downloading 8.204MB
2026-10-03T22:41:19.441Z  INFO 16338 --- [utReader-stderr] o.s.boot.docker.compose.core.DockerCli   :  5db2b7edf527 Downloading 1.17kB
2026-10-03T22:41:19.441Z  INFO 16338 --- [utReader-stderr] o.s.boot.docker.compose.core.DockerCli   :  4e6c52c74256 Downloading 82.84MB
2026-10-03T22:41:19.441Z  INFO 16338 --- [utReader-stderr] o.s.boot.docker.compose.core.DockerCli   :  26c307b5e35a Downloading 29.78MB
2026-10-03T22:41:19.545Z  INFO 16338 --- [utReader-stderr] o.s.boot.docker.compose.core.DockerCli   :  a4dcdc0137d7 Downloading 8.204MB
2026-10-03T22:41:19.545Z  INFO 16338 --- [utReader-stderr] o.s.boot.docker.compose.core.DockerCli   :  5db2b7edf527 Downloading 1.17kB
2026-10-03T22:41:19.546Z  INFO 16338 --- [utReader-stderr] o.s.boot.docker.compose.core.DockerCli   :  4e6c52c74256 Downloading 102.8MB
2026-10-03T22:41:19.547Z  INFO 16338 --- [utReader-stderr] o.s.boot.docker.compose.core.DockerCli   :  26c307b5e35a Downloading 29.78MB
2026-10-03T22:41:19.642Z  INFO 16338 --- [utReader-stderr] o.s.boot.docker.compose.core.DockerCli   :  a4dcdc0137d7 Downloading 8.204MB
2026-10-03T22:41:19.642Z  INFO 16338 --- [utReader-stderr] o.s.boot.docker.compose.core.DockerCli   :  5db2b7edf527 Downloading 1.17kB
2026-10-03T22:41:19.642Z  INFO 16338 --- [utReader-stderr] o.s.boot.docker.compose.core.DockerCli   :  4e6c52c74256 Downloading 115.3MB
2026-10-03T22:41:19.642Z  INFO 16338 --- [utReader-stderr] o.s.boot.docker.compose.core.DockerCli   :  26c307b5e35a Downloading 29.78MB
2026-10-03T22:41:19.742Z  INFO 16338 --- [utReader-stderr] o.s.boot.docker.compose.core.DockerCli   :  4e6c52c74256 Downloading 115.3MB
2026-10-03T22:41:19.742Z  INFO 16338 --- [utReader-stderr] o.s.boot.docker.compose.core.DockerCli   :  26c307b5e35a Downloading 29.78MB
2026-10-03T22:41:19.742Z  INFO 16338 --- [utReader-stderr] o.s.boot.docker.compose.core.DockerCli   :  a4dcdc0137d7 Downloading 8.204MB
2026-10-03T22:41:19.742Z  INFO 16338 --- [utReader-stderr] o.s.boot.docker.compose.core.DockerCli   :  5db2b7edf527 Downloading 1.17kB
2026-10-03T22:41:19.842Z  INFO 16338 --- [utReader-stderr] o.s.boot.docker.compose.core.DockerCli   :  26c307b5e35a Downloading 29.78MB
2026-10-03T22:41:19.842Z  INFO 16338 --- [utReader-stderr] o.s.boot.docker.compose.core.DockerCli   :  a4dcdc0137d7 Downloading 8.204MB
2026-10-03T22:41:19.842Z  INFO 16338 --- [utReader-stderr] o.s.boot.docker.compose.core.DockerCli   :  5db2b7edf527 Downloading 1.17kB
2026-10-03T22:41:19.842Z  INFO 16338 --- [utReader-stderr] o.s.boot.docker.compose.core.DockerCli   :  4e6c52c74256 Downloading 115.3MB
2026-10-03T22:41:19.942Z  INFO 16338 --- [utReader-stderr] o.s.boot.docker.compose.core.DockerCli   :  26c307b5e35a Downloading 29.78MB
2026-10-03T22:41:19.942Z  INFO 16338 --- [utReader-stderr] o.s.boot.docker.compose.core.DockerCli   :  a4dcdc0137d7 Downloading 8.204MB
2026-10-03T22:41:19.942Z  INFO 16338 --- [utReader-stderr] o.s.boot.docker.compose.core.DockerCli   :  5db2b7edf527 Downloading 1.17kB
2026-10-03T22:41:19.942Z  INFO 16338 --- [utReader-stderr] o.s.boot.docker.compose.core.DockerCli   :  4e6c52c74256 Downloading 115.3MB
2026-10-03T22:41:20.042Z  INFO 16338 --- [utReader-stderr] o.s.boot.docker.compose.core.DockerCli   :  4e6c52c74256 Downloading 115.3MB
2026-10-03T22:41:20.042Z  INFO 16338 --- [utReader-stderr] o.s.boot.docker.compose.core.DockerCli   :  26c307b5e35a Downloading 29.78MB
2026-10-03T22:41:20.042Z  INFO 16338 --- [utReader-stderr] o.s.boot.docker.compose.core.DockerCli   :  a4dcdc0137d7 Downloading 8.204MB
2026-10-03T22:41:20.042Z  INFO 16338 --- [utReader-stderr] o.s.boot.docker.compose.core.DockerCli   :  5db2b7edf527 Downloading 1.17kB
2026-10-03T22:41:20.143Z  INFO 16338 --- [utReader-stderr] o.s.boot.docker.compose.core.DockerCli   :  a4dcdc0137d7 Downloading 8.204MB
2026-10-03T22:41:20.144Z  INFO 16338 --- [utReader-stderr] o.s.boot.docker.compose.core.DockerCli   :  5db2b7edf527 Downloading 1.17kB
2026-10-03T22:41:20.144Z  INFO 16338 --- [utReader-stderr] o.s.boot.docker.compose.core.DockerCli   :  4e6c52c74256 Downloading 115.3MB
2026-10-03T22:41:20.144Z  INFO 16338 --- [utReader-stderr] o.s.boot.docker.compose.core.DockerCli   :  26c307b5e35a Downloading 29.78MB
2026-10-03T22:41:20.242Z  INFO 16338 --- [utReader-stderr] o.s.boot.docker.compose.core.DockerCli   :  a4dcdc0137d7 Downloading 8.204MB
2026-10-03T22:41:20.242Z  INFO 16338 --- [utReader-stderr] o.s.boot.docker.compose.core.DockerCli   :  5db2b7edf527 Downloading 1.17kB
2026-10-03T22:41:20.242Z  INFO 16338 --- [utReader-stderr] o.s.boot.docker.compose.core.DockerCli   :  4e6c52c74256 Downloading 115.3MB
2026-10-03T22:41:20.242Z  INFO 16338 --- [utReader-stderr] o.s.boot.docker.compose.core.DockerCli   :  26c307b5e35a Downloading 29.78MB
2026-10-03T22:41:20.342Z  INFO 16338 --- [utReader-stderr] o.s.boot.docker.compose.core.DockerCli   :  4e6c52c74256 Downloading 115.3MB
2026-10-03T22:41:20.342Z  INFO 16338 --- [utReader-stderr] o.s.boot.docker.compose.core.DockerCli   :  26c307b5e35a Downloading 29.78MB
2026-10-03T22:41:20.343Z  INFO 16338 --- [utReader-stderr] o.s.boot.docker.compose.core.DockerCli   :  a4dcdc0137d7 Downloading 8.204MB
2026-10-03T22:41:20.343Z  INFO 16338 --- [utReader-stderr] o.s.boot.docker.compose.core.DockerCli   :  5db2b7edf527 Downloading 1.17kB
2026-10-03T22:41:20.441Z  INFO 16338 --- [utReader-stderr] o.s.boot.docker.compose.core.DockerCli   :  a4dcdc0137d7 Downloading 8.204MB
2026-10-03T22:41:20.441Z  INFO 16338 --- [utReader-stderr] o.s.boot.docker.compose.core.DockerCli   :  5db2b7edf527 Downloading 1.17kB
2026-10-03T22:41:20.442Z  INFO 16338 --- [utReader-stderr] o.s.boot.docker.compose.core.DockerCli   :  4e6c52c74256 Downloading 115.3MB
2026-10-03T22:41:20.442Z  INFO 16338 --- [utReader-stderr] o.s.boot.docker.compose.core.DockerCli   :  26c307b5e35a Downloading 29.78MB
2026-10-03T22:41:20.542Z  INFO 16338 --- [utReader-stderr] o.s.boot.docker.compose.core.DockerCli   :  a4dcdc0137d7 Downloading 8.204MB
2026-10-03T22:41:20.542Z  INFO 16338 --- [utReader-stderr] o.s.boot.docker.compose.core.DockerCli   :  5db2b7edf527 Downloading 1.17kB
2026-10-03T22:41:20.542Z  INFO 16338 --- [utReader-stderr] o.s.boot.docker.compose.core.DockerCli   :  4e6c52c74256 Downloading 115.3MB
2026-10-03T22:41:20.542Z  INFO 16338 --- [utReader-stderr] o.s.boot.docker.compose.core.DockerCli   :  26c307b5e35a Downloading 29.78MB
2026-10-03T22:41:20.642Z  INFO 16338 --- [utReader-stderr] o.s.boot.docker.compose.core.DockerCli   :  4e6c52c74256 Downloading 115.3MB
2026-10-03T22:41:20.642Z  INFO 16338 --- [utReader-stderr] o.s.boot.docker.compose.core.DockerCli   :  26c307b5e35a Downloading 29.78MB
2026-10-03T22:41:20.643Z  INFO 16338 --- [utReader-stderr] o.s.boot.docker.compose.core.DockerCli   :  a4dcdc0137d7 Downloading 8.204MB
2026-10-03T22:41:20.643Z  INFO 16338 --- [utReader-stderr] o.s.boot.docker.compose.core.DockerCli   :  5db2b7edf527 Downloading 1.17kB
2026-10-03T22:41:20.741Z  INFO 16338 --- [utReader-stderr] o.s.boot.docker.compose.core.DockerCli   :  a4dcdc0137d7 Downloading 8.204MB
2026-10-03T22:41:20.741Z  INFO 16338 --- [utReader-stderr] o.s.boot.docker.compose.core.DockerCli   :  5db2b7edf527 Downloading 1.17kB
2026-10-03T22:41:20.742Z  INFO 16338 --- [utReader-stderr] o.s.boot.docker.compose.core.DockerCli   :  4e6c52c74256 Downloading 115.3MB
2026-10-03T22:41:20.742Z  INFO 16338 --- [utReader-stderr] o.s.boot.docker.compose.core.DockerCli   :  26c307b5e35a Downloading 29.78MB
2026-10-03T22:41:20.841Z  INFO 16338 --- [utReader-stderr] o.s.boot.docker.compose.core.DockerCli   :  4e6c52c74256 Downloading 115.3MB
2026-10-03T22:41:20.842Z  INFO 16338 --- [utReader-stderr] o.s.boot.docker.compose.core.DockerCli   :  26c307b5e35a Downloading 29.78MB
2026-10-03T22:41:20.842Z  INFO 16338 --- [utReader-stderr] o.s.boot.docker.compose.core.DockerCli   :  a4dcdc0137d7 Downloading 8.204MB
2026-10-03T22:41:20.842Z  INFO 16338 --- [utReader-stderr] o.s.boot.docker.compose.core.DockerCli   :  5db2b7edf527 Downloading 1.17kB
2026-10-03T22:41:20.941Z  INFO 16338 --- [utReader-stderr] o.s.boot.docker.compose.core.DockerCli   :  5db2b7edf527 Downloading 1.17kB
2026-10-03T22:41:20.942Z  INFO 16338 --- [utReader-stderr] o.s.boot.docker.compose.core.DockerCli   :  4e6c52c74256 Downloading 115.3MB
2026-10-03T22:41:20.942Z  INFO 16338 --- [utReader-stderr] o.s.boot.docker.compose.core.DockerCli   :  26c307b5e35a Downloading 29.78MB
2026-10-03T22:41:20.942Z  INFO 16338 --- [utReader-stderr] o.s.boot.docker.compose.core.DockerCli   :  a4dcdc0137d7 Downloading 8.204MB
2026-10-03T22:41:21.041Z  INFO 16338 --- [utReader-stderr] o.s.boot.docker.compose.core.DockerCli   :  4e6c52c74256 Downloading 115.3MB
2026-10-03T22:41:21.042Z  INFO 16338 --- [utReader-stderr] o.s.boot.docker.compose.core.DockerCli   :  26c307b5e35a Downloading 29.78MB
2026-10-03T22:41:21.042Z  INFO 16338 --- [utReader-stderr] o.s.boot.docker.compose.core.DockerCli   :  a4dcdc0137d7 Downloading 8.204MB
2026-10-03T22:41:21.042Z  INFO 16338 --- [utReader-stderr] o.s.boot.docker.compose.core.DockerCli   :  5db2b7edf527 Downloading 1.17kB
2026-10-03T22:41:21.142Z  INFO 16338 --- [utReader-stderr] o.s.boot.docker.compose.core.DockerCli   :  4e6c52c74256 Downloading 115.3MB
2026-10-03T22:41:21.142Z  INFO 16338 --- [utReader-stderr] o.s.boot.docker.compose.core.DockerCli   :  26c307b5e35a Downloading 29.78MB
2026-10-03T22:41:21.142Z  INFO 16338 --- [utReader-stderr] o.s.boot.docker.compose.core.DockerCli   :  a4dcdc0137d7 Downloading 8.204MB
2026-10-03T22:41:21.142Z  INFO 16338 --- [utReader-stderr] o.s.boot.docker.compose.core.DockerCli   :  5db2b7edf527 Downloading 1.17kB
2026-10-03T22:41:21.241Z  INFO 16338 --- [utReader-stderr] o.s.boot.docker.compose.core.DockerCli   :  4e6c52c74256 Downloading 115.3MB
2026-10-03T22:41:21.241Z  INFO 16338 --- [utReader-stderr] o.s.boot.docker.compose.core.DockerCli   :  26c307b5e35a Downloading 29.78MB
2026-10-03T22:41:21.241Z  INFO 16338 --- [utReader-stderr] o.s.boot.docker.compose.core.DockerCli   :  a4dcdc0137d7 Downloading 8.204MB
2026-10-03T22:41:21.241Z  INFO 16338 --- [utReader-stderr] o.s.boot.docker.compose.core.DockerCli   :  5db2b7edf527 Downloading 1.17kB
2026-10-03T22:41:21.342Z  INFO 16338 --- [utReader-stderr] o.s.boot.docker.compose.core.DockerCli   :  4e6c52c74256 Downloading 115.3MB
2026-10-03T22:41:21.342Z  INFO 16338 --- [utReader-stderr] o.s.boot.docker.compose.core.DockerCli   :  26c307b5e35a Downloading 29.78MB
2026-10-03T22:41:21.342Z  INFO 16338 --- [utReader-stderr] o.s.boot.docker.compose.core.DockerCli   :  a4dcdc0137d7 Downloading 8.204MB
2026-10-03T22:41:21.342Z  INFO 16338 --- [utReader-stderr] o.s.boot.docker.compose.core.DockerCli   :  5db2b7edf527 Downloading 1.17kB
2026-10-03T22:41:21.441Z  INFO 16338 --- [utReader-stderr] o.s.boot.docker.compose.core.DockerCli   :  26c307b5e35a Downloading 29.78MB
2026-10-03T22:41:21.442Z  INFO 16338 --- [utReader-stderr] o.s.boot.docker.compose.core.DockerCli   :  a4dcdc0137d7 Downloading 8.204MB
2026-10-03T22:41:21.442Z  INFO 16338 --- [utReader-stderr] o.s.boot.docker.compose.core.DockerCli   :  5db2b7edf527 Downloading 1.17kB
2026-10-03T22:41:21.442Z  INFO 16338 --- [utReader-stderr] o.s.boot.docker.compose.core.DockerCli   :  4e6c52c74256 Downloading 115.3MB
2026-10-03T22:41:21.542Z  INFO 16338 --- [utReader-stderr] o.s.boot.docker.compose.core.DockerCli   :  4e6c52c74256 Downloading 115.3MB
2026-10-03T22:41:21.542Z  INFO 16338 --- [utReader-stderr] o.s.boot.docker.compose.core.DockerCli   :  26c307b5e35a Downloading 29.78MB
2026-10-03T22:41:21.542Z  INFO 16338 --- [utReader-stderr] o.s.boot.docker.compose.core.DockerCli   :  a4dcdc0137d7 Downloading 8.204MB
2026-10-03T22:41:21.543Z  INFO 16338 --- [utReader-stderr] o.s.boot.docker.compose.core.DockerCli   :  5db2b7edf527 Downloading 1.17kB
2026-10-03T22:41:21.641Z  INFO 16338 --- [utReader-stderr] o.s.boot.docker.compose.core.DockerCli   :  4e6c52c74256 Download complete 0B
2026-10-03T22:41:21.641Z  INFO 16338 --- [utReader-stderr] o.s.boot.docker.compose.core.DockerCli   :  a4dcdc0137d7 Downloading 8.204MB
2026-10-03T22:41:21.642Z  INFO 16338 --- [utReader-stderr] o.s.boot.docker.compose.core.DockerCli   :  5db2b7edf527 Download complete 0B
2026-10-03T22:41:21.742Z  INFO 16338 --- [utReader-stderr] o.s.boot.docker.compose.core.DockerCli   :  26c307b5e35a Download complete 0B
2026-10-03T22:41:21.742Z  INFO 16338 --- [utReader-stderr] o.s.boot.docker.compose.core.DockerCli   :  a4dcdc0137d7 Download complete 0B
2026-10-03T22:41:21.747Z  INFO 16338 --- [utReader-stderr] o.s.boot.docker.compose.core.DockerCli   :  26c307b5e35a Extracting 1B
2026-10-03T22:41:21.841Z  INFO 16338 --- [utReader-stderr] o.s.boot.docker.compose.core.DockerCli   :  5a143915fe2c Download complete 0B
2026-10-03T22:41:21.842Z  INFO 16338 --- [utReader-stderr] o.s.boot.docker.compose.core.DockerCli   :  817fb2bde76e Downloading 5.957MB
2026-10-03T22:41:21.847Z  INFO 16338 --- [utReader-stderr] o.s.boot.docker.compose.core.DockerCli   :  26c307b5e35a Extracting 1B
2026-10-03T22:41:21.942Z  INFO 16338 --- [utReader-stderr] o.s.boot.docker.compose.core.DockerCli   :  817fb2bde76e Download complete 0B
2026-10-03T22:41:21.948Z  INFO 16338 --- [utReader-stderr] o.s.boot.docker.compose.core.DockerCli   :  26c307b5e35a Extracting 1B
2026-10-03T22:41:22.045Z  INFO 16338 --- [utReader-stderr] o.s.boot.docker.compose.core.DockerCli   :  26c307b5e35a Extracting 1B
2026-10-03T22:41:22.144Z  INFO 16338 --- [utReader-stderr] o.s.boot.docker.compose.core.DockerCli   :  26c307b5e35a Extracting 1B
2026-10-03T22:41:22.244Z  INFO 16338 --- [utReader-stderr] o.s.boot.docker.compose.core.DockerCli   :  26c307b5e35a Extracting 1B
2026-10-03T22:41:22.345Z  INFO 16338 --- [utReader-stderr] o.s.boot.docker.compose.core.DockerCli   :  26c307b5e35a Extracting 1B
2026-10-03T22:41:22.445Z  INFO 16338 --- [utReader-stderr] o.s.boot.docker.compose.core.DockerCli   :  26c307b5e35a Extracting 1B
2026-10-03T22:41:22.645Z  INFO 16338 --- [utReader-stderr] o.s.boot.docker.compose.core.DockerCli   :  130549402290 Extracting 1B
2026-10-03T22:41:22.647Z  INFO 16338 --- [utReader-stderr] o.s.boot.docker.compose.core.DockerCli   :  5db2b7edf527 Pull complete 0B
2026-10-03T22:41:22.648Z  INFO 16338 --- [utReader-stderr] o.s.boot.docker.compose.core.DockerCli   :  26c307b5e35a Pull complete 0B
2026-10-03T22:41:22.745Z  INFO 16338 --- [utReader-stderr] o.s.boot.docker.compose.core.DockerCli   :  8241f4a14319 Extracting 1B
2026-10-03T22:41:22.745Z  INFO 16338 --- [utReader-stderr] o.s.boot.docker.compose.core.DockerCli   :  130549402290 Pull complete 0B
2026-10-03T22:41:22.843Z  INFO 16338 --- [utReader-stderr] o.s.boot.docker.compose.core.DockerCli   :  8241f4a14319 Pull complete 0B
2026-10-03T22:41:22.845Z  INFO 16338 --- [utReader-stderr] o.s.boot.docker.compose.core.DockerCli   :  a4dcdc0137d7 Extracting 1B
2026-10-03T22:41:22.946Z  INFO 16338 --- [utReader-stderr] o.s.boot.docker.compose.core.DockerCli   :  a4dcdc0137d7 Extracting 1B
2026-10-03T22:41:23.043Z  INFO 16338 --- [utReader-stderr] o.s.boot.docker.compose.core.DockerCli   :  d1052e262c2e Pull complete 0B
2026-10-03T22:41:23.044Z  INFO 16338 --- [utReader-stderr] o.s.boot.docker.compose.core.DockerCli   :  a4dcdc0137d7 Pull complete 0B
2026-10-03T22:41:23.144Z  INFO 16338 --- [utReader-stderr] o.s.boot.docker.compose.core.DockerCli   :  39762d0b4bb2 Pull complete 0B
2026-10-03T22:41:23.146Z  INFO 16338 --- [utReader-stderr] o.s.boot.docker.compose.core.DockerCli   :  38639b9be6a6 Pull complete 0B
2026-10-03T22:41:23.148Z  INFO 16338 --- [utReader-stderr] o.s.boot.docker.compose.core.DockerCli   :  4e6c52c74256 Extracting 1B
2026-10-03T22:41:23.243Z  INFO 16338 --- [utReader-stderr] o.s.boot.docker.compose.core.DockerCli   :  4e6c52c74256 Extracting 1B
2026-10-03T22:41:23.344Z  INFO 16338 --- [utReader-stderr] o.s.boot.docker.compose.core.DockerCli   :  4e6c52c74256 Extracting 1B
2026-10-03T22:41:23.444Z  INFO 16338 --- [utReader-stderr] o.s.boot.docker.compose.core.DockerCli   :  4e6c52c74256 Extracting 1B
2026-10-03T22:41:23.542Z  INFO 16338 --- [utReader-stderr] o.s.boot.docker.compose.core.DockerCli   :  4e6c52c74256 Extracting 1B
2026-10-03T22:41:23.645Z  INFO 16338 --- [utReader-stderr] o.s.boot.docker.compose.core.DockerCli   :  4e6c52c74256 Extracting 1B
2026-10-03T22:41:23.744Z  INFO 16338 --- [utReader-stderr] o.s.boot.docker.compose.core.DockerCli   :  4e6c52c74256 Extracting 1B
2026-10-03T22:41:23.843Z  INFO 16338 --- [utReader-stderr] o.s.boot.docker.compose.core.DockerCli   :  4e6c52c74256 Extracting 1B
2026-10-03T22:41:23.943Z  INFO 16338 --- [utReader-stderr] o.s.boot.docker.compose.core.DockerCli   :  4e6c52c74256 Extracting 1B
2026-10-03T22:41:24.043Z  INFO 16338 --- [utReader-stderr] o.s.boot.docker.compose.core.DockerCli   :  4e6c52c74256 Extracting 1B
2026-10-03T22:41:24.143Z  INFO 16338 --- [utReader-stderr] o.s.boot.docker.compose.core.DockerCli   :  4e6c52c74256 Extracting 1B
2026-10-03T22:41:24.244Z  INFO 16338 --- [utReader-stderr] o.s.boot.docker.compose.core.DockerCli   :  4e6c52c74256 Extracting 2B
2026-10-03T22:41:24.345Z  INFO 16338 --- [utReader-stderr] o.s.boot.docker.compose.core.DockerCli   :  4e6c52c74256 Extracting 2B
2026-10-03T22:41:24.454Z  INFO 16338 --- [utReader-stderr] o.s.boot.docker.compose.core.DockerCli   :  4e6c52c74256 Extracting 2B
2026-10-03T22:41:24.545Z  INFO 16338 --- [utReader-stderr] o.s.boot.docker.compose.core.DockerCli   :  4e6c52c74256 Extracting 2B
2026-10-03T22:41:24.644Z  INFO 16338 --- [utReader-stderr] o.s.boot.docker.compose.core.DockerCli   :  4e6c52c74256 Extracting 2B
2026-10-03T22:41:24.743Z  INFO 16338 --- [utReader-stderr] o.s.boot.docker.compose.core.DockerCli   :  4e6c52c74256 Extracting 2B
2026-10-03T22:41:24.843Z  INFO 16338 --- [utReader-stderr] o.s.boot.docker.compose.core.DockerCli   :  4e6c52c74256 Extracting 2B
2026-10-03T22:41:24.943Z  INFO 16338 --- [utReader-stderr] o.s.boot.docker.compose.core.DockerCli   :  4e6c52c74256 Extracting 2B
2026-10-03T22:41:25.044Z  INFO 16338 --- [utReader-stderr] o.s.boot.docker.compose.core.DockerCli   :  4e6c52c74256 Extracting 2B
2026-10-03T22:41:25.143Z  INFO 16338 --- [utReader-stderr] o.s.boot.docker.compose.core.DockerCli   :  4e6c52c74256 Extracting 2B
2026-10-03T22:41:25.244Z  INFO 16338 --- [utReader-stderr] o.s.boot.docker.compose.core.DockerCli   :  4e6c52c74256 Extracting 3B
2026-10-03T22:41:25.344Z  INFO 16338 --- [utReader-stderr] o.s.boot.docker.compose.core.DockerCli   :  4e6c52c74256 Extracting 3B
2026-10-03T22:41:25.443Z  INFO 16338 --- [utReader-stderr] o.s.boot.docker.compose.core.DockerCli   :  f51baa0c6c0d Pull complete 0B
2026-10-03T22:41:25.443Z  INFO 16338 --- [utReader-stderr] o.s.boot.docker.compose.core.DockerCli   :  88bb22edda9b Pull complete 0B
2026-10-03T22:41:25.444Z  INFO 16338 --- [utReader-stderr] o.s.boot.docker.compose.core.DockerCli   :  4e6c52c74256 Pull complete 0B
2026-10-03T22:41:25.495Z  INFO 16338 --- [utReader-stderr] o.s.boot.docker.compose.core.DockerCli   :  f90dd111f2e5 Pull complete 0B
2026-10-03T22:41:25.496Z  INFO 16338 --- [utReader-stderr] o.s.boot.docker.compose.core.DockerCli   :  f7d54729e84b Pull complete 0B
2026-10-03T22:41:25.503Z  INFO 16338 --- [utReader-stderr] o.s.boot.docker.compose.core.DockerCli   :  Image postgres:18.4 Pulled 
2026-10-03T22:41:25.569Z  INFO 16338 --- [utReader-stderr] o.s.boot.docker.compose.core.DockerCli   :  Network petclinic_default Creating 
2026-10-03T22:41:25.569Z  INFO 16338 --- [utReader-stderr] o.s.boot.docker.compose.core.DockerCli   :  Network petclinic_default Creating 
2026-10-03T22:41:25.615Z  INFO 16338 --- [utReader-stderr] o.s.boot.docker.compose.core.DockerCli   :  Network petclinic_default Created 
2026-10-03T22:41:25.615Z  INFO 16338 --- [utReader-stderr] o.s.boot.docker.compose.core.DockerCli   :  Network petclinic_default Created 
2026-10-03T22:41:25.615Z  INFO 16338 --- [utReader-stderr] o.s.boot.docker.compose.core.DockerCli   :  Container petclinic-postgres-1 Creating 
2026-10-03T22:41:33.520Z  INFO 16338 --- [utReader-stderr] o.s.boot.docker.compose.core.DockerCli   :  Container petclinic-postgres-1 Created 
2026-10-03T22:41:33.535Z  INFO 16338 --- [utReader-stderr] o.s.boot.docker.compose.core.DockerCli   :  Container petclinic-postgres-1 Starting 
2026-10-03T22:41:33.725Z  INFO 16338 --- [utReader-stderr] o.s.boot.docker.compose.core.DockerCli   :  Container petclinic-postgres-1 Started 
2026-10-03T22:41:33.726Z  INFO 16338 --- [utReader-stderr] o.s.boot.docker.compose.core.DockerCli   :  Container petclinic-postgres-1 Waiting 
2026-10-03T22:41:34.227Z  INFO 16338 --- [utReader-stderr] o.s.boot.docker.compose.core.DockerCli   :  Container petclinic-postgres-1 Healthy 
2026-10-03T22:41:36.823Z  INFO 16338 --- [           main] .s.d.r.c.RepositoryConfigurationDelegate : Bootstrapping Spring Data JPA repositories in DEFAULT mode.
2026-10-03T22:41:36.833Z  INFO 16338 --- [           main] .s.d.r.c.RepositoryConfigurationDelegate : Finished Spring Data repository scanning in 8 ms. Found 3 JPA repository interfaces.
2026-10-03T22:41:36.955Z  INFO 16338 --- [           main] o.s.boot.tomcat.TomcatWebServer          : Tomcat initialized with port 0 (http)
2026-10-03T22:41:36.956Z  INFO 16338 --- [           main] o.apache.catalina.core.StandardService   : Starting service [Tomcat]
2026-10-03T22:41:36.956Z  INFO 16338 --- [           main] o.apache.catalina.core.StandardEngine    : Starting Servlet engine: [Apache Tomcat/11.0.22]
2026-10-03T22:41:36.970Z  INFO 16338 --- [           main] b.w.c.s.WebApplicationContextInitializer : Root WebApplicationContext: initialization completed in 316 ms
2026-10-03T22:41:37.041Z  INFO 16338 --- [           main] com.zaxxer.hikari.HikariDataSource       : HikariPool-3 - Starting...
2026-10-03T22:41:37.230Z  INFO 16338 --- [           main] com.zaxxer.hikari.pool.HikariPool        : HikariPool-3 - Added connection org.postgresql.jdbc.PgConnection@11c18e5c
2026-10-03T22:41:37.230Z  INFO 16338 --- [           main] com.zaxxer.hikari.HikariDataSource       : HikariPool-3 - Start completed.
2026-10-03T22:41:37.385Z  INFO 16338 --- [           main] org.hibernate.orm.jpa                    : HHH008540: Processing PersistenceUnitInfo [name: default]
2026-10-03T22:41:37.407Z  INFO 16338 --- [           main] o.s.o.j.p.SpringPersistenceUnitInfo      : No LoadTimeWeaver setup: ignoring JPA class transformer
2026-10-03T22:41:37.431Z  INFO 16338 --- [           main] org.hibernate.orm.connections.pooling    : HHH10001005: Database info:
	Database JDBC URL [jdbc:postgresql://127.0.0.1:5432/petclinic]
	Database driver: PostgreSQL JDBC Driver
	Database dialect: PostgreSQLDialect
	Database version: 18.4
	Default catalog/schema: petclinic/public
	Autocommit mode: undefined/unknown
	Isolation level: READ_COMMITTED [default READ_COMMITTED]
	JDBC fetch size: none
	Pool: DataSourceConnectionProvider
	Minimum pool size: undefined/unknown
	Maximum pool size: undefined/unknown
2026-10-03T22:41:37.719Z  INFO 16338 --- [           main] org.hibernate.orm.core                   : HHH000489: No JTA platform available (set 'hibernate.transaction.jta.platform' to enable JTA platform integration)
2026-10-03T22:41:37.720Z  INFO 16338 --- [           main] j.LocalContainerEntityManagerFactoryBean : Initialized JPA EntityManagerFactory for persistence unit 'default'
2026-10-03T22:41:38.060Z  INFO 16338 --- [           main] o.s.b.a.e.web.EndpointLinksResolver      : Exposing 13 endpoints beneath base path '/actuator'
2026-10-03T22:41:38.089Z  INFO 16338 --- [           main] o.s.boot.tomcat.TomcatWebServer          : Tomcat started on port 35749 (http) with context path '/'
2026-10-03T22:41:38.093Z  INFO 16338 --- [           main] o.s.s.p.PostgresIntegrationTests         : Started PostgresIntegrationTests in 20.953 seconds (process running for 48.148)
2026-10-03T22:41:38.152Z  INFO 16338 --- [o-auto-3-exec-1] o.a.c.c.C.[Tomcat-2].[localhost].[/]     : Initializing Spring DispatcherServlet 'dispatcherServlet'
2026-10-03T22:41:38.152Z  INFO 16338 --- [o-auto-3-exec-1] o.s.web.servlet.DispatcherServlet        : Initializing Servlet 'dispatcherServlet'
2026-10-03T22:41:38.153Z  INFO 16338 --- [o-auto-3-exec-1] o.s.web.servlet.DispatcherServlet        : Completed initialization in 1 ms
[INFO] Tests run: 2, Failures: 0, Errors: 0, Skipped: 0, Time elapsed: 24.65 s -- in org.springframework.samples.petclinic.PostgresIntegrationTests
[INFO] Running org.springframework.samples.petclinic.MySqlIntegrationTests
2026-10-03T22:41:38.232Z  INFO 16338 --- [           main] t.c.s.AnnotationConfigContextLoaderUtils : Could not detect default configuration classes for test class [org.springframework.samples.petclinic.MySqlIntegrationTests]: MySqlIntegrationTests does not declare any static, non-private, non-final, nested classes annotated with @Configuration.
2026-10-03T22:41:38.239Z  INFO 16338 --- [           main] tc.mysql:9.7                             : Pulling docker image: mysql:9.7. Please be patient; this may take some time but only needs to be done once.
2026-10-03T22:41:38.803Z  INFO 16338 --- [eam--1432848783] tc.mysql:9.7                             : Starting to pull image
2026-10-03T22:41:38.804Z  INFO 16338 --- [eam--1432848783] tc.mysql:9.7                             : Pulling image layers:  0 pending,  0 downloaded,  0 extracted, (0 bytes/0 bytes)
2026-10-03T22:41:39.150Z  INFO 16338 --- [eam--1432848783] tc.mysql:9.7                             : Pulling image layers:  9 pending,  1 downloaded,  0 extracted, (0 bytes/? MB)
2026-10-03T22:41:39.254Z  INFO 16338 --- [eam--1432848783] tc.mysql:9.7                             : Pulling image layers:  8 pending,  2 downloaded,  0 extracted, (0 bytes/? MB)
2026-10-03T22:41:39.257Z  INFO 16338 --- [eam--1432848783] tc.mysql:9.7                             : Pulling image layers:  7 pending,  3 downloaded,  0 extracted, (0 bytes/? MB)
2026-10-03T22:41:39.262Z  INFO 16338 --- [eam--1432848783] tc.mysql:9.7                             : Pulling image layers:  6 pending,  4 downloaded,  0 extracted, (3 MB/? MB)
2026-10-03T22:41:39.263Z  INFO 16338 --- [eam--1432848783] tc.mysql:9.7                             : Pulling image layers:  5 pending,  5 downloaded,  0 extracted, (3 MB/? MB)
2026-10-03T22:41:39.351Z  INFO 16338 --- [eam--1432848783] tc.mysql:9.7                             : Pulling image layers:  4 pending,  6 downloaded,  0 extracted, (23 MB/? MB)
2026-10-03T22:41:39.553Z  INFO 16338 --- [eam--1432848783] tc.mysql:9.7                             : Pulling image layers:  3 pending,  7 downloaded,  0 extracted, (55 MB/? MB)
2026-10-03T22:41:40.523Z  INFO 16338 --- [eam--1432848783] tc.mysql:9.7                             : Pulling image layers:  2 pending,  8 downloaded,  0 extracted, (134 MB/? MB)
2026-10-03T22:41:44.851Z  INFO 16338 --- [eam--1432848783] tc.mysql:9.7                             : Pulling image layers:  3 pending,  9 downloaded,  0 extracted, (273 MB/? MB)
2026-10-03T22:41:44.948Z  INFO 16338 --- [eam--1432848783] tc.mysql:9.7                             : Pulling image layers:  2 pending, 10 downloaded,  0 extracted, (273 MB/? MB)
2026-10-03T22:41:44.949Z  INFO 16338 --- [eam--1432848783] tc.mysql:9.7                             : Pulling image layers:  1 pending, 11 downloaded,  0 extracted, (273 MB/? MB)
2026-10-03T22:41:44.949Z  INFO 16338 --- [eam--1432848783] tc.mysql:9.7                             : Pulling image layers:  0 pending, 12 downloaded,  0 extracted, (273 MB/273 MB)
2026-10-03T22:41:44.956Z  INFO 16338 --- [eam--1432848783] tc.mysql:9.7                             : Pulling image layers:  0 pending, 12 downloaded,  1 extracted, (273 MB/273 MB)
2026-10-03T22:41:45.050Z  INFO 16338 --- [eam--1432848783] tc.mysql:9.7                             : Pulling image layers:  0 pending, 12 downloaded,  2 extracted, (273 MB/273 MB)
2026-10-03T22:41:45.051Z  INFO 16338 --- [eam--1432848783] tc.mysql:9.7                             : Pulling image layers:  0 pending, 12 downloaded,  3 extracted, (273 MB/273 MB)
2026-10-03T22:41:45.251Z  INFO 16338 --- [eam--1432848783] tc.mysql:9.7                             : Pulling image layers:  0 pending, 12 downloaded,  4 extracted, (273 MB/273 MB)
2026-10-03T22:41:45.254Z  INFO 16338 --- [eam--1432848783] tc.mysql:9.7                             : Pulling image layers:  0 pending, 12 downloaded,  5 extracted, (273 MB/273 MB)
2026-10-03T22:41:45.256Z  INFO 16338 --- [eam--1432848783] tc.mysql:9.7                             : Pulling image layers:  0 pending, 12 downloaded,  6 extracted, (273 MB/273 MB)
2026-10-03T22:41:46.250Z  INFO 16338 --- [eam--1432848783] tc.mysql:9.7                             : Pulling image layers:  0 pending, 12 downloaded,  7 extracted, (273 MB/273 MB)
2026-10-03T22:41:46.251Z  INFO 16338 --- [eam--1432848783] tc.mysql:9.7                             : Pulling image layers:  0 pending, 12 downloaded,  8 extracted, (273 MB/273 MB)
2026-10-03T22:42:01.550Z  INFO 16338 --- [eam--1432848783] tc.mysql:9.7                             : Pulling image layers:  0 pending, 12 downloaded,  9 extracted, (273 MB/273 MB)
2026-10-03T22:42:01.588Z  INFO 16338 --- [eam--1432848783] tc.mysql:9.7                             : Pulling image layers:  0 pending, 12 downloaded, 10 extracted, (273 MB/273 MB)
2026-10-03T22:42:01.593Z  INFO 16338 --- [eam--1432848783] tc.mysql:9.7                             : Pull complete. 12 layers, pulled in 22s (downloaded 273 MB at 12 MB/s)
2026-10-03T22:42:01.593Z  INFO 16338 --- [           main] tc.mysql:9.7                             : Image mysql:9.7 pull took PT23.353654592S
2026-10-03T22:42:01.632Z  INFO 16338 --- [           main] .b.t.c.SpringBootTestContextBootstrapper : Found @SpringBootConfiguration org.springframework.samples.petclinic.PetClinicApplication for test class org.springframework.samples.petclinic.MySqlIntegrationTests
2026-10-03T22:42:01.633Z  INFO 16338 --- [           main] t.c.s.AnnotationConfigContextLoaderUtils : Could not detect default configuration classes for test class [org.springframework.samples.petclinic.MySqlIntegrationTests]: MySqlIntegrationTests does not declare any static, non-private, non-final, nested classes annotated with @Configuration.
2026-10-03T22:42:01.635Z  INFO 16338 --- [           main] .b.t.c.SpringBootTestContextBootstrapper : Found @SpringBootConfiguration org.springframework.samples.petclinic.PetClinicApplication for test class org.springframework.samples.petclinic.MySqlIntegrationTests
2026-10-03T22:42:01.641Z  INFO 16338 --- [           main] tc.mysql:9.7                             : Creating container for image: mysql:9.7
2026-10-03T22:42:09.117Z  INFO 16338 --- [           main] tc.mysql:9.7                             : Container mysql:9.7 is starting: 3651faaefd38ee548ca78b8a2e4f85483eafde44bfdc71d044142b3d69defc5e
2026-10-03T22:42:09.350Z  INFO 16338 --- [           main] tc.mysql:9.7                             : Waiting for database connection to become available at jdbc:mysql://172.17.0.1:32769/test using query 'SELECT 1'
2026-10-03T22:42:23.943Z  INFO 16338 --- [           main] tc.mysql:9.7                             : Container mysql:9.7 started in PT22.302561012S
2026-10-03T22:42:23.944Z  INFO 16338 --- [           main] tc.mysql:9.7                             : Container is started (JDBC URL: jdbc:mysql://172.17.0.1:32769/test)
2026-10-03T22:42:23.949Z  INFO 16338 --- [           main] o.s.b.d.r.RestartApplicationListener     : Restart disabled due to context in which it is running


              |\      _,,,--,,_
             /,`.-'`'   ._  \-;;,_
  _______ __|,4-  ) )_   .;.(__`'-'__     ___ __    _ ___ _______
 |       | '---''(_/._)-'(_\_)   |   |   |   |  |  | |   |       |
 |    _  |    ___|_     _|       |   |   |   |   |_| |   |       | __ _ _
 |   |_| |   |___  |   | |       |   |   |   |       |   |       | \ \ \ \
 |    ___|    ___| |   | |      _|   |___|   |  _    |   |      _|  \ \ \ \
 |   |   |   |___  |   | |     |_|       |   | | |   |   |     |_    ) ) ) )
 |___|   |_______| |___| |_______|_______|___|_|  |__|___|_______|  / / / /
 ==================================================================/_/_/_/

:: Built with Spring Boot :: 4.1.0


2026-10-03T22:42:23.976Z  INFO 16338 --- [           main] o.s.s.petclinic.MySqlIntegrationTests    : Starting MySqlIntegrationTests using Java 17.0.20.1 with PID 16338 (started by codespace in /workspaces/maven-slimming-experiment/work/petclinic)
2026-10-03T22:42:23.977Z  INFO 16338 --- [           main] o.s.s.petclinic.MySqlIntegrationTests    : The following 1 profile is active: "mysql"
2026-10-03T22:42:24.156Z  INFO 16338 --- [           main] .s.d.r.c.RepositoryConfigurationDelegate : Bootstrapping Spring Data JPA repositories in DEFAULT mode.
2026-10-03T22:42:24.168Z  INFO 16338 --- [           main] .s.d.r.c.RepositoryConfigurationDelegate : Finished Spring Data repository scanning in 9 ms. Found 3 JPA repository interfaces.
2026-10-03T22:42:24.292Z  INFO 16338 --- [           main] o.s.boot.tomcat.TomcatWebServer          : Tomcat initialized with port 0 (http)
2026-10-03T22:42:24.293Z  INFO 16338 --- [           main] o.apache.catalina.core.StandardService   : Starting service [Tomcat]
2026-10-03T22:42:24.294Z  INFO 16338 --- [           main] o.apache.catalina.core.StandardEngine    : Starting Servlet engine: [Apache Tomcat/11.0.22]
2026-10-03T22:42:24.305Z  INFO 16338 --- [           main] b.w.c.s.WebApplicationContextInitializer : Root WebApplicationContext: initialization completed in 326 ms
2026-10-03T22:42:24.383Z  INFO 16338 --- [           main] com.zaxxer.hikari.HikariDataSource       : HikariPool-4 - Starting...
2026-10-03T22:42:24.525Z  INFO 16338 --- [           main] com.zaxxer.hikari.pool.HikariPool        : HikariPool-4 - Added connection com.mysql.cj.jdbc.ConnectionImpl@13d71803
2026-10-03T22:42:24.525Z  INFO 16338 --- [           main] com.zaxxer.hikari.HikariDataSource       : HikariPool-4 - Start completed.
2026-10-03T22:42:24.889Z  INFO 16338 --- [           main] org.hibernate.orm.jpa                    : HHH008540: Processing PersistenceUnitInfo [name: default]
2026-10-03T22:42:24.919Z  INFO 16338 --- [           main] o.s.o.j.p.SpringPersistenceUnitInfo      : No LoadTimeWeaver setup: ignoring JPA class transformer
2026-10-03T22:42:24.943Z  INFO 16338 --- [           main] org.hibernate.orm.connections.pooling    : HHH10001005: Database info:
	Database JDBC URL [jdbc:mysql://172.17.0.1:32769/test]
	Database driver: MySQL Connector/J
	Database dialect: MySQLDialect
	Database version: 9.7.2
	Default catalog/schema: test/undefined
	Autocommit mode: undefined/unknown
	Isolation level: REPEATABLE_READ [default REPEATABLE_READ]
	JDBC fetch size: none
	Pool: DataSourceConnectionProvider
	Minimum pool size: undefined/unknown
	Maximum pool size: undefined/unknown
2026-10-03T22:42:25.073Z  INFO 16338 --- [           main] org.hibernate.orm.core                   : HHH000489: No JTA platform available (set 'hibernate.transaction.jta.platform' to enable JTA platform integration)
2026-10-03T22:42:25.074Z  INFO 16338 --- [           main] j.LocalContainerEntityManagerFactoryBean : Initialized JPA EntityManagerFactory for persistence unit 'default'
2026-10-03T22:42:25.101Z  INFO 16338 --- [           main] tc.mysql:9.7                             : Creating container for image: mysql:9.7
2026-10-03T22:42:25.225Z  INFO 16338 --- [           main] tc.mysql:9.7                             : Container mysql:9.7 is starting: acbff960cedecd93770fc814ec2ac1cfd1608d28ef16b99593168c482fda0e45
2026-10-03T22:42:25.467Z  INFO 16338 --- [           main] tc.mysql:9.7                             : Waiting for database connection to become available at jdbc:mysql://172.17.0.1:32770/test using query 'SELECT 1'
2026-10-03T22:42:40.291Z  INFO 16338 --- [           main] tc.mysql:9.7                             : Container mysql:9.7 started in PT15.190239508S
2026-10-03T22:42:40.292Z  INFO 16338 --- [           main] tc.mysql:9.7                             : Container is started (JDBC URL: jdbc:mysql://172.17.0.1:32770/test)
2026-10-03T22:42:40.610Z  INFO 16338 --- [           main] o.s.b.a.e.web.EndpointLinksResolver      : Exposing 13 endpoints beneath base path '/actuator'
2026-10-03T22:42:40.637Z  INFO 16338 --- [           main] o.s.boot.tomcat.TomcatWebServer          : Tomcat started on port 33655 (http) with context path '/'
2026-10-03T22:42:40.640Z  INFO 16338 --- [           main] o.s.s.petclinic.MySqlIntegrationTests    : Started MySqlIntegrationTests in 16.691 seconds (process running for 110.695)
2026-10-03T22:42:40.687Z  INFO 16338 --- [o-auto-4-exec-1] o.a.c.c.C.[Tomcat-3].[localhost].[/]     : Initializing Spring DispatcherServlet 'dispatcherServlet'
2026-10-03T22:42:40.687Z  INFO 16338 --- [o-auto-4-exec-1] o.s.web.servlet.DispatcherServlet        : Initializing Servlet 'dispatcherServlet'
2026-10-03T22:42:40.688Z  INFO 16338 --- [o-auto-4-exec-1] o.s.web.servlet.DispatcherServlet        : Completed initialization in 1 ms
[INFO] Tests run: 2, Failures: 0, Errors: 0, Skipped: 0, Time elapsed: 62.95 s -- in org.springframework.samples.petclinic.MySqlIntegrationTests
[INFO] Running org.springframework.samples.petclinic.owner.OwnerControllerTests
2026-10-03T22:42:41.184Z  INFO 16338 --- [           main] t.c.s.AnnotationConfigContextLoaderUtils : Could not detect default configuration classes for test class [org.springframework.samples.petclinic.owner.OwnerControllerTests]: OwnerControllerTests does not declare any static, non-private, non-final, nested classes annotated with @Configuration.
2026-10-03T22:42:41.206Z  INFO 16338 --- [           main] .b.t.c.SpringBootTestContextBootstrapper : Found @SpringBootConfiguration org.springframework.samples.petclinic.PetClinicApplication for test class org.springframework.samples.petclinic.owner.OwnerControllerTests
2026-10-03T22:42:41.207Z  INFO 16338 --- [           main] t.c.s.AnnotationConfigContextLoaderUtils : Could not detect default configuration classes for test class [org.springframework.samples.petclinic.owner.OwnerControllerTests]: OwnerControllerTests does not declare any static, non-private, non-final, nested classes annotated with @Configuration.
2026-10-03T22:42:41.214Z  INFO 16338 --- [           main] .b.t.c.SpringBootTestContextBootstrapper : Found @SpringBootConfiguration org.springframework.samples.petclinic.PetClinicApplication for test class org.springframework.samples.petclinic.owner.OwnerControllerTests
2026-10-03T22:42:41.219Z  INFO 16338 --- [           main] o.s.b.d.r.RestartApplicationListener     : Restart disabled due to context in which it is running


              |\      _,,,--,,_
             /,`.-'`'   ._  \-;;,_
  _______ __|,4-  ) )_   .;.(__`'-'__     ___ __    _ ___ _______
 |       | '---''(_/._)-'(_\_)   |   |   |   |  |  | |   |       |
 |    _  |    ___|_     _|       |   |   |   |   |_| |   |       | __ _ _
 |   |_| |   |___  |   | |       |   |   |   |       |   |       | \ \ \ \
 |    ___|    ___| |   | |      _|   |___|   |  _    |   |      _|  \ \ \ \
 |   |   |   |___  |   | |     |_|       |   | | |   |   |     |_    ) ) ) )
 |___|   |_______| |___| |_______|_______|___|_|  |__|___|_______|  / / / /
 ==================================================================/_/_/_/

:: Built with Spring Boot :: 4.1.0


2026-10-03T22:42:41.236Z  INFO 16338 --- [           main] o.s.s.p.owner.OwnerControllerTests       : Starting OwnerControllerTests using Java 17.0.20.1 with PID 16338 (started by codespace in /workspaces/maven-slimming-experiment/work/petclinic)
2026-10-03T22:42:41.237Z  INFO 16338 --- [           main] o.s.s.p.owner.OwnerControllerTests       : No active profile set, falling back to 1 default profile: "default"
2026-10-03T22:42:41.658Z  INFO 16338 --- [           main] o.s.b.t.m.w.SpringBootMockServletContext : Initializing Spring TestDispatcherServlet ''
2026-10-03T22:42:41.658Z  INFO 16338 --- [           main] o.s.t.web.servlet.TestDispatcherServlet  : Initializing Servlet ''
2026-10-03T22:42:41.659Z  INFO 16338 --- [           main] o.s.t.web.servlet.TestDispatcherServlet  : Completed initialization in 1 ms
2026-10-03T22:42:41.665Z  INFO 16338 --- [           main] o.s.s.p.owner.OwnerControllerTests       : Started OwnerControllerTests in 0.446 seconds (process running for 111.721)
[INFO] Tests run: 18, Failures: 0, Errors: 0, Skipped: 0, Time elapsed: 1.190 s -- in org.springframework.samples.petclinic.owner.OwnerControllerTests
[INFO] Running org.springframework.samples.petclinic.owner.OwnerTests
[INFO] Tests run: 2, Failures: 0, Errors: 0, Skipped: 0, Time elapsed: 0.005 s -- in org.springframework.samples.petclinic.owner.OwnerTests
[INFO] Running org.springframework.samples.petclinic.owner.PetTypeFormatterTests
[INFO] Tests run: 3, Failures: 0, Errors: 0, Skipped: 0, Time elapsed: 0.183 s -- in org.springframework.samples.petclinic.owner.PetTypeFormatterTests
[INFO] Running org.springframework.samples.petclinic.owner.PetControllerTests
2026-10-03T22:42:42.576Z  INFO 16338 --- [           main] t.c.s.AnnotationConfigContextLoaderUtils : Could not detect default configuration classes for test class [org.springframework.samples.petclinic.owner.PetControllerTests]: PetControllerTests does not declare any static, non-private, non-final, nested classes annotated with @Configuration.
2026-10-03T22:42:42.594Z  INFO 16338 --- [           main] .b.t.c.SpringBootTestContextBootstrapper : Found @SpringBootConfiguration org.springframework.samples.petclinic.PetClinicApplication for test class org.springframework.samples.petclinic.owner.PetControllerTests
2026-10-03T22:42:42.595Z  INFO 16338 --- [           main] t.c.s.AnnotationConfigContextLoaderUtils : Could not detect default configuration classes for test class [org.springframework.samples.petclinic.owner.PetControllerTests]: PetControllerTests does not declare any static, non-private, non-final, nested classes annotated with @Configuration.
2026-10-03T22:42:42.609Z  INFO 16338 --- [           main] .b.t.c.SpringBootTestContextBootstrapper : Found @SpringBootConfiguration org.springframework.samples.petclinic.PetClinicApplication for test class org.springframework.samples.petclinic.owner.PetControllerTests
2026-10-03T22:42:42.620Z  INFO 16338 --- [           main] o.s.b.d.r.RestartApplicationListener     : Restart disabled due to context in which it is running


              |\      _,,,--,,_
             /,`.-'`'   ._  \-;;,_
  _______ __|,4-  ) )_   .;.(__`'-'__     ___ __    _ ___ _______
 |       | '---''(_/._)-'(_\_)   |   |   |   |  |  | |   |       |
 |    _  |    ___|_     _|       |   |   |   |   |_| |   |       | __ _ _
 |   |_| |   |___  |   | |       |   |   |   |       |   |       | \ \ \ \
 |    ___|    ___| |   | |      _|   |___|   |  _    |   |      _|  \ \ \ \
 |   |   |   |___  |   | |     |_|       |   | | |   |   |     |_    ) ) ) )
 |___|   |_______| |___| |_______|_______|___|_|  |__|___|_______|  / / / /
 ==================================================================/_/_/_/

:: Built with Spring Boot :: 4.1.0


2026-10-03T22:42:42.648Z  INFO 16338 --- [           main] o.s.s.p.owner.PetControllerTests         : Starting PetControllerTests using Java 17.0.20.1 with PID 16338 (started by codespace in /workspaces/maven-slimming-experiment/work/petclinic)
2026-10-03T22:42:42.648Z  INFO 16338 --- [           main] o.s.s.p.owner.PetControllerTests         : No active profile set, falling back to 1 default profile: "default"
2026-10-03T22:42:42.837Z  INFO 16338 --- [           main] o.s.b.t.m.w.SpringBootMockServletContext : Initializing Spring TestDispatcherServlet ''
2026-10-03T22:42:42.837Z  INFO 16338 --- [           main] o.s.t.web.servlet.TestDispatcherServlet  : Initializing Servlet ''
2026-10-03T22:42:42.838Z  INFO 16338 --- [           main] o.s.t.web.servlet.TestDispatcherServlet  : Completed initialization in 1 ms
2026-10-03T22:42:42.844Z  INFO 16338 --- [           main] o.s.s.p.owner.PetControllerTests         : Started PetControllerTests in 0.224 seconds (process running for 112.899)
[INFO] Running org.springframework.samples.petclinic.owner.PetControllerTests$ProcessUpdateFormHasErrors
2026-10-03T22:42:42.951Z  INFO 16338 --- [           main] t.c.s.AnnotationConfigContextLoaderUtils : Could not detect default configuration classes for test class [org.springframework.samples.petclinic.owner.PetControllerTests$ProcessUpdateFormHasErrors]: ProcessUpdateFormHasErrors does not declare any static, non-private, non-final, nested classes annotated with @Configuration.
2026-10-03T22:42:42.957Z  INFO 16338 --- [           main] .b.t.c.SpringBootTestContextBootstrapper : Found @SpringBootConfiguration org.springframework.samples.petclinic.PetClinicApplication for test class org.springframework.samples.petclinic.owner.PetControllerTests$ProcessUpdateFormHasErrors
2026-10-03T22:42:42.958Z  INFO 16338 --- [           main] t.c.s.AnnotationConfigContextLoaderUtils : Could not detect default configuration classes for test class [org.springframework.samples.petclinic.owner.PetControllerTests$ProcessUpdateFormHasErrors]: ProcessUpdateFormHasErrors does not declare any static, non-private, non-final, nested classes annotated with @Configuration.
2026-10-03T22:42:42.958Z  INFO 16338 --- [           main] t.c.s.AnnotationConfigContextLoaderUtils : Could not detect default configuration classes for test class [org.springframework.samples.petclinic.owner.PetControllerTests]: PetControllerTests does not declare any static, non-private, non-final, nested classes annotated with @Configuration.
2026-10-03T22:42:42.964Z  INFO 16338 --- [           main] .b.t.c.SpringBootTestContextBootstrapper : Found @SpringBootConfiguration org.springframework.samples.petclinic.PetClinicApplication for test class org.springframework.samples.petclinic.owner.PetControllerTests$ProcessUpdateFormHasErrors
[INFO] Tests run: 8, Failures: 0, Errors: 0, Skipped: 0, Time elapsed: 0.213 s -- in org.springframework.samples.petclinic.owner.PetControllerTests$ProcessUpdateFormHasErrors
[INFO] Running org.springframework.samples.petclinic.owner.PetControllerTests$ProcessCreationFormHasErrors
2026-10-03T22:42:43.166Z  INFO 16338 --- [           main] t.c.s.AnnotationConfigContextLoaderUtils : Could not detect default configuration classes for test class [org.springframework.samples.petclinic.owner.PetControllerTests$ProcessCreationFormHasErrors]: ProcessCreationFormHasErrors does not declare any static, non-private, non-final, nested classes annotated with @Configuration.
2026-10-03T22:42:43.182Z  INFO 16338 --- [           main] .b.t.c.SpringBootTestContextBootstrapper : Found @SpringBootConfiguration org.springframework.samples.petclinic.PetClinicApplication for test class org.springframework.samples.petclinic.owner.PetControllerTests$ProcessCreationFormHasErrors
2026-10-03T22:42:43.183Z  INFO 16338 --- [           main] t.c.s.AnnotationConfigContextLoaderUtils : Could not detect default configuration classes for test class [org.springframework.samples.petclinic.owner.PetControllerTests$ProcessCreationFormHasErrors]: ProcessCreationFormHasErrors does not declare any static, non-private, non-final, nested classes annotated with @Configuration.
2026-10-03T22:42:43.187Z  INFO 16338 --- [           main] t.c.s.AnnotationConfigContextLoaderUtils : Could not detect default configuration classes for test class [org.springframework.samples.petclinic.owner.PetControllerTests]: PetControllerTests does not declare any static, non-private, non-final, nested classes annotated with @Configuration.
2026-10-03T22:42:43.195Z  INFO 16338 --- [           main] .b.t.c.SpringBootTestContextBootstrapper : Found @SpringBootConfiguration org.springframework.samples.petclinic.PetClinicApplication for test class org.springframework.samples.petclinic.owner.PetControllerTests$ProcessCreationFormHasErrors
[INFO] Tests run: 6, Failures: 0, Errors: 0, Skipped: 0, Time elapsed: 0.262 s -- in org.springframework.samples.petclinic.owner.PetControllerTests$ProcessCreationFormHasErrors
[INFO] Tests run: 0, Failures: 0, Errors: 0, Skipped: 0, Time elapsed: 0.858 s -- in org.springframework.samples.petclinic.owner.PetControllerTests
[INFO] Running org.springframework.samples.petclinic.owner.PetValidatorTests
[INFO] Running org.springframework.samples.petclinic.owner.PetValidatorTests$ValidateHasErrors
[INFO] Tests run: 7, Failures: 0, Errors: 0, Skipped: 0, Time elapsed: 0.013 s -- in org.springframework.samples.petclinic.owner.PetValidatorTests$ValidateHasErrors
[INFO] Tests run: 0, Failures: 0, Errors: 0, Skipped: 0, Time elapsed: 0.053 s -- in org.springframework.samples.petclinic.owner.PetValidatorTests
[INFO] Running org.springframework.samples.petclinic.owner.VisitControllerTests
2026-10-03T22:42:43.490Z  INFO 16338 --- [           main] t.c.s.AnnotationConfigContextLoaderUtils : Could not detect default configuration classes for test class [org.springframework.samples.petclinic.owner.VisitControllerTests]: VisitControllerTests does not declare any static, non-private, non-final, nested classes annotated with @Configuration.
2026-10-03T22:42:43.502Z  INFO 16338 --- [           main] .b.t.c.SpringBootTestContextBootstrapper : Found @SpringBootConfiguration org.springframework.samples.petclinic.PetClinicApplication for test class org.springframework.samples.petclinic.owner.VisitControllerTests
2026-10-03T22:42:43.503Z  INFO 16338 --- [           main] t.c.s.AnnotationConfigContextLoaderUtils : Could not detect default configuration classes for test class [org.springframework.samples.petclinic.owner.VisitControllerTests]: VisitControllerTests does not declare any static, non-private, non-final, nested classes annotated with @Configuration.
2026-10-03T22:42:43.513Z  INFO 16338 --- [           main] .b.t.c.SpringBootTestContextBootstrapper : Found @SpringBootConfiguration org.springframework.samples.petclinic.PetClinicApplication for test class org.springframework.samples.petclinic.owner.VisitControllerTests
2026-10-03T22:42:43.517Z  INFO 16338 --- [           main] o.s.b.d.r.RestartApplicationListener     : Restart disabled due to context in which it is running


              |\      _,,,--,,_
             /,`.-'`'   ._  \-;;,_
  _______ __|,4-  ) )_   .;.(__`'-'__     ___ __    _ ___ _______
 |       | '---''(_/._)-'(_\_)   |   |   |   |  |  | |   |       |
 |    _  |    ___|_     _|       |   |   |   |   |_| |   |       | __ _ _
 |   |_| |   |___  |   | |       |   |   |   |       |   |       | \ \ \ \
 |    ___|    ___| |   | |      _|   |___|   |  _    |   |      _|  \ \ \ \
 |   |   |   |___  |   | |     |_|       |   | | |   |   |     |_    ) ) ) )
 |___|   |_______| |___| |_______|_______|___|_|  |__|___|_______|  / / / /
 ==================================================================/_/_/_/

:: Built with Spring Boot :: 4.1.0


2026-10-03T22:42:43.540Z  INFO 16338 --- [           main] o.s.s.p.owner.VisitControllerTests       : Starting VisitControllerTests using Java 17.0.20.1 with PID 16338 (started by codespace in /workspaces/maven-slimming-experiment/work/petclinic)
2026-10-03T22:42:43.541Z  INFO 16338 --- [           main] o.s.s.p.owner.VisitControllerTests       : No active profile set, falling back to 1 default profile: "default"
2026-10-03T22:42:43.677Z  INFO 16338 --- [           main] o.s.b.t.m.w.SpringBootMockServletContext : Initializing Spring TestDispatcherServlet ''
2026-10-03T22:42:43.677Z  INFO 16338 --- [           main] o.s.t.web.servlet.TestDispatcherServlet  : Initializing Servlet ''
2026-10-03T22:42:43.679Z  INFO 16338 --- [           main] o.s.t.web.servlet.TestDispatcherServlet  : Completed initialization in 2 ms
2026-10-03T22:42:43.685Z  INFO 16338 --- [           main] o.s.s.p.owner.VisitControllerTests       : Started VisitControllerTests in 0.167 seconds (process running for 113.74)
[INFO] Tests run: 5, Failures: 0, Errors: 0, Skipped: 0, Time elapsed: 0.344 s -- in org.springframework.samples.petclinic.owner.VisitControllerTests
[INFO] Running org.springframework.samples.petclinic.model.ValidatorTests
[INFO] Tests run: 2, Failures: 0, Errors: 0, Skipped: 0, Time elapsed: 0.030 s -- in org.springframework.samples.petclinic.model.ValidatorTests
[INFO] Running org.springframework.samples.petclinic.PetClinicIntegrationTests
2026-10-03T22:42:43.869Z  INFO 16338 --- [           main] t.c.s.AnnotationConfigContextLoaderUtils : Could not detect default configuration classes for test class [org.springframework.samples.petclinic.PetClinicIntegrationTests]: PetClinicIntegrationTests does not declare any static, non-private, non-final, nested classes annotated with @Configuration.
2026-10-03T22:42:43.871Z  INFO 16338 --- [           main] .b.t.c.SpringBootTestContextBootstrapper : Found @SpringBootConfiguration org.springframework.samples.petclinic.PetClinicApplication for test class org.springframework.samples.petclinic.PetClinicIntegrationTests
2026-10-03T22:42:43.872Z  INFO 16338 --- [           main] t.c.s.AnnotationConfigContextLoaderUtils : Could not detect default configuration classes for test class [org.springframework.samples.petclinic.PetClinicIntegrationTests]: PetClinicIntegrationTests does not declare any static, non-private, non-final, nested classes annotated with @Configuration.
2026-10-03T22:42:43.875Z  INFO 16338 --- [           main] .b.t.c.SpringBootTestContextBootstrapper : Found @SpringBootConfiguration org.springframework.samples.petclinic.PetClinicApplication for test class org.springframework.samples.petclinic.PetClinicIntegrationTests
2026-10-03T22:42:43.880Z  INFO 16338 --- [           main] o.s.b.d.r.RestartApplicationListener     : Restart disabled due to context in which it is running


              |\      _,,,--,,_
             /,`.-'`'   ._  \-;;,_
  _______ __|,4-  ) )_   .;.(__`'-'__     ___ __    _ ___ _______
 |       | '---''(_/._)-'(_\_)   |   |   |   |  |  | |   |       |
 |    _  |    ___|_     _|       |   |   |   |   |_| |   |       | __ _ _
 |   |_| |   |___  |   | |       |   |   |   |       |   |       | \ \ \ \
 |    ___|    ___| |   | |      _|   |___|   |  _    |   |      _|  \ \ \ \
 |   |   |   |___  |   | |     |_|       |   | | |   |   |     |_    ) ) ) )
 |___|   |_______| |___| |_______|_______|___|_|  |__|___|_______|  / / / /
 ==================================================================/_/_/_/

:: Built with Spring Boot :: 4.1.0


2026-10-03T22:42:43.904Z  INFO 16338 --- [           main] o.s.s.p.PetClinicIntegrationTests        : Starting PetClinicIntegrationTests using Java 17.0.20.1 with PID 16338 (started by codespace in /workspaces/maven-slimming-experiment/work/petclinic)
2026-10-03T22:42:43.905Z  INFO 16338 --- [           main] o.s.s.p.PetClinicIntegrationTests        : No active profile set, falling back to 1 default profile: "default"
2026-10-03T22:42:44.089Z  INFO 16338 --- [           main] .s.d.r.c.RepositoryConfigurationDelegate : Bootstrapping Spring Data JPA repositories in DEFAULT mode.
2026-10-03T22:42:44.102Z  INFO 16338 --- [           main] .s.d.r.c.RepositoryConfigurationDelegate : Finished Spring Data repository scanning in 11 ms. Found 3 JPA repository interfaces.
2026-10-03T22:42:44.242Z  INFO 16338 --- [           main] o.s.boot.tomcat.TomcatWebServer          : Tomcat initialized with port 0 (http)
2026-10-03T22:42:44.243Z  INFO 16338 --- [           main] o.apache.catalina.core.StandardService   : Starting service [Tomcat]
2026-10-03T22:42:44.244Z  INFO 16338 --- [           main] o.apache.catalina.core.StandardEngine    : Starting Servlet engine: [Apache Tomcat/11.0.22]
2026-10-03T22:42:44.255Z  INFO 16338 --- [           main] b.w.c.s.WebApplicationContextInitializer : Root WebApplicationContext: initialization completed in 348 ms
2026-10-03T22:42:44.342Z  INFO 16338 --- [           main] com.zaxxer.hikari.HikariDataSource       : HikariPool-5 - Starting...
2026-10-03T22:42:44.346Z  INFO 16338 --- [           main] com.zaxxer.hikari.pool.HikariPool        : HikariPool-5 - Added connection conn20: url=jdbc:h2:mem:4f0d90ff-0ae1-4bb3-b8e4-61de4f457b2d user=SA
2026-10-03T22:42:44.347Z  INFO 16338 --- [           main] com.zaxxer.hikari.HikariDataSource       : HikariPool-5 - Start completed.
2026-10-03T22:42:44.399Z  INFO 16338 --- [           main] org.hibernate.orm.jpa                    : HHH008540: Processing PersistenceUnitInfo [name: default]
2026-10-03T22:42:44.426Z  INFO 16338 --- [           main] o.s.o.j.p.SpringPersistenceUnitInfo      : No LoadTimeWeaver setup: ignoring JPA class transformer
2026-10-03T22:42:44.428Z  INFO 16338 --- [           main] org.hibernate.orm.connections.pooling    : HHH10001005: Database info:
	Database JDBC URL [jdbc:h2:mem:4f0d90ff-0ae1-4bb3-b8e4-61de4f457b2d]
	Database driver: H2 JDBC Driver
	Database dialect: H2Dialect
	Database version: 2.4.240
	Default catalog/schema: 4F0D90FF-0AE1-4BB3-B8E4-61DE4F457B2D/PUBLIC
	Autocommit mode: undefined/unknown
	Isolation level: READ_COMMITTED [default READ_COMMITTED]
	JDBC fetch size: 100
	Pool: DataSourceConnectionProvider
	Minimum pool size: undefined/unknown
	Maximum pool size: undefined/unknown
2026-10-03T22:42:44.532Z  INFO 16338 --- [           main] org.hibernate.orm.core                   : HHH000489: No JTA platform available (set 'hibernate.transaction.jta.platform' to enable JTA platform integration)
2026-10-03T22:42:44.533Z  INFO 16338 --- [           main] j.LocalContainerEntityManagerFactoryBean : Initialized JPA EntityManagerFactory for persistence unit 'default'
2026-10-03T22:42:44.817Z  INFO 16338 --- [           main] o.s.b.a.e.web.EndpointLinksResolver      : Exposing 13 endpoints beneath base path '/actuator'
2026-10-03T22:42:44.853Z  INFO 16338 --- [           main] o.s.boot.tomcat.TomcatWebServer          : Tomcat started on port 33023 (http) with context path '/'
2026-10-03T22:42:44.856Z  INFO 16338 --- [           main] o.s.s.p.PetClinicIntegrationTests        : Started PetClinicIntegrationTests in 0.976 seconds (process running for 114.911)
2026-10-03T22:42:44.867Z DEBUG 16338 --- [           main] org.hibernate.SQL                        : select v1_0.id,v1_0.first_name,v1_0.last_name from vets v1_0
2026-10-03T22:42:44.871Z DEBUG 16338 --- [           main] org.hibernate.SQL                        : select s1_0.vet_id,s1_1.id,s1_1.name from vet_specialties s1_0 join specialties s1_1 on s1_1.id=s1_0.specialty_id where s1_0.vet_id in (?,?,?,?,?,?,?,?,?,?,?,?,?,?,?,?)
2026-10-03T22:42:44.892Z  INFO 16338 --- [o-auto-5-exec-1] o.a.c.c.C.[Tomcat-4].[localhost].[/]     : Initializing Spring DispatcherServlet 'dispatcherServlet'
2026-10-03T22:42:44.892Z  INFO 16338 --- [o-auto-5-exec-1] o.s.web.servlet.DispatcherServlet        : Initializing Servlet 'dispatcherServlet'
2026-10-03T22:42:44.894Z  INFO 16338 --- [o-auto-5-exec-1] o.s.web.servlet.DispatcherServlet        : Completed initialization in 2 ms
2026-10-03T22:42:44.908Z DEBUG 16338 --- [o-auto-5-exec-1] org.hibernate.SQL                        : select o1_0.id,o1_0.address,o1_0.city,o1_0.first_name,o1_0.last_name,o1_0.telephone from owners o1_0 where o1_0.last_name like ? escape '\' fetch first ? rows only
2026-10-03T22:42:44.914Z DEBUG 16338 --- [o-auto-5-exec-1] org.hibernate.SQL                        : select p1_0.owner_id,p1_0.id,p1_0.birth_date,p1_0.name,t1_0.id,t1_0.name from pets p1_0 left join types t1_0 on t1_0.id=p1_0.type_id where p1_0.owner_id in (?,?,?,?,?,?,?,?,?,?,?,?,?,?,?,?) order by p1_0.name
2026-10-03T22:42:44.918Z DEBUG 16338 --- [o-auto-5-exec-1] org.hibernate.SQL                        : select v1_0.pet_id,v1_0.id,v1_0.visit_date,v1_0.description from visits v1_0 where v1_0.pet_id in (?,?,?,?,?,?,?,?,?,?,?,?,?,?,?,?) order by v1_0.visit_date
2026-10-03T22:42:44.960Z DEBUG 16338 --- [o-auto-5-exec-1] org.hibernate.SQL                        : select count(o1_0.id) from owners o1_0 where o1_0.last_name like ? escape '\'
2026-10-03T22:42:45.035Z DEBUG 16338 --- [o-auto-5-exec-2] org.hibernate.SQL                        : select o1_0.id,o1_0.address,o1_0.city,o1_0.first_name,o1_0.last_name,o1_0.telephone,p1_0.owner_id,p1_0.id,p1_0.birth_date,p1_0.name,t1_0.id,t1_0.name from owners o1_0 left join pets p1_0 on o1_0.id=p1_0.owner_id left join types t1_0 on t1_0.id=p1_0.type_id where o1_0.id=? order by p1_0.name
2026-10-03T22:42:45.037Z DEBUG 16338 --- [o-auto-5-exec-2] org.hibernate.SQL                        : select v1_0.pet_id,v1_0.id,v1_0.visit_date,v1_0.description from visits v1_0 where v1_0.pet_id=? order by v1_0.visit_date
2026-10-03T22:42:45.039Z DEBUG 16338 --- [o-auto-5-exec-2] org.hibernate.SQL                        : select o1_0.id,o1_0.address,o1_0.city,o1_0.first_name,o1_0.last_name,o1_0.telephone,p1_0.owner_id,p1_0.id,p1_0.birth_date,p1_0.name,t1_0.id,t1_0.name from owners o1_0 left join pets p1_0 on o1_0.id=p1_0.owner_id left join types t1_0 on t1_0.id=p1_0.type_id where o1_0.id=? order by p1_0.name
2026-10-03T22:42:45.040Z DEBUG 16338 --- [o-auto-5-exec-2] org.hibernate.SQL                        : select v1_0.pet_id,v1_0.id,v1_0.visit_date,v1_0.description from visits v1_0 where v1_0.pet_id=? order by v1_0.visit_date
[INFO] Tests run: 3, Failures: 0, Errors: 0, Skipped: 0, Time elapsed: 1.195 s -- in org.springframework.samples.petclinic.PetClinicIntegrationTests
[INFO] 
[INFO] Results:
[INFO] 
[INFO] Tests run: 81, Failures: 0, Errors: 0, Skipped: 0
[INFO] 
[INFO] 
[INFO] --- jacoco:0.8.15:report (report) @ spring-petclinic ---
[INFO] Loading execution data file /workspaces/maven-slimming-experiment/work/petclinic/target/jacoco.exec
[INFO] Analyzed bundle 'petclinic' with 22 classes
[INFO] 
[INFO] --- jar:3.5.0:jar (default-jar) @ spring-petclinic ---
[INFO] Downloading from central: https://repo.maven.apache.org/maven2/org/apache/maven/maven-archiver/3.6.5/maven-archiver-3.6.5.pom
[INFO] Downloaded from central: https://repo.maven.apache.org/maven2/org/apache/maven/maven-archiver/3.6.5/maven-archiver-3.6.5.pom (4.7 kB at 197 kB/s)
[INFO] Downloading from central: https://repo.maven.apache.org/maven2/org/apache/maven/shared/maven-shared-components/45/maven-shared-components-45.pom
[INFO] Downloaded from central: https://repo.maven.apache.org/maven2/org/apache/maven/shared/maven-shared-components/45/maven-shared-components-45.pom (3.8 kB at 146 kB/s)
[INFO] Downloading from central: https://repo.maven.apache.org/maven2/org/codehaus/plexus/plexus-archiver/4.10.2/plexus-archiver-4.10.2.pom
[INFO] Downloaded from central: https://repo.maven.apache.org/maven2/org/codehaus/plexus/plexus-archiver/4.10.2/plexus-archiver-4.10.2.pom (7.0 kB at 199 kB/s)
[INFO] Downloading from central: https://repo.maven.apache.org/maven2/org/codehaus/plexus/plexus/23/plexus-23.pom
[INFO] Downloaded from central: https://repo.maven.apache.org/maven2/org/codehaus/plexus/plexus/23/plexus-23.pom (31 kB at 826 kB/s)
[INFO] Downloading from central: https://repo.maven.apache.org/maven2/org/codehaus/plexus/plexus-io/3.5.1/plexus-io-3.5.1.pom
[INFO] Downloaded from central: https://repo.maven.apache.org/maven2/org/codehaus/plexus/plexus-io/3.5.1/plexus-io-3.5.1.pom (4.3 kB at 121 kB/s)
[INFO] Downloading from central: https://repo.maven.apache.org/maven2/commons-codec/commons-codec/1.19.0/commons-codec-1.19.0.pom
[INFO] Downloaded from central: https://repo.maven.apache.org/maven2/commons-codec/commons-codec/1.19.0/commons-codec-1.19.0.pom (18 kB at 643 kB/s)
[INFO] Downloading from central: https://repo.maven.apache.org/maven2/org/apache/commons/commons-lang3/3.18.0/commons-lang3-3.18.0.pom
[INFO] Downloaded from central: https://repo.maven.apache.org/maven2/org/apache/commons/commons-lang3/3.18.0/commons-lang3-3.18.0.pom (32 kB at 1.1 MB/s)
[INFO] Downloading from central: https://repo.maven.apache.org/maven2/io/airlift/aircompressor/0.27/aircompressor-0.27.pom
[INFO] Downloaded from central: https://repo.maven.apache.org/maven2/io/airlift/aircompressor/0.27/aircompressor-0.27.pom (5.8 kB at 151 kB/s)
[INFO] Downloading from central: https://repo.maven.apache.org/maven2/io/airlift/airbase/112/airbase-112.pom
[INFO] Downloaded from central: https://repo.maven.apache.org/maven2/io/airlift/airbase/112/airbase-112.pom (69 kB at 1.8 MB/s)
[INFO] Downloading from central: https://repo.maven.apache.org/maven2/org/junit/junit-bom/5.8.0-M1/junit-bom-5.8.0-M1.pom
[INFO] Downloaded from central: https://repo.maven.apache.org/maven2/org/junit/junit-bom/5.8.0-M1/junit-bom-5.8.0-M1.pom (5.7 kB at 227 kB/s)
[INFO] Downloading from central: https://repo.maven.apache.org/maven2/org/tukaani/xz/1.10/xz-1.10.pom
[INFO] Downloaded from central: https://repo.maven.apache.org/maven2/org/tukaani/xz/1.10/xz-1.10.pom (1.9 kB at 74 kB/s)
[INFO] Downloading from central: https://repo.maven.apache.org/maven2/com/github/luben/zstd-jni/1.5.7-4/zstd-jni-1.5.7-4.pom
[INFO] Downloaded from central: https://repo.maven.apache.org/maven2/com/github/luben/zstd-jni/1.5.7-4/zstd-jni-1.5.7-4.pom (2.0 kB at 44 kB/s)
[INFO] Downloading from central: https://repo.maven.apache.org/maven2/org/codehaus/plexus/plexus-interpolation/1.28/plexus-interpolation-1.28.pom
[INFO] Downloaded from central: https://repo.maven.apache.org/maven2/org/codehaus/plexus/plexus-interpolation/1.28/plexus-interpolation-1.28.pom (3.4 kB at 94 kB/s)
[INFO] Downloading from central: https://repo.maven.apache.org/maven2/org/codehaus/plexus/plexus/20/plexus-20.pom
[INFO] Downloaded from central: https://repo.maven.apache.org/maven2/org/codehaus/plexus/plexus/20/plexus-20.pom (29 kB at 679 kB/s)
[INFO] Downloading from central: https://repo.maven.apache.org/maven2/org/codehaus/plexus/plexus-archiver/4.10.4/plexus-archiver-4.10.4.pom
[INFO] Downloaded from central: https://repo.maven.apache.org/maven2/org/codehaus/plexus/plexus-archiver/4.10.4/plexus-archiver-4.10.4.pom (5.6 kB at 217 kB/s)
[INFO] Downloading from central: https://repo.maven.apache.org/maven2/org/codehaus/plexus/plexus-io/3.6.0/plexus-io-3.6.0.pom
[INFO] Downloaded from central: https://repo.maven.apache.org/maven2/org/codehaus/plexus/plexus-io/3.6.0/plexus-io-3.6.0.pom (3.5 kB at 116 kB/s)
[INFO] Downloading from central: https://repo.maven.apache.org/maven2/com/github/luben/zstd-jni/1.5.7-6/zstd-jni-1.5.7-6.pom
[INFO] Downloaded from central: https://repo.maven.apache.org/maven2/com/github/luben/zstd-jni/1.5.7-6/zstd-jni-1.5.7-6.pom (2.0 kB at 63 kB/s)
[INFO] Downloading from central: https://repo.maven.apache.org/maven2/commons-io/commons-io/2.21.0/commons-io-2.21.0.pom
[INFO] Downloaded from central: https://repo.maven.apache.org/maven2/commons-io/commons-io/2.21.0/commons-io-2.21.0.pom (21 kB at 549 kB/s)
[INFO] Downloading from central: https://repo.maven.apache.org/maven2/org/apache/commons/commons-parent/91/commons-parent-91.pom
[INFO] Downloaded from central: https://repo.maven.apache.org/maven2/org/apache/commons/commons-parent/91/commons-parent-91.pom (79 kB at 2.6 MB/s)
[INFO] Downloading from central: https://repo.maven.apache.org/maven2/org/apache/maven/maven-archiver/3.6.5/maven-archiver-3.6.5.jar
[INFO] Downloaded from central: https://repo.maven.apache.org/maven2/org/apache/maven/maven-archiver/3.6.5/maven-archiver-3.6.5.jar (28 kB at 1.2 MB/s)
[INFO] Downloading from central: https://repo.maven.apache.org/maven2/org/codehaus/plexus/plexus-interpolation/1.28/plexus-interpolation-1.28.jar
[INFO] Downloading from central: https://repo.maven.apache.org/maven2/org/codehaus/plexus/plexus-archiver/4.10.4/plexus-archiver-4.10.4.jar
[INFO] Downloading from central: https://repo.maven.apache.org/maven2/org/codehaus/plexus/plexus-io/3.6.0/plexus-io-3.6.0.jar
[INFO] Downloading from central: https://repo.maven.apache.org/maven2/commons-codec/commons-codec/1.19.0/commons-codec-1.19.0.jar
[INFO] Downloading from central: https://repo.maven.apache.org/maven2/org/apache/commons/commons-lang3/3.18.0/commons-lang3-3.18.0.jar
[INFO] Downloaded from central: https://repo.maven.apache.org/maven2/org/codehaus/plexus/plexus-interpolation/1.28/plexus-interpolation-1.28.jar (87 kB at 3.8 MB/s)
[INFO] Downloading from central: https://repo.maven.apache.org/maven2/io/airlift/aircompressor/0.27/aircompressor-0.27.jar
[INFO] Downloaded from central: https://repo.maven.apache.org/maven2/org/codehaus/plexus/plexus-io/3.6.0/plexus-io-3.6.0.jar (80 kB at 3.1 MB/s)
[INFO] Downloading from central: https://repo.maven.apache.org/maven2/org/tukaani/xz/1.10/xz-1.10.jar
[INFO] Downloaded from central: https://repo.maven.apache.org/maven2/org/apache/commons/commons-lang3/3.18.0/commons-lang3-3.18.0.jar (703 kB at 18 MB/s)
[INFO] Downloading from central: https://repo.maven.apache.org/maven2/com/github/luben/zstd-jni/1.5.7-6/zstd-jni-1.5.7-6.jar
[INFO] Downloaded from central: https://repo.maven.apache.org/maven2/org/codehaus/plexus/plexus-archiver/4.10.4/plexus-archiver-4.10.4.jar (227 kB at 5.2 MB/s)
[INFO] Downloading from central: https://repo.maven.apache.org/maven2/commons-io/commons-io/2.21.0/commons-io-2.21.0.jar
[INFO] Downloaded from central: https://repo.maven.apache.org/maven2/commons-codec/commons-codec/1.19.0/commons-codec-1.19.0.jar (375 kB at 8.0 MB/s)
[INFO] Downloaded from central: https://repo.maven.apache.org/maven2/org/tukaani/xz/1.10/xz-1.10.jar (169 kB at 3.4 MB/s)
[INFO] Downloaded from central: https://repo.maven.apache.org/maven2/io/airlift/aircompressor/0.27/aircompressor-0.27.jar (255 kB at 4.6 MB/s)
[INFO] Downloaded from central: https://repo.maven.apache.org/maven2/commons-io/commons-io/2.21.0/commons-io-2.21.0.jar (585 kB at 8.0 MB/s)
[INFO] Downloaded from central: https://repo.maven.apache.org/maven2/com/github/luben/zstd-jni/1.5.7-6/zstd-jni-1.5.7-6.jar (7.4 MB at 63 MB/s)
[INFO] Building jar: /workspaces/maven-slimming-experiment/work/petclinic/target/spring-petclinic-4.0.0-SNAPSHOT.jar
[INFO] 
[INFO] --- spring-boot:4.1.0:repackage (repackage) @ spring-petclinic ---
[INFO] Replacing main artifact /workspaces/maven-slimming-experiment/work/petclinic/target/spring-petclinic-4.0.0-SNAPSHOT.jar with repackaged archive, adding nested dependencies in BOOT-INF/.
[INFO] The original artifact has been renamed to /workspaces/maven-slimming-experiment/work/petclinic/target/spring-petclinic-4.0.0-SNAPSHOT.jar.original
[INFO] ------------------------------------------------------------------------
[INFO] BUILD SUCCESS
[INFO] ------------------------------------------------------------------------
[INFO] Total time:  02:41 min
[INFO] Finished at: 2026-10-03T22:42:48Z
[INFO] ------------------------------------------------------------------------
